date_added,FHRSID,BusinessName,BusinessType,AddressLine1,AddressLine2,AddressLine3,AddressLine4,PostCode,LocalAuthorityName,RatingValue,RatingDate,SchemeType,NewRatingPending,Latitude,Longitude,AddressSingleLine
2026-09-02,1983390,The College Oak,Pub/bar/nightclub,College Oak Peachcroft Road,Abingdon,Oxon,,OX14 2SB,Vale of White Horse,AwaitingInspection,,FHRS,False,,,"College Oak Peachcroft Road, Abingdon, Oxon, OX14 2SB"
2026-09-02,1983347,The Bull,Pub/bar/nightclub,The Bull Inn Public House,197 Reepham Road,Hellesdon,Norfolk,NR6 5QA,Broadland,AwaitingInspection,,FHRS,False,,,"The Bull Inn Public House, 197 Reepham Road, Hellesdon, Norfolk, NR6 5QA"
2026-09-02,1983349,The Queen Of Hearts,Pub/bar/nightclub,Queen Of Hearts,55 Fakenham Road,Great Witchingham,Norfolk,NR9 5AE,Broadland,AwaitingInspection,,FHRS,False,,,"Queen Of Hearts, 55 Fakenham Road, Great Witchingham, Norfolk, NR9 5AE"
2026-09-02,1983854,The Park Hotel,Pub/bar/nightclub,1 Harwood Lane,Great Harwood,Lancashire,,BB6 7SN,Hyndburn,AwaitingInspection,,FHRS,False,,,"1 Harwood Lane, Great Harwood, Lancashire, BB6 7SN"
2026-09-02,1983366,O'Hanlons Bar/Whitecross Lounge,Pub/bar/nightclub,176 Tullyah Road,Corlat,Belleek,Armagh,BT60 2SN,"Newry, Mourne and Down",AwaitingInspection,,FHRS,True,,,"176 Tullyah Road, Corlat, Belleek, Armagh, BT60 2SN"
2026-09-02,1983867,The Fox - Southsea,Pub/bar/nightclub,11 - 13 Victoria Road South,Southsea,,,PO5 2SP,Portsmouth,AwaitingInspection,,FHRS,False,,,"11 - 13 Victoria Road South, Southsea, PO5 2SP"
2026-09-02,1983524,90's Mix Restobar,Pub/bar/nightclub,Granary Mews,67-71 Church Gate,Leicester,,LE1 3AN,Leicester City,AwaitingInspection,,FHRS,False,,,"Granary Mews, 67-71 Church Gate, Leicester, LE1 3AN"
2026-09-02,1983519,Rocket Room,Pub/bar/nightclub,Unit R4 Highcross,9-11 Highcross Lane,Leicester,,LE1 4SD,Leicester City,AwaitingInspection,,FHRS,False,,,"Unit R4 Highcross, 9-11 Highcross Lane, Leicester, LE1 4SD"
2026-09-02,1983527,The Kings Head,Pub/bar/nightclub,Kings Head,36 King Street,Leicester,,LE1 6RL,Leicester City,AwaitingInspection,,FHRS,False,,,"Kings Head, 36 King Street, Leicester, LE1 6RL"
2026-09-02,1983699,Faraday's Nottingham,Pub/bar/nightclub,,23-27 Victoria Street,,Nottingham,NG1 2EW,Nottingham City,AwaitingInspection,,FHRS,False,,,"23-27 Victoria Street, Nottingham, NG1 2EW"
2026-09-02,103021,Dun Cow,Pub/bar/nightclub,Dun Cow 171 Abbey Foregate,,Shrewsbury,Shropshire,SY2 6AL,Shropshire,4,2024-06-04,FHRS,False,,,"Dun Cow 171 Abbey Foregate, Shrewsbury, Shropshire, SY2 6AL"
2026-09-02,1983568,The Fletton Brick,Pub/bar/nightclub,THE FLETTON BRICK FLETCHER ROAD,,KEMPSTON,,MK42 7FY,Bedford,AwaitingInspection,,FHRS,False,,,"THE FLETTON BRICK FLETCHER ROAD, KEMPSTON, MK42 7FY"
2026-09-02,1983805,Box Bar,Pub/bar/nightclub,Richmond Holiday Centre,Richmond Drive,Skegness,Lincolnshire,PE25 3TQ,East Lindsey,5,2025-10-21,FHRS,False,,,"Richmond Holiday Centre, Richmond Drive, Skegness, Lincolnshire, PE25 3TQ"
2026-09-02,1983804,Marina Bar,Pub/bar/nightclub,Richmond Holiday Centre,Richmond Drive,Skegness,Lincolnshire,PE25 3TQ,East Lindsey,5,2025-10-21,FHRS,False,,,"Richmond Holiday Centre, Richmond Drive, Skegness, Lincolnshire, PE25 3TQ"
2026-09-02,1983482,The Ashby,Pub/bar/nightclub,West Ashby Arms,Main Street,West Ashby,Lincolnshire,LN9 5PT,East Lindsey,5,2026-08-26,FHRS,False,,,"West Ashby Arms, Main Street, West Ashby, Lincolnshire, LN9 5PT"
2026-09-02,1983803,The Marina Stage,Pub/bar/nightclub,Richmond Holiday Centre,Richmond Drive,Skegness,Lincolnshire,PE25 3TQ,East Lindsey,5,2025-10-21,FHRS,False,,,"Richmond Holiday Centre, Richmond Drive, Skegness, Lincolnshire, PE25 3TQ"
2026-09-02,1983409,Wilkes Head,Pub/bar/nightclub,The Wilkes Head Church Lane,,Eastergate,West Sussex,PO20 3UT,Arun,AwaitingInspection,,FHRS,False,,,"The Wilkes Head Church Lane, Eastergate, West Sussex, PO20 3UT"
2026-09-02,1983433,The Lower New Inn,Pub/bar/nightclub,,48 Newport Road,New Inn,Pontypool,NP4 0NU,Torfaen,AwaitingInspection,,FHRS,False,,,"48 Newport Road, New Inn, Pontypool, NP4 0NU"
2026-09-02,1983764,The Windmill Inn,Pub/bar/nightclub,Windmill Inn,Main Street,Linton,Wetherby,LS22 4HT,Leeds,AwaitingInspection,,FHRS,False,,,"Windmill Inn, Main Street, Linton, Wetherby, LS22 4HT"
2026-09-02,1352313,Magna Carta,Pub/bar/nightclub,,4-6 Bournemouth Road,Poole,,BH14 0ES,"Bournemouth, Christchurch and Poole",AwaitingInspection,,FHRS,False,,,"4-6 Bournemouth Road, Poole, BH14 0ES"
2026-09-02,1983464,The Plough Inn,Pub/bar/nightclub,The Plough,46 Bushloe End,Wigston,Leicestershire,LE18 2BA,Oadby and Wigston,AwaitingInspection,,FHRS,False,,,"The Plough, 46 Bushloe End, Wigston, Leicestershire, LE18 2BA"
2026-09-02,1983828,Bolton Arms,Pub/bar/nightclub,Bolton Arms Downholme Village North,,,Downholme,DL11 6AE,North Yorkshire,5,2026-08-21,FHRS,False,,,"Bolton Arms Downholme Village North, Downholme, DL11 6AE"
2026-09-02,1983831,J and A The Greyhound,Pub/bar/nightclub,The Greyhound 82 Main Street,,,York,YO19 6TE,North Yorkshire,AwaitingInspection,,FHRS,False,,,"The Greyhound 82 Main Street, York, YO19 6TE"
2026-09-02,1983839,The Fleece,Pub/bar/nightclub,89 High Street,,,Northallerton,DL7 8PP,North Yorkshire,5,2026-08-27,FHRS,False,,,"89 High Street, Northallerton, DL7 8PP"
2026-09-02,1983433,The Lower New Inn,Pub/bar/nightclub,,48 Newport Road,New Inn,Pontypool,NP4 0NU,Torfaen,AwaitingInspection,,FHRS,False,,,"48 Newport Road, New Inn, Pontypool, NP4 0NU"
2026-09-03,1984215,Lucys Kitchen,Pub/bar/nightclub,LOVEMEAD HOUSE 25 ROUNDSTONE STREET,,TROWBRIDGE,,BA14 8DG,Wiltshire,AwaitingInspection,,FHRS,False,,,"LOVEMEAD HOUSE 25 ROUNDSTONE STREET, TROWBRIDGE, BA14 8DG"
2026-09-03,1984158,"The Piggy Bank, The Ground Floor",Pub/bar/nightclub,THE OLD BANK HOUSE THE STRAND,,CALNE,,,Wiltshire,AwaitingInspection,,FHRS,False,,,"THE OLD BANK HOUSE THE STRAND, CALNE"
2026-09-03,1698295,The Hollybush,Pub/bar/nightclub,Hollybush Inn,35 Corn Street,Witney,Oxfordshire,OX28 6BT,West Oxfordshire,4,2026-04-23,FHRS,False,,,"Hollybush Inn, 35 Corn Street, Witney, Oxfordshire, OX28 6BT"
2026-09-03,1983932,George And Dragon,Pub/bar/nightclub,George And Dragon Inn,28 Beacon Street,Lichfield,Staffordshire,WS13 7AJ,Lichfield,5,2026-08-11,FHRS,False,,,"George And Dragon Inn, 28 Beacon Street, Lichfield, Staffordshire, WS13 7AJ"
2026-09-03,1983939,The Horse & Jockey,Pub/bar/nightclub,Horse And Jockey,Tamworth Road,Lichfield,Staffordshire,WS14 9JE,Lichfield,AwaitingInspection,,FHRS,False,,,"Horse And Jockey, Tamworth Road, Lichfield, Staffordshire, WS14 9JE"
2026-09-03,1983936,The Wych Elm,Pub/bar/nightclub,Bridge Cross Road,Burntwood,Staffordshire,,WS7 2BU,Lichfield,AwaitingInspection,,FHRS,False,,,"Bridge Cross Road, Burntwood, Staffordshire, WS7 2BU"
2026-09-03,1983957,Sweffling White Horse,Pub/bar/nightclub,The White Horse Inn,Low Road,Sweffling,Saxmundham,IP17 2BB,East Suffolk,AwaitingInspection,,FHRS,False,,,"The White Horse Inn, Low Road, Sweffling, Saxmundham, IP17 2BB"
2026-09-03,1983959,The White Hart,Pub/bar/nightclub,White Hart Inn,Station Road,Blythburgh,Halesworth,IP19 9LQ,East Suffolk,AwaitingInspection,,FHRS,False,,,"White Hart Inn, Station Road, Blythburgh, Halesworth, IP19 9LQ"
2026-09-03,1981665,Fat Boy,Pub/bar/nightclub,Oconnors 25 Warwick Street,,Worthing,West Sussex,BN11 3DQ,Worthing,AwaitingInspection,,FHRS,False,,,"Oconnors 25 Warwick Street, Worthing, West Sussex, BN11 3DQ"
2026-09-03,1777076,The Ballon D'or,Pub/bar/nightclub,Lytham Road,Blackpool,,,FY1 6EU,Blackpool,5,2026-08-20,FHRS,False,,,"Lytham Road, Blackpool, FY1 6EU"
2026-09-03,1984029,Catts Gym,Pub/bar/nightclub,Church Drive,Orrell,Wigan,,WN5 8ST,Wigan,Exempt,,FHRS,False,,,"Church Drive, Orrell, Wigan, WN5 8ST"
2026-09-03,1984017,Cropredy Football Club,Pub/bar/nightclub,Cropredy Cricket Club,,Cropredy,Oxfordshire,OX17 1PQ,Cherwell,AwaitingInspection,,FHRS,False,,,"Cropredy Cricket Club, Cropredy, Oxfordshire, OX17 1PQ"
2026-09-03,1983916,Red Lion,Pub/bar/nightclub,,7 High Street,Broughton,North Northamptonshire,NN14 1NF,North Northamptonshire,AwaitingInspection,,FHRS,False,,,"7 High Street, Broughton, North Northamptonshire, NN14 1NF"
2026-09-04,654309,Royal British Legion Club,Pub/bar/nightclub,The Royal British Legion 65 - 67 Hall Lane,,Chingford,London,E4 8HW,Waltham Forest,5,2023-07-05,FHRS,False,,,"The Royal British Legion 65 - 67 Hall Lane, Chingford, London, E4 8HW"
2026-09-04,1984377,The Essex,Pub/bar/nightclub,,237 Two Mile Hill Road,St George,Bristol,BS15 1AY,Bristol,AwaitingInspection,,FHRS,False,,,"237 Two Mile Hill Road, St George, Bristol, BS15 1AY"
2026-09-04,1984254,A1 Steam Locomotive,Pub/bar/nightclub,Building 6,A1 Locomotive Trust,9 Bonomi Way,Darlington,DL3 0PY,Darlington,AwaitingInspection,,FHRS,False,,,"Building 6, A1 Locomotive Trust, 9 Bonomi Way, Darlington, DL3 0PY"
2026-09-04,1984256,Arcadia Darlington,Pub/bar/nightclub,In Arcadia,84 Skinnergate,Darlington,,DL3 7LX,Darlington,5,2026-06-03,FHRS,False,,,"In Arcadia, 84 Skinnergate, Darlington, DL3 7LX"
2026-09-04,1984258,"Crafty's Ale,Wine And Whisky House",Pub/bar/nightclub,6 Bucktons Yard,Darlington,,,DL3 7QL,Darlington,AwaitingInspection,,FHRS,False,,,"6 Bucktons Yard, Darlington, DL3 7QL"
2026-09-04,232746,Darlington Railway Athletic,Pub/bar/nightclub,Brinkburn Road,Darlington,,,DL3 9LF,Darlington,5,2024-01-22,FHRS,False,,,"Brinkburn Road, Darlington, DL3 9LF"
2026-09-04,1984266,Monk,Pub/bar/nightclub,8 Clarks Yard,Darlington,,,DL3 7QH,Darlington,AwaitingInspection,,FHRS,False,,,"8 Clarks Yard, Darlington, DL3 7QH"
2026-09-04,1984303,The Cell Bar,Pub/bar/nightclub,The Sessions House Sheep Market,,Spalding,Lincolnshire,PE11 1BB,South Holland,AwaitingInspection,,FHRS,False,,,"The Sessions House Sheep Market, Spalding, Lincolnshire, PE11 1BB"
2026-09-04,1984306,the hole in the wall,Pub/bar/nightclub,1 Hole In The Wall Passage,,Spalding,Lincolnshire,PE11 1SH,South Holland,AwaitingInspection,,FHRS,False,,,"1 Hole In The Wall Passage, Spalding, Lincolnshire, PE11 1SH"
2026-09-04,1984594,The White Hart,Pub/bar/nightclub,White Hart Inn,Church Stile Lane,Woodbury,Exeter,EX5 1HN,East Devon,4,2026-05-21,FHRS,False,,,"White Hart Inn, Church Stile Lane, Woodbury, Exeter, EX5 1HN"
2026-09-04,1984492,The Horses,Pub/bar/nightclub,The Horses,26-28 Ray Street,London,EC1R 3DJ,EC1R 3DJ,Islington,AwaitingInspection,,FHRS,False,,,"The Horses, 26-28 Ray Street, London, EC1R 3DJ, EC1R 3DJ"
2026-09-04,1984574,Brookers Oast,Pub/bar/nightclub,Maidstone Road,Paddock Wood,Tonbridge,Kent,TN12 6PY,Tonbridge and Malling,AwaitingInspection,,FHRS,False,,,"Maidstone Road, Paddock Wood, Tonbridge, Kent, TN12 6PY"
2026-09-04,1984567,The Red Bull,Pub/bar/nightclub,1 Mackenders Lane,Eccles,Aylesford,Kent,ME20 7HX,Tonbridge and Malling,AwaitingInspection,,FHRS,False,,,"1 Mackenders Lane, Eccles, Aylesford, Kent, ME20 7HX"
2026-09-04,1984445,Grey Horses Inn,Pub/bar/nightclub,The Grey Horses Inn,The Cross,Carlton In Lindrick,Nottinghamshire,S81 9EW,Bassetlaw,5,2026-08-11,FHRS,False,,,"The Grey Horses Inn, The Cross, Carlton In Lindrick, Nottinghamshire, S81 9EW"
2026-09-04,186688,Regent (The),Pub/bar/nightclub,,18-20 Regent Street,Weston-Super-Mare,,BS23 1SQ,North Somerset,5,2025-12-18,FHRS,False,,,"18-20 Regent Street, Weston-Super-Mare, BS23 1SQ"
2026-09-04,1984341,The Ship And Castle,Pub/bar/nightclub,1 - 2 The Hard,Portsmouth,,,PO1 3PU,Portsmouth,AwaitingInspection,,FHRS,False,,,"1 - 2 The Hard, Portsmouth, PO1 3PU"
2026-09-05,1984992,Dog & Doublet,Pub/bar/nightclub,2 North Street,Wolverhampton,West Midlands,,,Wolverhampton,AwaitingInspection,,FHRS,False,,,"2 North Street, Wolverhampton, West Midlands"
2026-09-05,1984934,The Gate Hangs Well,Pub/bar/nightclub,,250 Fosse Way,,Syston,LE7 1NH,Charnwood,5,2026-08-20,FHRS,False,,,"250 Fosse Way, Syston, LE7 1NH"
2026-09-05,1984680,The Red Lion,Pub/bar/nightclub,Rutland Square,Bakewell,Derbyshire,,DE45 1BT,Derbyshire Dales,3,2025-04-09,FHRS,False,,,"Rutland Square, Bakewell, Derbyshire, DE45 1BT"
2026-09-05,559917,Abercamlais Arms,Pub/bar/nightclub,Sennybridge,Brecon,Powys,,LD3 8PH,Powys,AwaitingInspection,,FHRS,False,,,"Sennybridge, Brecon, Powys, LD3 8PH"
2026-09-05,1984839,The See Ho,Pub/bar/nightclub,Pear Tree Lane,Shorne,Gravesend,Kent,DA12 3JX,Gravesham,5,2026-09-03,FHRS,False,,,"Pear Tree Lane, Shorne, Gravesend, Kent, DA12 3JX"
2026-09-05,1984796,The Crown Inn,Pub/bar/nightclub,7 Debdale Hill,Old Dalby,Melton Mowbray,,LE14 3LF,Melton,AwaitingInspection,,FHRS,True,,,"7 Debdale Hill, Old Dalby, Melton Mowbray, LE14 3LF"
2026-09-05,1984752,The White Hart,Pub/bar/nightclub,2 Thorpe End,Melton Mowbray,,,LE13 1RB,Melton,AwaitingInspection,,FHRS,True,,,"2 Thorpe End, Melton Mowbray, LE13 1RB"
2026-09-05,1423531,Bar 37 - Art Space,Pub/bar/nightclub,,37 King Street,Great Yarmouth,Norfolk,NR30 2PN,Great Yarmouth,5,2023-03-31,FHRS,False,,,"37 King Street, Great Yarmouth, Norfolk, NR30 2PN"
2026-09-05,1984958,The Dunes,Pub/bar/nightclub,,South Beach Parade,Great Yarmouth,Norfolk,NR30 3DD,Great Yarmouth,AwaitingInspection,,FHRS,False,,,"South Beach Parade, Great Yarmouth, Norfolk, NR30 3DD"
2026-09-05,1984896,Plough (Dover),Pub/bar/nightclub,The Plough Inn Beefeater Folkestone Road,,Church Hougham,Kent,CT15 7AB,Dover,AwaitingInspection,,FHRS,False,,,"The Plough Inn Beefeater Folkestone Road, Church Hougham, Kent, CT15 7AB"
2026-09-05,1984997,THE OWLET'S BAR NEWCASTLE UNDER LYME,Pub/bar/nightclub,,15 London Road,Newcastle Under Lyme,Staffordshire,ST5 1LQ,Newcastle-Under-Lyme,AwaitingInspection,,FHRS,False,,,"15 London Road, Newcastle Under Lyme, Staffordshire, ST5 1LQ"
2026-09-05,559917,Tafarn Abercamlais Arms,Pub/bar/nightclub,Pont Senni,Aberhonddu,Powys,,LD3 8PH,Powys,AwaitingInspection,,FHRS,False,,,"Pont Senni, Aberhonddu, Powys, LD3 8PH"
2026-09-05,1984851,Bar 51,Pub/bar/nightclub,,,,,,South Ribble,AwaitingInspection,,FHRS,False,,,
2026-09-05,1984671,The Coach House,Pub/bar/nightclub,32 church street Paignton,,,,TQ33AG,Torbay,AwaitingInspection,,FHRS,False,,,"32 church street Paignton, TQ33AG"
2026-09-05,1984946,The Portobello Bar,Pub/bar/nightclub,187 Portobello High Street,Edinburgh,,,EH15 1EU,Edinburgh (City of),Awaiting Inspection,2026-09-03,FHIS,False,,,"187 Portobello High Street, Edinburgh, EH15 1EU"
2026-09-05,1984792,Gore Court Sports Club,Pub/bar/nightclub,Gore Court Cricket Club,The Grove Park,London Road,Sittingbourne,ME10 1YT,Swale,AwaitingInspection,,FHRS,False,,,"Gore Court Cricket Club, The Grove Park, London Road, Sittingbourne, ME10 1YT"
2026-09-08,1985265,The Hand And Flowers,Pub/bar/nightclub,15 Queen St,15 Queen Street,Maidenhead,,SL6 1NB,Windsor and Maidenhead,AwaitingInspection,,FHRS,False,,,"15 Queen St, 15 Queen Street, Maidenhead, SL6 1NB"
2026-09-08,1985047,The Chapel Park Public House,Pub/bar/nightclub,The Chapel Park Hartburn Drive,,Newcastle Upon Tyne,,NE5 1TE,Newcastle Upon Tyne,AwaitingInspection,,FHRS,False,,,"The Chapel Park Hartburn Drive, Newcastle Upon Tyne, NE5 1TE"
2026-09-08,1985365,Navigation Inn,Pub/bar/nightclub,Stratford Road,Wootton Wawen,Henley-in-Arden,,B95 6BZ,Stratford-on-Avon,AwaitingInspection,,FHRS,False,,,"Stratford Road, Wootton Wawen, Henley-in-Arden, B95 6BZ"
2026-09-08,1985368,The Bell,Pub/bar/nightclub,The Green,Tanworth-in-Arden,Solihull,,B94 5AL,Stratford-on-Avon,AwaitingInspection,,FHRS,False,,,"The Green, Tanworth-in-Arden, Solihull, B94 5AL"
2026-09-08,1985166,Cleddau Brewing Co. The Taproom,Pub/bar/nightclub,Unit 1 Barrallier House Nelson Quay,,Milford Haven,Pembrokeshire,SA73 3AA,Sir Benfro,AwaitingInspection,,FHRS,False,,,"Unit 1 Barrallier House Nelson Quay, Milford Haven, Pembrokeshire, SA73 3AA"
2026-09-08,1985157,Grass Roots Campling & Glamping / grass roots caravan and glamping,Pub/bar/nightclub,Grass Roots Caravan And Glamping Main Road,Waterston,Milford Haven,Pembrokeshire,SA73 1DU,Sir Benfro,AwaitingInspection,,FHRS,False,,,"Grass Roots Caravan And Glamping Main Road, Waterston, Milford Haven, Pembrokeshire, SA73 1DU"
2026-09-08,1985205,True Lovers Knot,Pub/bar/nightclub,True Lovers Knot Wimborne Road,,Tarrant Keyneston,Dorset,DT11 9JG,Dorset,AwaitingInspection,,FHRS,False,,,"True Lovers Knot Wimborne Road, Tarrant Keyneston, Dorset, DT11 9JG"
2026-09-08,1985317,Molly Malones,Pub/bar/nightclub,,1 Wind Street,,City Centre,SA1 1DE,Swansea,AwaitingInspection,,FHRS,False,,,"1 Wind Street, City Centre, SA1 1DE"
2026-09-08,1985300,The Westbourne,Pub/bar/nightclub,,1 Brynymor Road,,Brynmill,SA1 4JQ,Swansea,AwaitingInspection,,FHRS,True,,,"1 Brynymor Road, Brynmill, SA1 4JQ"
2026-09-08,1985166,Cleddau Brewing Co. The Taproom,Pub/bar/nightclub,Unit 1 Barrallier House Nelson Quay,,Milford Haven,Pembrokeshire,SA73 3AA,Pembrokeshire,AwaitingInspection,,FHRS,False,,,"Unit 1 Barrallier House Nelson Quay, Milford Haven, Pembrokeshire, SA73 3AA"
2026-09-08,1985157,Grass Roots Campling & Glamping / grass roots caravan and glamping,Pub/bar/nightclub,Grass Roots Caravan And Glamping Main Road,Waterston,Milford Haven,Pembrokeshire,SA73 1DU,Pembrokeshire,AwaitingInspection,,FHRS,False,,,"Grass Roots Caravan And Glamping Main Road, Waterston, Milford Haven, Pembrokeshire, SA73 1DU"
2026-09-08,1967400,Barn in the Fells Ltd,Pub/bar/nightclub,Rydal Farm,Rydal Road,,Ambleside,LA22 9PN,Westmorland and Furness,AwaitingInspection,,FHRS,False,,,"Rydal Farm, Rydal Road, Ambleside, LA22 9PN"
2026-09-08,299483,Ship Inn Go Ltd,Pub/bar/nightclub,Ship Inn,Main Street,,Greenodd,LA12 7QZ,Westmorland and Furness,AwaitingInspection,,FHRS,False,,,"Ship Inn, Main Street, Greenodd, LA12 7QZ"
2026-09-08,299232,The Punch Bowl,Pub/bar/nightclub,Punch Bowl Hotel,Barrows Green,,Kendal,LA8 0AA,Westmorland and Furness,3,2026-06-05,FHRS,False,,,"Punch Bowl Hotel, Barrows Green, Kendal, LA8 0AA"
2026-09-08,299400,The Whistling Pig Northern Monkeys Inns Ltd,Pub/bar/nightclub,,Ashes Lane,,Plantation Bridge,LA8 9JS,Westmorland and Furness,4,2026-06-18,FHRS,False,,,"Ashes Lane, Plantation Bridge, LA8 9JS"
2026-09-08,1985317,Molly Malones,Pub/bar/nightclub,,1 Wind Street,,City Centre,SA1 1DE,Abertawe,AwaitingInspection,,FHRS,False,,,"1 Wind Street, City Centre, SA1 1DE"
2026-09-08,1985300,The Westbourne,Pub/bar/nightclub,,1 Brynymor Road,,Brynmill,SA1 4JQ,Abertawe,AwaitingInspection,,FHRS,True,,,"1 Brynymor Road, Brynmill, SA1 4JQ"
2026-09-08,1985439,Moor Mill,Pub/bar/nightclub,Smug Oak Lane,Bricket Wood,Hertfordshire,,AL2 3PN,St Albans City,AwaitingInspection,,FHRS,False,,,"Smug Oak Lane, Bricket Wood, Hertfordshire, AL2 3PN"
2026-09-08,306283,Sandridge Rovers Football Club,Pub/bar/nightclub,Spencer Hall,High Street,Sandridge,Hertfordshire,AL4 9DD,St Albans City,5,2023-11-26,FHRS,False,,,"Spencer Hall, High Street, Sandridge, Hertfordshire, AL4 9DD"
2026-09-08,1985426,The Horn,Pub/bar/nightclub,The Horn Ph,Victoria Street,St Albans,Hertfordshire,AL1 3TE,St Albans City,5,2026-03-26,FHRS,False,,,"The Horn Ph, Victoria Street, St Albans, Hertfordshire, AL1 3TE"
2026-09-08,1985436,The Raging Ball,Pub/bar/nightclub,Unit 8,Verulam Industrial Estate,London Road,St Albans,AL1 1JB,St Albans City,AwaitingInspection,,FHRS,True,,,"Unit 8, Verulam Industrial Estate, London Road, St Albans, AL1 1JB"
2026-09-08,1985296,The wagon,Pub/bar/nightclub,The Wagon Waggon And Horses,Church Walk,SUDBURY,Suffolk,CO10 1HJ,Babergh,AwaitingInspection,,FHRS,False,,,"The Wagon Waggon And Horses, Church Walk, SUDBURY, Suffolk, CO10 1HJ"
2026-09-08,1984894,Aylesham Welfare Leisure Centre,Pub/bar/nightclub,Aylesham Welfare Leisure Centre Spinney Lane,,Aylesham,Kent,CT3 3BE,Dover,4,2026-08-13,FHRS,False,,,"Aylesham Welfare Leisure Centre Spinney Lane, Aylesham, Kent, CT3 3BE"
2026-09-08,1985024,Meynell Ingram Arms,Pub/bar/nightclub,Meynell Ingram Arms,Abbots Bromley Road,Hoar Cross,Burton upon Trent,DE13 8RB,East Staffordshire,AwaitingInspection,,FHRS,False,,,"Meynell Ingram Arms, Abbots Bromley Road, Hoar Cross, Burton upon Trent, DE13 8RB"
2026-09-08,1985017,The Blythe Inn,Pub/bar/nightclub,Blythe Inn,Booth Lane,The Blythe,Kingstone,ST18 0LT,East Staffordshire,AwaitingInspection,,FHRS,False,,,"Blythe Inn, Booth Lane, The Blythe, Kingstone, ST18 0LT"
2026-09-08,1985292,Log Bar 9,Pub/bar/nightclub,Log Bar,7 Ashton Road,Denton,Tameside,M34 3LF,Tameside,5,2026-08-27,FHRS,False,,,"Log Bar, 7 Ashton Road, Denton, Tameside, M34 3LF"
2026-09-08,1985345,The Secret Garden Drinks Tea Room And Bar,Pub/bar/nightclub,The Secret Garden Drinks Tea Room And Bar,52 Melbourne Street,Stalybridge,Tameside,SK15 2JJ,Tameside,AwaitingInspection,,FHRS,False,,,"The Secret Garden Drinks Tea Room And Bar, 52 Melbourne Street, Stalybridge, Tameside, SK15 2JJ"
2026-09-08,1981870,The Regent,Pub/bar/nightclub,,18-20 Regent Street,Weston-Super-Mare,,BS23 1SQ,North Somerset,AwaitingInspection,,FHRS,False,,,"18-20 Regent Street, Weston-Super-Mare, BS23 1SQ"
2026-09-09,1985610,The Two Suns,Pub/bar/nightclub,,86-90 Gloucester Road,Bishopston,Bristol,BS7 8BN,Bristol,AwaitingInspection,,FHRS,False,,,"86-90 Gloucester Road, Bishopston, Bristol, BS7 8BN"
2026-09-09,1985801,NYLA'S,Pub/bar/nightclub,Bricklebank's Cafe & Bar,14 Stainbeck Lane,Meanwood,Leeds,LS7 3QY,Leeds,AwaitingInspection,,FHRS,False,,,"Bricklebank's Cafe & Bar, 14 Stainbeck Lane, Meanwood, Leeds, LS7 3QY"
2026-09-09,1985449,The Peacock,Pub/bar/nightclub,392 Leeds Road,Huddersfield,,,HD2 1XL,Kirklees,AwaitingInspection,,FHRS,True,,,"392 Leeds Road, Huddersfield, HD2 1XL"
2026-09-09,1985700,Holly Bush,Pub/bar/nightclub,HOLLYBUSH INN MAIN STREET,CHURCH BROUGHTON,DERBY,,DE65 5AS,South Derbyshire,AwaitingInspection,,FHRS,False,,,"HOLLYBUSH INN MAIN STREET, CHURCH BROUGHTON, DERBY, DE65 5AS"
2026-09-09,1985724,The Kings Head,Pub/bar/nightclub,Kings Head Inn,Church Road,,Freiston,PE22 0NT,Boston,AwaitingInspection,,FHRS,False,,,"Kings Head Inn, Church Road, Freiston, PE22 0NT"
2026-09-09,315826,The Liverpool Arms,Pub/bar/nightclub,Liverpool Arms Hotel,St Georges Road,Menai Bridge,Isle Of Anglesey,LL59 5EY,Anglesey,5,2026-08-26,FHRS,False,,,"Liverpool Arms Hotel, St Georges Road, Menai Bridge, Isle Of Anglesey, LL59 5EY"
2026-09-09,315826,Liverpool Arms Hotel,Pub/bar/nightclub,Liverpool Arms Hotel,St Georges Road,Pont Menai,Ynys Môn,LL59 5EY,Ynys Môn,5,2026-08-26,FHRS,False,,,"Liverpool Arms Hotel, St Georges Road, Pont Menai, Ynys Môn, LL59 5EY"
2026-09-09,1985542,Premier Inn,Pub/bar/nightclub,,Coventry Road,,Nuneaton,CV10 7PJ,Nuneaton and Bedworth,AwaitingInspection,,FHRS,False,,,"Coventry Road, Nuneaton, CV10 7PJ"
2026-09-09,1985516,The Sandy Park Inn,Pub/bar/nightclub,Sandy Park Inn,Sandy Park,Chagford,,TQ13 8JW,West Devon,AwaitingInspection,,FHRS,False,,,"Sandy Park Inn, Sandy Park, Chagford, TQ13 8JW"
2026-09-09,1985823,Broomside Park,Pub/bar/nightclub,Broomside Lane Belmont Industrial Estate,,Durham,United Kingdom,DH1 1GG,Durham,AwaitingInspection,,FHRS,False,,,"Broomside Lane Belmont Industrial Estate, Durham, United Kingdom, DH1 1GG"
2026-09-09,1985811,Butchers Arms,Pub/bar/nightclub,BUTCHERS ARMS MIDDLE CHARE,,CHESTER-LE-STREET,,DH3 3QD,Durham,5,2026-09-02,FHRS,False,,,"BUTCHERS ARMS MIDDLE CHARE, CHESTER-LE-STREET, DH3 3QD"
2026-09-09,1985856,Derwent Arms,Pub/bar/nightclub,THE DERWENT ARMS,,EDMUNDBYERS,,DH8 9NL,Durham,AwaitingInspection,,FHRS,False,,,"THE DERWENT ARMS, EDMUNDBYERS, DH8 9NL"
2026-09-09,1985812,The Court,Pub/bar/nightclub,Court Lane,,Durham,,DH1 3AW,Durham,AwaitingInspection,,FHRS,False,,,"Court Lane, Durham, DH1 3AW"
2026-09-09,1985849,The Crook Hotel,Pub/bar/nightclub,56 HOPE STREET,,CROOK,,DL15 9HU,Durham,AwaitingInspection,,FHRS,False,,,"56 HOPE STREET, CROOK, DL15 9HU"
2026-09-09,1985840,The Tipsy Trap,Pub/bar/nightclub,86 BURNLANDS WAY,,PELTON FELL,,DH2 2FQ,Durham,AwaitingInspection,,FHRS,False,,,"86 BURNLANDS WAY, PELTON FELL, DH2 2FQ"
2026-09-09,1985473,The Boat And Horses,Pub/bar/nightclub,Boat And Horses Inn,Trent Road,Beeston,Nottinghamshire,NG9 1LP,Broxtowe,AwaitingInspection,,FHRS,False,,,"Boat And Horses Inn, Trent Road, Beeston, Nottinghamshire, NG9 1LP"
2026-09-09,1985446,The Nab Lab,Pub/bar/nightclub,,35b King Street,Whalley,Clitheroe,BB7 9SP,Ribble Valley,AwaitingInspection,,FHRS,False,,,"35b King Street, Whalley, Clitheroe, BB7 9SP"
2026-09-09,1985720,Kings Head Public House,Pub/bar/nightclub,High Street,Bradwell-On-Sea,Southminster,Essex,CM0 7QL,Maldon,AwaitingInspection,,FHRS,False,,,"High Street, Bradwell-On-Sea, Southminster, Essex, CM0 7QL"
2026-09-09,1985761,Parc and Dare Sports and Social Club,Pub/bar/nightclub,,Sunnybank Terrace,Cwmparc,Treorchy,CF42 6ND,Rhondda Cynon Taf,AwaitingInspection,,FHRS,False,,,"Sunnybank Terrace, Cwmparc, Treorchy, CF42 6ND"
2026-09-09,1985760,Table Table,Pub/bar/nightclub,Pantruthyn Farm,Pencoed Business Park,Pencoed,Bridgend,CF35 5HY,Rhondda Cynon Taf,AwaitingInspection,,FHRS,False,,,"Pantruthyn Farm, Pencoed Business Park, Pencoed, Bridgend, CF35 5HY"
2026-09-09,1985759,The Red Cow,Pub/bar/nightclub,,Llantrisant Road,Tonyrefail,Porth,CF39 8PP,Rhondda Cynon Taf,AwaitingInspection,,FHRS,False,,,"Llantrisant Road, Tonyrefail, Porth, CF39 8PP"
2026-09-09,1985761,Parc and Dare Sports and Social Club,Pub/bar/nightclub,,Sunnybank Terrace,Cwmparc,Treorchy,CF42 6ND,Rhondda Cynon Taf,AwaitingInspection,,FHRS,False,,,"Sunnybank Terrace, Cwmparc, Treorchy, CF42 6ND"
2026-09-09,1985760,Table Table,Pub/bar/nightclub,Pantruthyn Farm,Pencoed Business Park,Pencoed,Bridgend,CF35 5HY,Rhondda Cynon Taf,AwaitingInspection,,FHRS,False,,,"Pantruthyn Farm, Pencoed Business Park, Pencoed, Bridgend, CF35 5HY"
2026-09-09,1985759,The Red Cow,Pub/bar/nightclub,,Llantrisant Road,Tonyrefail,Porth,CF39 8PP,Rhondda Cynon Taf,AwaitingInspection,,FHRS,False,,,"Llantrisant Road, Tonyrefail, Porth, CF39 8PP"
2026-09-10,1955311,The Bootlegger,Pub/bar/nightclub,3-5 BURLEIGH STREET,,LONDON,,WC2E 7PX,Westminster,AwaitingInspection,,FHRS,False,,,"3-5 BURLEIGH STREET, LONDON, WC2E 7PX"
2026-09-10,1056010,The Old Bank,Pub/bar/nightclub,,263 Marine Road Central,Morecambe,Lancashire,LA4 5BU,Lancaster City,AwaitingInspection,,FHRS,False,,,"263 Marine Road Central, Morecambe, Lancashire, LA4 5BU"
2026-09-10,1986257,Esher rugby,Pub/bar/nightclub,Esher Rugby,369 Molesey Road,Walton-On-Thames,Surrey,KT12 3PF,Elmbridge,AwaitingInspection,,FHRS,False,,,"Esher Rugby, 369 Molesey Road, Walton-On-Thames, Surrey, KT12 3PF"
2026-09-10,1986281,The Red Cow,Pub/bar/nightclub,198 Windmill Lane,Cheshunt,Hertfordshire,,EN8 9AF,Broxbourne,AwaitingInspection,,FHRS,False,,,"198 Windmill Lane, Cheshunt, Hertfordshire, EN8 9AF"
2026-09-10,1986305,Camden Arms,Pub/bar/nightclub,13 La Belle Alliance Square,Ramsgate,Kent,,CT11 8HU,Thanet,5,2026-08-27,FHRS,False,,,"13 La Belle Alliance Square, Ramsgate, Kent, CT11 8HU"
2026-09-10,1986304,Chapel House Estate,Pub/bar/nightclub,Thorne Hill,Minster,Kent,,CT12 5DS,Thanet,5,2026-08-20,FHRS,False,,,"Thorne Hill, Minster, Kent, CT12 5DS"
2026-09-10,1986307,Silver Compass Sports Bar,Pub/bar/nightclub,The Silver Compass,34-40 Harbour Street,Ramsgate,Kent,CT11 8HA,Thanet,5,2026-09-03,FHRS,False,,,"The Silver Compass, 34-40 Harbour Street, Ramsgate, Kent, CT11 8HA"
2026-09-10,744598,Kingswood Tavern,Pub/bar/nightclub,Kingswood Tavern,Kingswood Road,,Nuneaton,CV10 8QH,Nuneaton and Bedworth,AwaitingInspection,,FHRS,True,,,"Kingswood Tavern, Kingswood Road, Nuneaton, CV10 8QH"
2026-09-10,1986098,The Junction 18,Pub/bar/nightclub,18 Market Place,Hinckley,Leicestershire,,LE10 1NT,Hinckley and Bosworth,AwaitingInspection,,FHRS,False,,,"18 Market Place, Hinckley, Leicestershire, LE10 1NT"
2026-09-10,1986027,Bees Knees (Cockermouth),Pub/bar/nightclub,7 MAIN STREET,,,COCKERMOUTH,CA13 9LE,Cumberland,AwaitingInspection,,FHRS,False,,,"7 MAIN STREET, COCKERMOUTH, CA13 9LE"
2026-09-10,1985983,The Bell Inn,Pub/bar/nightclub,20 Exeter Road,Cullompton,Devon,,EX15 1ED,Mid Devon,AwaitingInspection,,FHRS,False,,,"20 Exeter Road, Cullompton, Devon, EX15 1ED"
2026-09-10,1985916,Noahs Ark,Pub/bar/nightclub,Noahs Ark Inn,23 Morledge,Derby,,DE1 2AW,Derby City,AwaitingInspection,,FHRS,False,,,"Noahs Ark Inn, 23 Morledge, Derby, DE1 2AW"
2026-09-10,1985915,The Bull & Bush,Pub/bar/nightclub,The Bull And Bush,256 Prince Charles Avenue,Derby,,DE22 4LJ,Derby City,AwaitingInspection,,FHRS,False,,,"The Bull And Bush, 256 Prince Charles Avenue, Derby, DE22 4LJ"
2026-09-10,1985920,The Hoptimist Allestree,Pub/bar/nightclub,,343 - 345 Duffield Road,Derby,,DE22 2DG,Derby City,AwaitingInspection,,FHRS,False,,,"343 - 345 Duffield Road, Derby, DE22 2DG"
2026-09-10,1986092,Wymondham Sports Bar,Pub/bar/nightclub,1 Town Green,Wymondham,Norfolk,,NR18 0PN,South Norfolk,AwaitingInspection,,FHRS,False,,,"1 Town Green, Wymondham, Norfolk, NR18 0PN"
2026-09-10,1986298,Charleston Bar,Pub/bar/nightclub,,83 Charleston Drive,Dundee,,DD2 5SW,Dundee City,Awaiting Inspection,2026-09-09,FHIS,False,,,"83 Charleston Drive, Dundee, DD2 5SW"
2026-09-10,1986299,Malones Dundee,Pub/bar/nightclub,Chamber Of Commerce Buildings,Panmure Street,Dundee,,DD1 1EP,Dundee City,Awaiting Inspection,2026-09-09,FHIS,False,,,"Chamber Of Commerce Buildings, Panmure Street, Dundee, DD1 1EP"
2026-09-10,1986297,Safari & Co,Pub/bar/nightclub,,142 West Marketgait,Dundee,,DD1 1NJ,Dundee City,Awaiting Inspection,2026-09-09,FHIS,False,,,"142 West Marketgait, Dundee, DD1 1NJ"
2026-09-10,1985945,The Sandridge,Pub/bar/nightclub,1 Rowson Street,,New Brighton,Wirral,CH45 5AR,Wirral,5,2026-08-27,FHRS,False,,,"1 Rowson Street, New Brighton, Wirral, CH45 5AR"
2026-09-10,1986266,The Horse & Jockey,Pub/bar/nightclub,125 Watling Street,Caddington,Dunstable,Beds,LU6 3QP,Central Bedfordshire,AwaitingInspection,,FHRS,False,,,"125 Watling Street, Caddington, Dunstable, Beds, LU6 3QP"
2026-09-11,625680,Sidmouth Cricket Club,Pub/bar/nightclub,Sidmouth Cricket Tennis Croquet And Hockey Club,Fortfield Terrace,Sidmouth,,EX10 8NT,East Devon,5,2025-10-28,FHRS,False,,,"Sidmouth Cricket Tennis Croquet And Hockey Club, Fortfield Terrace, Sidmouth, EX10 8NT"
2026-09-11,29582,The Harbour Inn -Buffalo Jills,Pub/bar/nightclub,Harbour Inn,Church Street,Axmouth,Seaton,EX12 4AF,East Devon,5,2024-11-19,FHRS,False,,,"Harbour Inn, Church Street, Axmouth, Seaton, EX12 4AF"
2026-09-11,1986634,Journey Lounge,Pub/bar/nightclub,11 Bull Ring,Wakefield,,,WF1 1HB,Wakefield,AwaitingInspection,,FHRS,False,,,"11 Bull Ring, Wakefield, WF1 1HB"
2026-09-11,1986415,DECANTER,Pub/bar/nightclub,18 Lower Street,Stansted,Essex,,CM24 8LP,Uttlesford,AwaitingInspection,,FHRS,False,,,"18 Lower Street, Stansted, Essex, CM24 8LP"
2026-09-11,1986426,Takeley FC,Pub/bar/nightclub,Takeley Football Club,Station Road,Takeley,Bishops Stortford,CM22 6SQ,Uttlesford,AwaitingInspection,,FHRS,False,,,"Takeley Football Club, Station Road, Takeley, Bishops Stortford, CM22 6SQ"
2026-09-11,1986403,The Ash,Pub/bar/nightclub,Burton End,Stansted,,,CM24 8UQ,Uttlesford,5,2026-06-22,FHRS,False,,,"Burton End, Stansted, CM24 8UQ"
2026-09-11,1986425,The Queens Head Inn,Pub/bar/nightclub,The Queens Head,High Street,Littlebury,Saffron Walden,CB11 4TD,Uttlesford,AwaitingInspection,,FHRS,False,,,"The Queens Head, High Street, Littlebury, Saffron Walden, CB11 4TD"
2026-09-11,1986404,The Starr Inn,Pub/bar/nightclub,The Star Inn,Market Place,Dunmow,,CM6 1AX,Uttlesford,AwaitingInspection,,FHRS,False,,,"The Star Inn, Market Place, Dunmow, CM6 1AX"
2026-09-11,1986448,The White Hart Moreton,Pub/bar/nightclub,The White Hart PH Harlow Road,Moreton,Ongar,Essex,CM5 0LF,Epping Forest,3,2025-02-13,FHRS,False,,,"The White Hart PH Harlow Road, Moreton, Ongar, Essex, CM5 0LF"
2026-09-11,1986490,Flixton Football Club,Pub/bar/nightclub,,Valley Road,Flixton,Manchester,M41 8RQ,Trafford,AwaitingInspection,,FHRS,False,,,"Valley Road, Flixton, Manchester, M41 8RQ"
2026-09-11,1986316,Bricklayers/Tikila,Pub/bar/nightclub,137 Bartholomew Street,,Newbury,West Berkshire,RG14 5HB,West Berkshire,AwaitingInspection,,FHRS,False,,,"137 Bartholomew Street, Newbury, West Berkshire, RG14 5HB"
2026-09-11,1986368,Shoulder Of Mutton,Pub/bar/nightclub,Shoulder Of Mutton,60 Main Street,Foxton,Leicestershire,LE16 7RB,Harborough,AwaitingInspection,,FHRS,True,,,"Shoulder Of Mutton, 60 Main Street, Foxton, Leicestershire, LE16 7RB"
2026-09-11,1986360,The Golden Shield,Pub/bar/nightclub,46 Main Street,Fleckney,Leicestershire,,LE8 8AN,Harborough,5,2026-08-19,FHRS,False,,,"46 Main Street, Fleckney, Leicestershire, LE8 8AN"
2026-09-11,1986364,The Langton Arms,Pub/bar/nightclub,Langton Arms,Main Street,Church Langton,Leicestershire,LE16 7SY,Harborough,AwaitingInspection,,FHRS,True,,,"Langton Arms, Main Street, Church Langton, Leicestershire, LE16 7SY"
2026-09-11,1986529,The Fire Station,Pub/bar/nightclub,150 Waterloo Road,London,,,SE1 8SB,Lambeth,AwaitingInspection,,FHRS,False,,,"150 Waterloo Road, London, SE1 8SB"
2026-09-12,1987216,Thirst Bar,Pub/bar/nightclub,Bull In The Hollow Farm,Leicester Road,,Quorn,LE12 8UE,Charnwood,AwaitingInspection,,FHRS,False,,,"Bull In The Hollow Farm, Leicester Road, Quorn, LE12 8UE"
2026-09-12,1986925,Miners Arms Cuisine,Pub/bar/nightclub,The Miners Arms Ph,2 Mytchett Road,Mytchett,Camberley,GU16 6EZ,Surrey Heath,AwaitingInspection,,FHRS,False,,,"The Miners Arms Ph, 2 Mytchett Road, Mytchett, Camberley, GU16 6EZ"
2026-09-12,1986859,The Manor Farm,Pub/bar/nightclub,The Manor Farm,Mill Lane,Rainhill,,L35 6NE,St Helens,AwaitingInspection,,FHRS,False,,,"The Manor Farm, Mill Lane, Rainhill, L35 6NE"
2026-09-12,1987178,The Glencloy Inn Ltd,Pub/bar/nightclub,1 Bridge Street,Mill Tenement,Ballymena,Antrim,BT44 0ET,Mid and East Antrim,AwaitingInspection,,FHRS,False,,,"1 Bridge Street, Mill Tenement, Ballymena, Antrim, BT44 0ET"
2026-09-12,1986825,Ava’s Bar,Pub/bar/nightclub,1 - 3 Renshaw Street,,Liverpool,,L1 2SB,Liverpool,AwaitingInspection,,FHRS,False,,,"1 - 3 Renshaw Street, Liverpool, L1 2SB"
2026-09-12,1986819,Brownlows Inn,Pub/bar/nightclub,10 Mount Pleasant,,Liverpool,,L3 5RY,Liverpool,AwaitingInspection,,FHRS,False,,,"10 Mount Pleasant, Liverpool, L3 5RY"
2026-09-12,1986837,Pogue Mahone,Pub/bar/nightclub,77 Seel Street,,Liverpool,,L1 4BB,Liverpool,AwaitingInspection,,FHRS,False,,,"77 Seel Street, Liverpool, L1 4BB"
2026-09-12,1986820,Riley’s Bar,Pub/bar/nightclub,16 - 18 Mount Pleasant,,Liverpool,,L3 5RY,Liverpool,AwaitingInspection,,FHRS,False,,,"16 - 18 Mount Pleasant, Liverpool, L3 5RY"
2026-09-12,1986824,Wyld Sauna,Pub/bar/nightclub,Wyld Liverpool 12A Princes Parade,,Liverpool,,L3 1BG,Liverpool,AwaitingInspection,,FHRS,False,,,"Wyld Liverpool 12A Princes Parade, Liverpool, L3 1BG"
2026-09-12,1987109,The Green Man,Pub/bar/nightclub,Green Man Dunsbridge Turnpike,,Shepreth,Cambridgeshire,SG8 6RA,South Cambridgeshire,5,2026-08-20,FHRS,False,,,"Green Man Dunsbridge Turnpike, Shepreth, Cambridgeshire, SG8 6RA"
2026-09-12,1987115,Huntsman of Little Wenlock,Pub/bar/nightclub,Salcombe Wellington Road,Little Wenlock,Telford,Shropshire,TF6 5BH,Telford and Wrekin Council,AwaitingInspection,,FHRS,False,,,"Salcombe Wellington Road, Little Wenlock, Telford, Shropshire, TF6 5BH"
2026-09-12,1986714,The Queens Chew Magna,Pub/bar/nightclub,The Queens Arms,Church Lane,Chew Magna,Bristol,BS40 8RQ,Bath and North East Somerset,5,2026-09-02,FHRS,False,,,"The Queens Arms, Church Lane, Chew Magna, Bristol, BS40 8RQ"
2026-09-12,1986703,The White Hart,Pub/bar/nightclub,White Hart,7 The Island,Midsomer Norton,Bath And North East Somerset,BA3 2HQ,Bath and North East Somerset,5,2026-08-13,FHRS,False,,,"White Hart, 7 The Island, Midsomer Norton, Bath And North East Somerset, BA3 2HQ"
2026-09-12,1986812,The Village Inn,Pub/bar/nightclub,80 Main Street,Witchford,Ely,Cambridgeshire,CB6 2HQ,East Cambridgeshire,AwaitingInspection,,FHRS,False,,,"80 Main Street, Witchford, Ely, Cambridgeshire, CB6 2HQ"
2026-09-12,1986988,Hare And Hounds,Pub/bar/nightclub,Hare And Hounds Inn,32 Commonside Road,Barlow,Dronfield,S18 7SJ,North East Derbyshire,AwaitingInspection,,FHRS,False,,,"Hare And Hounds Inn, 32 Commonside Road, Barlow, Dronfield, S18 7SJ"
2026-09-12,1986729,Foundry Padel Club,Pub/bar/nightclub,Unit A3,Consort Way,Burgess Hill,West Sussex,RH15 9TJ,Mid Sussex,AwaitingInspection,,FHRS,False,,,"Unit A3, Consort Way, Burgess Hill, West Sussex, RH15 9TJ"
2026-09-12,1986717,Rustic Mobile Bars Ltd,Pub/bar/nightclub,The Meridian Hall,East Court,College Lane,East Grinstead,RH19 3LT,Mid Sussex,AwaitingInspection,,FHRS,False,,,"The Meridian Hall, East Court, College Lane, East Grinstead, RH19 3LT"
2026-09-12,1840334,The Waterfront Inn,Pub/bar/nightclub,The Waterfront,Chynance,Portreath,Redruth,TR16 4NL,Cornwall,5,2026-09-08,FHRS,False,,,"The Waterfront, Chynance, Portreath, Redruth, TR16 4NL"
2026-09-12,1987054,Bridgewater Arms,Pub/bar/nightclub,Bridgewater Arms Wem Road,,Harmer Hill,Shropshire,SY4 3DS,Shropshire,AwaitingInspection,,FHRS,False,,,"Bridgewater Arms Wem Road, Harmer Hill, Shropshire, SY4 3DS"
2026-09-12,1987056,Top Boozer Limited,Pub/bar/nightclub,Lodge Inn Vicarage Lane,,Weston Rhyn,Shropshire,SY10 7RG,Shropshire,AwaitingInspection,,FHRS,False,,,"Lodge Inn Vicarage Lane, Weston Rhyn, Shropshire, SY10 7RG"
2026-09-12,1987053,Woodberry Inn,Pub/bar/nightclub,70 Victoria Road,,Bridgnorth,Shropshire,WV16 4LF,Shropshire,AwaitingInspection,,FHRS,False,,,"70 Victoria Road, Bridgnorth, Shropshire, WV16 4LF"
2026-09-12,1987019,The Treddy,Pub/bar/nightclub,85 High Street,Gloucester,,,GL1 4SY,Gloucester City,AwaitingInspection,,FHRS,False,,,"85 High Street, Gloucester, GL1 4SY"
2026-09-12,1987191,SUEDE,Pub/bar/nightclub,,115 High Street,Newcastle Under Lyme,Staffordshire,ST5 1PS,Newcastle-Under-Lyme,AwaitingInspection,,FHRS,False,,,"115 High Street, Newcastle Under Lyme, Staffordshire, ST5 1PS"
2026-09-12,1986776,The Tower Bar,Pub/bar/nightclub,Shunters Bar,3 Sunnyside Road,Coatbridge,North Lanarkshire,ML5 3DG,North Lanarkshire,Awaiting Inspection,,FHIS,False,,,"Shunters Bar, 3 Sunnyside Road, Coatbridge, North Lanarkshire, ML5 3DG"
2026-09-12,1986767,The Hen & Chicken Inn,Pub/bar/nightclub,Hen & Chicken Ryebridge Lane,Upper Froyle,Alton,Hampshire,GU34 4JH,East Hampshire,AwaitingInspection,,FHRS,False,,,"Hen & Chicken Ryebridge Lane, Upper Froyle, Alton, Hampshire, GU34 4JH"
2026-09-12,1986771,The Robin Hood,Pub/bar/nightclub,Robin Hood 26 The Green,,Rowlands Castle,Hampshire,PO9 6AB,East Hampshire,AwaitingInspection,,FHRS,False,,,"Robin Hood 26 The Green, Rowlands Castle, Hampshire, PO9 6AB"
2026-09-12,1986798,Betty Bottle Mill Noir,Pub/bar/nightclub,Houldsworth Business And Arts Centre,Houldsworth Street,North Reddish,Stockport,SK5 6DA,Stockport,AwaitingInspection,,FHRS,False,,,"Houldsworth Business And Arts Centre, Houldsworth Street, North Reddish, Stockport, SK5 6DA"
2026-09-12,1986783,Heaton Social,Pub/bar/nightclub,3 Shaw Road,Heaton Moor,Stockport,,SK4 4AG,Stockport,AwaitingInspection,,FHRS,False,,,"3 Shaw Road, Heaton Moor, Stockport, SK4 4AG"
2026-09-12,1986793,Heaton Social,Pub/bar/nightclub,3 Shaw Road,Heaton Moor,Stockport,,SK4 4AG,Stockport,AwaitingInspection,,FHRS,False,,,"3 Shaw Road, Heaton Moor, Stockport, SK4 4AG"
2026-09-12,1836648,Emma Baker Catering And Events At S'bridge Rugby,Pub/bar/nightclub,Stourbridge Rugby Football Club,Stourton Park,Bridgnorth Road,Stourton,DY7 6QZ,South Staffordshire,5,2025-06-26,FHRS,False,,,"Stourbridge Rugby Football Club, Stourton Park, Bridgnorth Road, Stourton, DY7 6QZ"
2026-09-12,1987070,The Bridge Inn,Pub/bar/nightclub,Marstons Brewery,The Bridge Inn,22 High Green,Brewood,ST19 9BD,South Staffordshire,AwaitingInspection,,FHRS,False,,,"Marstons Brewery, The Bridge Inn, 22 High Green, Brewood, ST19 9BD"
2026-09-12,1987080,The Greyhound Pub,Pub/bar/nightclub,Greyhound Lane,Lower Penn,WOLVERHAMPTON,,WV4 4UN,South Staffordshire,AwaitingInspection,,FHRS,False,,,"Greyhound Lane, Lower Penn, WOLVERHAMPTON, WV4 4UN"
2026-09-12,1987069,The Harrows Inn,Pub/bar/nightclub,Stafford Road,Standeford,WOLVERHAMPTON,,WV10 7BN,South Staffordshire,AwaitingInspection,,FHRS,False,,,"Stafford Road, Standeford, WOLVERHAMPTON, WV10 7BN"
2026-09-12,1966598,The Spice Vault,Pub/bar/nightclub,16 Stafford Road,Newtown,WALSALL,,WS6 6AZ,South Staffordshire,5,2026-09-09,FHRS,False,,,"16 Stafford Road, Newtown, WALSALL, WS6 6AZ"
2026-09-15,1987602,House of Memento Mori,Pub/bar/nightclub,6 GRAPE LANE,,,WHITBY,YO22 4BA,North Yorkshire,AwaitingInspection,,FHRS,False,,,"6 GRAPE LANE, WHITBY, YO22 4BA"
2026-09-15,152086,The Carpenter's Arms,Pub/bar/nightclub,,Usk Road,Mynyddbach,Shirenewton,NP16 6BU,Monmouthshire,AwaitingInspection,,FHRS,True,,,"Usk Road, Mynyddbach, Shirenewton, NP16 6BU"
2026-09-15,1987370,Deptford Lionesses,Pub/bar/nightclub,Evelyn Community Centre,9 Wotton Road,London,,SE8 5TQ,Lewisham,AwaitingInspection,,FHRS,False,,,"Evelyn Community Centre, 9 Wotton Road, London, SE8 5TQ"
2026-09-15,1987354,LYS,Pub/bar/nightclub,50A Turnham Road,London,,,SE4 2JD,Lewisham,AwaitingInspection,,FHRS,False,,,"50A Turnham Road, London, SE4 2JD"
2026-09-15,1987341,LYS,Pub/bar/nightclub,Woodpecker Youth Club,20 Woodpecker Road,London,,SE14 6EU,Lewisham,4,2026-04-17,FHRS,False,,,"Woodpecker Youth Club, 20 Woodpecker Road, London, SE14 6EU"
2026-09-15,1987325,Colliers Arms,Pub/bar/nightclub,66 Park Road,Elland,Calderdale,,HX5 9HZ,Calderdale,AwaitingInspection,,FHRS,False,,,"66 Park Road, Elland, Calderdale, HX5 9HZ"
2026-09-15,1987326,Salts Bar,Pub/bar/nightclub,Salt Room,Salt Warehouse,The Moorings,Sowerby Bridge,HX6 2AG,Calderdale,AwaitingInspection,,FHRS,False,,,"Salt Room, Salt Warehouse, The Moorings, Sowerby Bridge, HX6 2AG"
2026-09-15,1615564,Bexhill Sea Angling Club,Pub/bar/nightclub,Bexhill Sea Angling Club De La Warr Parade,,Bexhill,East Sussex,TN40 1AY,Rother,5,2023-07-24,FHRS,False,,,"Bexhill Sea Angling Club De La Warr Parade, Bexhill, East Sussex, TN40 1AY"
2026-09-15,1987415,Cherry Orchard,Pub/bar/nightclub,Cherry Orchard 5 Chapel Lane,,Chester,Cheshire,CH3 5EN,Cheshire West and Chester,AwaitingInspection,,FHRS,False,,,"Cherry Orchard 5 Chapel Lane, Chester, Cheshire, CH3 5EN"
2026-09-15,1987416,Fully Loaded Grill,Pub/bar/nightclub,Watergate House 85 Watergate Street,,Chester,Cheshire,CH1 2LF,Cheshire West and Chester,AwaitingInspection,,FHRS,False,,,"Watergate House 85 Watergate Street, Chester, Cheshire, CH1 2LF"
2026-09-15,1987238,The royal arms,Pub/bar/nightclub,172 Farnborough Road,,Farnham,,GU9 9AX,Waverley,AwaitingInspection,,FHRS,False,,,"172 Farnborough Road, Farnham, GU9 9AX"
2026-09-15,1987233,The Sandrock,Pub/bar/nightclub,Sandrock Public House Sandrock Hill Road,Wrecclesham,Farnham,Surrey,GU10 4NS,Waverley,AwaitingInspection,,FHRS,False,,,"Sandrock Public House Sandrock Hill Road, Wrecclesham, Farnham, Surrey, GU10 4NS"
2026-09-15,1987241,The Swan Inn,Pub/bar/nightclub,Chiddingfold,,Godalming,,GU8 4TY,Waverley,AwaitingInspection,,FHRS,False,,,"Chiddingfold, Godalming, GU8 4TY"
2026-09-15,1987234,The Wheatsheaf public house Farnham,Pub/bar/nightclub,The Wheatsheaf 19 West Street,,Farnham,Surrey,GU9 7DR,Waverley,AwaitingInspection,,FHRS,True,,,"The Wheatsheaf 19 West Street, Farnham, Surrey, GU9 7DR"
2026-09-15,1987619,The Pier Arms,Pub/bar/nightclub,The Twa Dugs,16 Stuart Street,Millport,North Ayrshire,KA28 0AJ,North Ayrshire,Pass,2026-08-27,FHIS,False,,,"The Twa Dugs, 16 Stuart Street, Millport, North Ayrshire, KA28 0AJ"
2026-09-15,1987473,Big Boys Bar & Restaurant,Pub/bar/nightclub,62 Walsgrave Road,,,Coventry,CV2 4EB,Coventry,AwaitingInspection,,FHRS,False,,,"62 Walsgrave Road, Coventry, CV2 4EB"
2026-09-15,1987218,The Withies inn,Pub/bar/nightclub,Withies Inn Withies Lane,,Compton,Surrey,GU3 1JA,Guildford,AwaitingInspection,,FHRS,False,,,"Withies Inn Withies Lane, Compton, Surrey, GU3 1JA"
2026-09-15,1987225,Thirty3Hz,Pub/bar/nightclub,16 Park Street,,Guildford,Surrey,GU1 4XB,Guildford,AwaitingInspection,,FHRS,False,,,"16 Park Street, Guildford, Surrey, GU1 4XB"
2026-09-15,1987505,Railway Bar,Pub/bar/nightclub,24 Railway Street,Towns Parks,Antrim,Antrim,BT41 4AE,Antrim and Newtownabbey,AwaitingInspection,,FHRS,False,,,"24 Railway Street, Towns Parks, Antrim, Antrim, BT41 4AE"
2026-09-15,1987279,Honey Bee,Pub/bar/nightclub,The Honey Bee Ph,Trenchard Street,Coldharbour,Fairford Leys,HP19 7AA,Buckinghamshire,AwaitingInspection,,FHRS,False,,,"The Honey Bee Ph, Trenchard Street, Coldharbour, Fairford Leys, HP19 7AA"
2026-09-15,1987503,Padel Warehouse 52,Pub/bar/nightclub,Unit N,Riverside Industrial Estate,Atherstone Street,Fazeley,B78 3SD,Lichfield,AwaitingInspection,,FHRS,False,,,"Unit N, Riverside Industrial Estate, Atherstone Street, Fazeley, B78 3SD"
2026-09-15,1987510,The Priory Hotel,Pub/bar/nightclub,Priory Hotel Station Approach Road,,Dover,Kent,CT17 9SB,Dover,AwaitingInspection,,FHRS,True,,,"Priory Hotel Station Approach Road, Dover, Kent, CT17 9SB"
2026-09-15,152086,The Carpenter's Arms,Pub/bar/nightclub,,Usk Road,Mynyddbach,Shirenewton,NP16 6BU,Sir Fynwy,AwaitingInspection,,FHRS,True,,,"Usk Road, Mynyddbach, Shirenewton, NP16 6BU"
2026-09-16,1987721,The Ridge,Pub/bar/nightclub,Windyridge Road,Cheltenham,Gloucestershire,,GL50 4RA,Cheltenham,AwaitingInspection,,FHRS,False,,,"Windyridge Road, Cheltenham, Gloucestershire, GL50 4RA"
2026-09-16,1987700,Standish Cricket Club,Pub/bar/nightclub,Green Lane,Standish,Wigan,,WN6 0TX,Wigan,4,2018-09-01,FHRS,False,,,"Green Lane, Standish, Wigan, WN6 0TX"
2026-09-16,1988110,The Hand and Flower,Pub/bar/nightclub,Ground Floor Saint Andrews House Upper Ham Road,,Ham,Richmond Upon Thames,TW10 5LA,Richmond-Upon-Thames,AwaitingInspection,,FHRS,False,,,"Ground Floor Saint Andrews House Upper Ham Road, Ham, Richmond Upon Thames, TW10 5LA"
2026-09-16,1988115,The Railway Bell,Pub/bar/nightclub,The Railway Bell Station Road Hampton,,,,TW12 2AP,Richmond-Upon-Thames,AwaitingInspection,,FHRS,False,,,"The Railway Bell Station Road Hampton, TW12 2AP"
2026-09-16,1987954,The Plough Inn Allscott,Pub/bar/nightclub,The Plough Inn,Allscott,Telford,Shropshire,TF6 5EG,Telford and Wrekin Council,AwaitingInspection,,FHRS,False,,,"The Plough Inn, Allscott, Telford, Shropshire, TF6 5EG"
2026-09-16,1988061,Queens Head,Pub/bar/nightclub,The Queens Head Inn,Holloway Street,Minehead,Somerset,TA24 5NR,Somerset,4,2026-04-16,FHRS,False,,,"The Queens Head Inn, Holloway Street, Minehead, Somerset, TA24 5NR"
2026-09-16,106079,The Farmers Arms West Hatch,Pub/bar/nightclub,Farmers Arms Inn,,West Hatch,Taunton,TA3 5RS,Somerset,AwaitingInspection,,FHRS,False,,,"Farmers Arms Inn, West Hatch, Taunton, TA3 5RS"
2026-09-16,1648596,106 County Bar,Pub/bar/nightclub,106 High Street,Rishton,Lancashire,,BB1 4LQ,Hyndburn,5,2023-10-31,FHRS,False,53.7683339,-2.416728,"106 High Street, Rishton, Lancashire, BB1 4LQ"
2026-09-16,939180,1B Tap (Wet Sales Only),Pub/bar/nightclub,1b Glebe Street,Great Harwood,Lancashire,,BB6 7AA,Hyndburn,5,2024-02-28,FHRS,False,53.784407,-2.406219,"1b Glebe Street, Great Harwood, Lancashire, BB6 7AA"
2026-09-16,78135,Abbey Hotel - Th'Owd Stables,Pub/bar/nightclub,46 Bank Street,Accrington,,,BB5 1HP,Hyndburn,5,2025-02-19,FHRS,False,53.752245,-2.362475,"46 Bank Street, Accrington, BB5 1HP"
2026-09-16,149601,Accrington & District Golf Club (Wet Sales Only),Pub/bar/nightclub,Devon Avenue,Oswaldtwistle,Accrington,,BB5 4LS,Hyndburn,5,2026-01-30,FHRS,False,53.754321,-2.412374,"Devon Avenue, Oswaldtwistle, Accrington, BB5 4LS"
2026-09-16,100851,Accrington C C Clubhouse,Pub/bar/nightclub,Thorneyholme Road,Accrington,,,BB5 5BD,Hyndburn,4,2025-08-31,FHRS,False,53.765119,-2.358308,"Thorneyholme Road, Accrington, BB5 5BD"
2026-09-16,56572,Accrington Masonic Association,Pub/bar/nightclub,Adelaide Street,Accrington,,,BB5 2BE,Hyndburn,5,2026-03-18,FHRS,False,53.750178,-2.359394,"Adelaide Street, Accrington, BB5 2BE"
2026-09-16,96495,Accrington Town Hall,Pub/bar/nightclub,Blackburn Road,Accrington,,,BB5 1LA,Hyndburn,5,2025-01-23,FHRS,False,53.75327,-2.365244,"Blackburn Road, Accrington, BB5 1LA"
2026-09-16,1941252,AJs Bar,Pub/bar/nightclub,113 Blackburn Road,Accrington,Lancashire,,BB5 1JJ,Hyndburn,4,2026-03-03,FHRS,False,53.752944,-2.366121,"113 Blackburn Road, Accrington, Lancashire, BB5 1JJ"
2026-09-16,1097258,Alma Inn,Pub/bar/nightclub,386-388 Manchester Road,Accrington,Lancashire,,BB5 2QG,Hyndburn,4,2025-12-18,FHRS,False,53.73745,-2.350431,"386-388 Manchester Road, Accrington, Lancashire, BB5 2QG"
2026-09-16,851843,Arden Inn,Pub/bar/nightclub,85 Abbey Street,Accrington,Lancashire,,BB5 1EH,Hyndburn,5,2025-11-04,FHRS,False,53.752051,-2.361123,"85 Abbey Street, Accrington, Lancashire, BB5 1EH"
2026-09-16,72257,Baxenden Cricket Club Clubhouse,Pub/bar/nightclub,Back Lane,Accrington,,,BB5 2RE,Hyndburn,5,2026-07-28,FHRS,False,53.733131,-2.34271,"Back Lane, Accrington, BB5 2RE"
2026-09-16,1557202,Baxenden Village Club,Pub/bar/nightclub,Manchester Road,Accrington,Lancashire,,BB5 2RG,Hyndburn,4,2026-01-15,FHRS,False,53.736519,-2.34871815,"Manchester Road, Accrington, Lancashire, BB5 2RG"
2026-09-16,1097262,Bay Horse Hotel,Pub/bar/nightclub,226 Union Road,Oswaldtwistle,Lancashire,,BB5 3JB,Hyndburn,5,2026-02-20,FHRS,False,53.743193,-2.396587,"226 Union Road, Oswaldtwistle, Lancashire, BB5 3JB"
2026-09-16,1584631,Black Dog,Pub/bar/nightclub,384 Union Road,Oswaldtwistle,Lancashire,,BB5 3NW,Hyndburn,5,2026-02-20,FHRS,False,53.741436,-2.403378,"384 Union Road, Oswaldtwistle, Lancashire, BB5 3NW"
2026-09-16,112880,Bold Street Social Club,Pub/bar/nightclub,80 Bold Street,Accrington,Lancashire,,BB5 6SW,Hyndburn,4,2026-01-29,FHRS,False,53.754688,-2.357127,"80 Bold Street, Accrington, Lancashire, BB5 6SW"
2026-09-16,125422,Broadway,Pub/bar/nightclub,1 Burnley  Road,Accrington,,,BB5 1AR,Hyndburn,5,2024-02-07,FHRS,False,53.755547,-2.364247,"1 Burnley  Road, Accrington, BB5 1AR"
2026-09-16,107833,Burnley Road Subscription Bowling Green  Club,Pub/bar/nightclub,188 Burnley Road,Accrington,,,BB5 6DW,Hyndburn,5,2026-03-23,FHRS,False,53.757487,-2.358713,"188 Burnley Road, Accrington, BB5 6DW"
2026-09-16,105054,Canine Club,Pub/bar/nightclub,45 Abbey Street,Accrington,,,BB5 1EN,Hyndburn,5,2025-01-14,FHRS,False,53.753173,-2.36174,"45 Abbey Street, Accrington, BB5 1EN"
2026-09-16,105188,Church & Oswaldtwistle Cricket Clubhouse,Pub/bar/nightclub,Blackburn Road,Oswaldtwistle,Accrington,,BB5 4LZ,Hyndburn,5,2025-11-11,FHRS,False,53.750311,-2.410272,"Blackburn Road, Oswaldtwistle, Accrington, BB5 4LZ"
2026-09-16,144974,Commercial Hotel - Wet Sales Only,Pub/bar/nightclub,62 Commercial Road,Great Harwood,Blackburn,,BB6 7HX,Hyndburn,5,2024-10-25,FHRS,False,53.785776,-2.410679,"62 Commercial Road, Great Harwood, Blackburn, BB6 7HX"
2026-09-16,107643,Conservative Club - Wet Sales Only,Pub/bar/nightclub,286 Whalley Road,Clayton Le Moors,Accrington,,BB5 5HE,Hyndburn,4,2025-07-18,FHRS,False,53.772497,-2.38207,"286 Whalley Road, Clayton Le Moors, Accrington, BB5 5HE"
2026-09-16,950537,Enfield Cricket Club Social Club (wet sales only),Pub/bar/nightclub,Dill Hall Lane,Church,Accrington,,BB5 4DG,Hyndburn,5,2024-11-26,FHRS,False,53.76556,-2.378579,"Dill Hall Lane, Church, Accrington, BB5 4DG"
2026-09-16,106271,Globe Bowling & Billiards Club,Pub/bar/nightclub,Park Crescent,Accrington,,,BB5 0LW,Hyndburn,4,2025-11-18,FHRS,False,53.74513,-2.372891,"Park Crescent, Accrington, BB5 0LW"
2026-09-16,108442,Grants Bar,Pub/bar/nightclub,1 Manchester Road,Accrington,,,BB5 2BQ,Hyndburn,5,2025-03-05,FHRS,False,53.749961,-2.359726,"1 Manchester Road, Accrington, BB5 2BQ"
2026-09-16,903818,Great Harwood Golf Club (Wet Sales Only),Pub/bar/nightclub,Whalley Road,Great Harwood,Lancashire,,BB6 7TE,Hyndburn,5,2026-01-23,FHRS,False,53.791725,-2.386738,"Whalley Road, Great Harwood, Lancashire, BB6 7TE"
2026-09-16,107872,Green Haworth Golf Clubhouse,Pub/bar/nightclub,Green Haworth,Accrington,,,BB5 3SL,Hyndburn,5,2026-01-03,FHRS,False,53.732169,-2.361135,"Green Haworth, Accrington, BB5 3SL"
2026-09-16,817217,Grey Horse,Pub/bar/nightclub,263 Whalley Road,Accrington,Lancashire,,BB5 5AD,Hyndburn,4,2024-06-24,FHRS,False,53.761694,-2.370307,"263 Whalley Road, Accrington, Lancashire, BB5 5AD"
2026-09-16,1824860,Griffins Head,Pub/bar/nightclub,,,,,,Hyndburn,5,2025-05-01,FHRS,False,,,
2026-09-16,102998,Hare & Hounds,Pub/bar/nightclub,331 Blackburn Road,Oswaldtwistle,Accrington,,BB5 4NQ,Hyndburn,5,2024-11-14,FHRS,False,53.75015,-2.404645,"331 Blackburn Road, Oswaldtwistle, Accrington, BB5 4NQ"
2026-09-16,108591,Immanuel Bowling Ground,Pub/bar/nightclub,New Lane,Oswaldtwistle,Accrington,,BB5 3QY,Hyndburn,5,2024-09-20,FHRS,False,53.736475,-2.403376,"New Lane, Oswaldtwistle, Accrington, BB5 3QY"
2026-09-16,1892317,InSoul Bar,Pub/bar/nightclub,352 Union Road,Oswaldtwistle,Lancashire,,BB5 3DD,Hyndburn,5,2025-12-12,FHRS,False,53.747289,-2.392046,"352 Union Road, Oswaldtwistle, Lancashire, BB5 3DD"
2026-09-16,1424523,John's Snooker and Pool Club,Pub/bar/nightclub,39-43 Abbey Street,Accrington,Lancashire,,,Hyndburn,5,2025-10-29,FHRS,False,53.7528562,-2.3615236,"39-43 Abbey Street, Accrington, Lancashire"
2026-09-16,1808966,Nags Head (Wet Sales Only),Pub/bar/nightclub,78 Blackburn Road,Accrington,Lancashire,,BB5 1LE,Hyndburn,4,2025-01-28,FHRS,False,53.753418,-2.366731,"78 Blackburn Road, Accrington, Lancashire, BB5 1LE"
2026-09-16,1551003,Old England Forever,Pub/bar/nightclub,13-15 Church Street,Clayton-Le-Moors,Lancashire,,BB5 5HT,Hyndburn,5,2025-11-18,FHRS,False,53.7741909,-2.3854383,"13-15 Church Street, Clayton-Le-Moors, Lancashire, BB5 5HT"
2026-09-16,87587,Oswaldtwistle Immanuel Church Cricket & Bowling Club,Pub/bar/nightclub,New Lane,Oswaldtwistle,Lancashire,,BB5 3QN,Hyndburn,5,2025-08-27,FHRS,False,53.7396059,-2.40393455,"New Lane, Oswaldtwistle, Lancashire, BB5 3QN"
2026-09-16,93304,'Oswaldtwistle Social Club',Pub/bar/nightclub,Rhyddings Street,Oswaldtwistle,Accrington,,BB5 3HH,Hyndburn,4,2025-07-15,FHRS,False,53.7438,-2.392681,"Rhyddings Street, Oswaldtwistle, Accrington, BB5 3HH"
2026-09-16,86694,Park View W M Club,Pub/bar/nightclub,Bayley Street,Clayton Le Moors,Accrington,,BB5 5PR,Hyndburn,5,2026-03-25,FHRS,False,53.776882,-2.390684,"Bayley Street, Clayton Le Moors, Accrington, BB5 5PR"
2026-09-16,1584627,Peel Park Hotel,Pub/bar/nightclub,Turkey Street,Accrington,Lancashire,,BB5 6QT,Hyndburn,5,2025-02-19,FHRS,False,53.758231,-2.35464,"Turkey Street, Accrington, Lancashire, BB5 6QT"
2026-09-16,1584629,Rhoden Inn,Pub/bar/nightclub,109 Roe Greave Road,Oswaldtwistle,Lancashire,,BB5 3QF,Hyndburn,5,2025-04-23,FHRS,False,53.738187,-2.399254,"109 Roe Greave Road, Oswaldtwistle, Lancashire, BB5 3QF"
2026-09-16,1617791,Rishton Arms,Pub/bar/nightclub,Station Road,Rishton,Lancashire,,BB1 4HF,Hyndburn,5,2025-06-06,FHRS,False,53.7661781311035,-2.41962003707886,"Station Road, Rishton, Lancashire, BB1 4HF"
2026-09-16,143302,Rishton Conservative Club,Pub/bar/nightclub,Cliff Street,Rishton,Blackburn,,BB1 4EF,Hyndburn,5,2025-11-26,FHRS,False,53.769184,-2.416085,"Cliff Street, Rishton, Blackburn, BB1 4EF"
2026-09-16,907929,Rishton Cricket & Social Club (Wet Sales),Pub/bar/nightclub,Highfield Road,Rishton,Blackburn,,BB1 4HB,Hyndburn,5,2026-03-06,FHRS,False,53.766384,-2.420017,"Highfield Road, Rishton, Blackburn, BB1 4HB"
2026-09-16,90087,Rishton Free Gardeners,Pub/bar/nightclub,Parker Street,Rishton,Blackburn,,BB1 4NT,Hyndburn,4,2025-11-28,FHRS,False,53.770379,-2.410908,"Parker Street, Rishton, Blackburn, BB1 4NT"
2026-09-16,108376,Rishton Golf Club,Pub/bar/nightclub,Hawthorn Drive,Eachill Links,Rishton,,BB1 4HG,Hyndburn,5,2026-01-23,FHRS,False,53.762895,-2.415188,"Hawthorn Drive, Eachill Links, Rishton, BB1 4HG"
2026-09-16,145155,Rishton Workmens Club,Pub/bar/nightclub,22 Commercial Street,Rishton,Lancashire,,BB1 4NB,Hyndburn,4,2026-03-27,FHRS,False,53.7695465087891,-2.41484498977661,"22 Commercial Street, Rishton, Lancashire, BB1 4NB"
2026-09-16,903827,Roebuck Hotel,Pub/bar/nightclub,High Street,Rishton,Lancashire,,BB1 4JZ,Hyndburn,5,2025-11-18,FHRS,False,53.768212,-2.413784,"High Street, Rishton, Lancashire, BB1 4JZ"
2026-09-16,539642,Royal Oak,Pub/bar/nightclub,35 Sparth Road,Clayton Le Moors,Lancashire,,BB5 5QA,Hyndburn,5,2025-09-30,FHRS,False,,,"35 Sparth Road, Clayton Le Moors, Lancashire, BB5 5QA"
2026-09-16,98650,Stanhill Working Mens Club,Pub/bar/nightclub,40a Stanhill Road,Oswaldtwistle,Lancashire,,BB5 4PP,Hyndburn,5,2026-03-13,FHRS,False,53.7450504,-2.4167787,"40a Stanhill Road, Oswaldtwistle, Lancashire, BB5 4PP"
2026-09-16,1097259,Stop & Rest,Pub/bar/nightclub,Fielding Lane,Oswaldtwistle,Lancashire,,BB5 3BE,Hyndburn,4,2026-03-11,FHRS,False,53.739833,-2.387868,"Fielding Lane, Oswaldtwistle, Lancashire, BB5 3BE"
2026-09-16,1926476,Table Six,Pub/bar/nightclub,6 Water Street,Accrington,Lancashire,,BB5 6PX,Hyndburn,5,2026-03-13,FHRS,False,53.7544349,-2.3625533,"6 Water Street, Accrington, Lancashire, BB5 6PX"
2026-09-16,1864261,Tavern Great Harwood,Pub/bar/nightclub,26-28 Church Street,Great Harwood,Lancashire,,BB6 7NF,Hyndburn,5,2025-10-15,FHRS,False,53.786668,-2.407516,"26-28 Church Street, Great Harwood, Lancashire, BB6 7NF"
2026-09-16,1551009,Tempo,Pub/bar/nightclub,Unit 5 Cannon Corner,Accrington,,,BB5 2EN,Hyndburn,5,2025-12-03,FHRS,False,,,"Unit 5 Cannon Corner, Accrington, BB5 2EN"
2026-09-16,764957,The Acorn,Pub/bar/nightclub,Hyndburn Road,Accrington,Lancashire,,BB5 1PY,Hyndburn,5,2026-05-18,FHRS,False,53.756429,-2.372612,"Hyndburn Road, Accrington, Lancashire, BB5 1PY"
2026-09-16,1580089,The Albion,Pub/bar/nightclub,243 Whalley Road,Clayton Le Moors,Lancashire,,BB5 5HD,Hyndburn,5,2025-09-04,FHRS,False,53.7738574,-2.382962,"243 Whalley Road, Clayton Le Moors, Lancashire, BB5 5HD"
2026-09-16,1393373,The Bees Knees,Pub/bar/nightclub,89-95 Blackburn Road,Accrington,Lancashire,,BB5 1JJ,Hyndburn,5,2025-01-07,FHRS,False,53.752943,-2.36612,"89-95 Blackburn Road, Accrington, Lancashire, BB5 1JJ"
2026-09-16,73624,The Brooks Club Ltd (Wet Sales),Pub/bar/nightclub,Infant Street,Accrington,Lancashire,,BB5 1DZ,Hyndburn,5,2026-02-17,FHRS,False,53.753528,-2.363016,"Infant Street, Accrington, Lancashire, BB5 1DZ"
2026-09-16,111510,The Castle Hotel,Pub/bar/nightclub,75 Whalley Road,Accrington,,,BB5 1AS,Hyndburn,3,2026-08-10,FHRS,False,53.755321,-2.364503,"75 Whalley Road, Accrington, BB5 1AS"
2026-09-16,1540537,The Chantry - Wet Sales Only,Pub/bar/nightclub,6-8 Church Street,Great Harwood,Lancashire,,BB6 7NF,Hyndburn,5,2025-10-01,FHRS,False,53.7862607,-2.4076464,"6-8 Church Street, Great Harwood, Lancashire, BB6 7NF"
2026-09-16,111621,'The Commercial Hotel',Pub/bar/nightclub,1 Church Street,Accrington,,,BB5 2EN,Hyndburn,5,2024-12-09,FHRS,False,53.752023,-2.364444,"1 Church Street, Accrington, BB5 2EN"
2026-09-16,927574,The Crown,Pub/bar/nightclub,318 Whalley Road,Clayton Le Moors,Lancashire,,BB5 5QX,Hyndburn,4,2026-07-13,FHRS,False,53.776924,-2.383203,"318 Whalley Road, Clayton Le Moors, Lancashire, BB5 5QX"
2026-09-16,1756458,The Crows Nest,Pub/bar/nightclub,3 Barnes Square,Clayton-Le-Moors,Lancashire,,BB5 5NX,Hyndburn,5,2024-08-20,FHRS,False,53.774662,-2.385231,"3 Barnes Square, Clayton-Le-Moors, Lancashire, BB5 5NX"
2026-09-16,851846,The Forts Arms - Wet Sales Only,Pub/bar/nightclub,Barnes Street,Clayton-Le-Moors,Lancashire,,BB5 5TA,Hyndburn,4,2024-10-08,FHRS,False,53.777818,-2.390131,"Barnes Street, Clayton-Le-Moors, Lancashire, BB5 5TA"
2026-09-16,51235,The Grey Mare Inn PWS,Pub/bar/nightclub,Elton Road,Belthorn,Blackburn,,BB1 2PG,Hyndburn,5,2025-11-28,FHRS,False,53.711777,-2.408049,"Elton Road, Belthorn, Blackburn, BB1 2PG"
2026-09-16,1797595,The Heys Inn,Pub/bar/nightclub,Stone Bridge Lane,Oswaldtwistle,Lancashire,,BB5 3BW,Hyndburn,5,2025-01-22,FHRS,False,53.74116,-2.394476,"Stone Bridge Lane, Oswaldtwistle, Lancashire, BB5 3BW"
2026-09-16,805191,'The Hyndburn Restaurant & Bar',Pub/bar/nightclub,Whalley Road,Clayton Le Moors,Lancashire,,BB5 5SQ,Hyndburn,4,2025-09-25,FHRS,False,53.785828,-2.384255,"Whalley Road, Clayton Le Moors, Lancashire, BB5 5SQ"
2026-09-16,1174874,The Knuzden Tap,Pub/bar/nightclub,35b Windsor Road,Knuzden Brook,Oswaldtwistle,,BB1 2DQ,Hyndburn,5,2026-01-30,FHRS,False,53.7464888,-2.4356929,"35b Windsor Road, Knuzden Brook, Oswaldtwistle, BB1 2DQ"
2026-09-16,1983854,The Park Hotel,Pub/bar/nightclub,1 Harwood Lane,Great Harwood,Lancashire,,BB6 7SN,Hyndburn,AwaitingInspection,,FHRS,False,53.7899488704118,-2.39692897023885,"1 Harwood Lane, Great Harwood, Lancashire, BB6 7SN"
2026-09-16,1393376,The Plough Pub,Pub/bar/nightclub,Queen Street,Great Harwood,Lancashire,,BB6 7AL,Hyndburn,5,2024-03-13,FHRS,False,53.786034,-2.403457,"Queen Street, Great Harwood, Lancashire, BB6 7AL"
2026-09-16,950538,The Poplar Club - Wet Sales Only,Pub/bar/nightclub,Wellington Street,Accrington,Lancashire,,BB5 2NJ,Hyndburn,5,2024-11-22,FHRS,False,53.7503509521484,-2.36471796035767,"Wellington Street, Accrington, Lancashire, BB5 2NJ"
2026-09-16,1487032,The Queens Hotel,Pub/bar/nightclub,31 Eastgate,Accrington,Lancashire,,BB5 6RQ,Hyndburn,5,2025-09-26,FHRS,False,53.7527243,-2.3605367,"31 Eastgate, Accrington, Lancashire, BB5 6RQ"
2026-09-16,1030631,The Stanhill Pub & Kitchen,Pub/bar/nightclub,61 Stanhill Road,Oswaldtwistle,Lancashire,,BB5 4PS,Hyndburn,3,2025-10-29,FHRS,False,53.744808,-2.41598,"61 Stanhill Road, Oswaldtwistle, Lancashire, BB5 4PS"
2026-09-16,1608496,The Stanley,Pub/bar/nightclub,84-86 Blackburn Road,Accrington,Lancashire,,BB5 1LL,Hyndburn,5,2026-05-20,FHRS,False,53.753675,-2.367977,"84-86 Blackburn Road, Accrington, Lancashire, BB5 1LL"
2026-09-16,1025627,The Vault- Wet Sales Only,Pub/bar/nightclub,343 Union Road,Oswaldtwistle,Accrington,,BB5 3HS,Hyndburn,5,2026-03-20,FHRS,False,53.741626739502,-2.40016603469849,"343 Union Road, Oswaldtwistle, Accrington, BB5 3HS"
2026-09-16,1568958,Thorn Inn,Pub/bar/nightclub,1A St James Road,Church,Lancashire,,BB5 4JP,Hyndburn,5,2025-11-18,FHRS,False,53.757105,-2.3937143,"1A St James Road, Church, Lancashire, BB5 4JP"
2026-09-16,1210921,Tiger Lounge,Pub/bar/nightclub,117-119 Abbey Street,Accrington,Lancashire,,BB5 1EH,Hyndburn,5,2026-01-07,FHRS,False,53.7520523071289,-2.36112403869629,"117-119 Abbey Street, Accrington, Lancashire, BB5 1EH"
2026-09-16,1584630,Tinker & Budget,Pub/bar/nightclub,218 Union Road,Oswaldtwistle,Lancashire,,BB5 3JB,Hyndburn,5,2025-10-29,FHRS,False,53.7437331,-2.3957724,"218 Union Road, Oswaldtwistle, Lancashire, BB5 3JB"
2026-09-16,1043904,Tipsy Cow,Pub/bar/nightclub,2 Church Street,Great Harwood,Lancashire,,BB6 7NF,Hyndburn,5,2024-11-08,FHRS,False,53.786668,-2.407516,"2 Church Street, Great Harwood, Lancashire, BB6 7NF"
2026-09-16,1229048,TJ's -The Juniper (Wet Sales Only),Pub/bar/nightclub,4 Blackburn Road,Great Harwood,,,BB6 7DE,Hyndburn,5,2025-06-26,FHRS,False,53.7857699,-2.4085525,"4 Blackburn Road, Great Harwood, BB6 7DE"
2026-09-16,1268334,Victoria Hotel,Pub/bar/nightclub,161 Manchester Road,Accrington,Lancashire,,BB5 2NY,Hyndburn,4,2025-10-27,FHRS,False,53.744349,-2.354825,"161 Manchester Road, Accrington, Lancashire, BB5 2NY"
2026-09-16,1824863,Walmesley Arms,Pub/bar/nightclub,26 Queen Street,Great Harwood,Lancashire,,BB6 7QQ,Hyndburn,5,2025-04-14,FHRS,False,53.786008,-2.405931,"26 Queen Street, Great Harwood, Lancashire, BB6 7QQ"
2026-09-16,1892327,Warner Arms,Pub/bar/nightclub,55-59 Warner Street,Accrington,Lancashire,,BB5 1HN,Hyndburn,5,2025-11-04,FHRS,False,53.752054,-2.363064,"55-59 Warner Street, Accrington, Lancashire, BB5 1HN"
2026-09-16,1242232,West End Arms,Pub/bar/nightclub,83 Thwaites Road,Oswaldtwistle,Lancashire,,BB5 4QG,Hyndburn,2,2026-03-23,FHRS,False,53.7451705932617,-2.40641498565674,"83 Thwaites Road, Oswaldtwistle, Lancashire, BB5 4QG"
2026-09-16,271686,Bottle and Glass,Pub/bar/nightclub,Bottle And Glass,Binfield Heath,Henley-On-Thames Oxon,,RG9 4JT,South Oxfordshire,4,2026-07-01,FHRS,False,,,"Bottle And Glass, Binfield Heath, Henley-On-Thames Oxon, RG9 4JT"
2026-09-16,1987689,The Falcon,Pub/bar/nightclub,The Falcon 1 Thame Park Road,Thame,Oxon,,OX9 3JA,South Oxfordshire,5,2026-09-03,FHRS,False,,,"The Falcon 1 Thame Park Road, Thame, Oxon, OX9 3JA"
2026-09-16,1987685,The Ferryboat,Pub/bar/nightclub,High Street,Whitchurch On Thames,Reading,,RG8 7DB,South Oxfordshire,AwaitingInspection,,FHRS,False,,,"High Street, Whitchurch On Thames, Reading, RG8 7DB"
2026-09-16,1987693,The Sapphire Garden,Pub/bar/nightclub,Peppard Road,Sonning Common,Reading,,RG4 9NP,South Oxfordshire,AwaitingInspection,,FHRS,False,,,"Peppard Road, Sonning Common, Reading, RG4 9NP"
2026-09-16,1987637,The Waystation Also T/a Sacred Dough Pizza Co.,Pub/bar/nightclub,5 Cosy Nook,Thrapston,Kettering,,NN14 4PS,North Northamptonshire,5,2026-09-10,FHRS,False,,,"5 Cosy Nook, Thrapston, Kettering, NN14 4PS"
2026-09-16,1987795,Hollybush Inn,Pub/bar/nightclub,Hollybush Inn Glyn Coed Road,Pentwyn,Cardiff,,CF23 7DX,Caerdydd,AwaitingInspection,,FHRS,False,,,"Hollybush Inn Glyn Coed Road, Pentwyn, Cardiff, CF23 7DX"
2026-09-16,1987782,Ocean Park,Pub/bar/nightclub,Ocean Park Brewers Fayre Keen Road,Splott,Cardiff,,CF24 5JR,Caerdydd,AwaitingInspection,,FHRS,False,,,"Ocean Park Brewers Fayre Keen Road, Splott, Cardiff, CF24 5JR"
2026-09-16,1987677,The Rose and Crown,Pub/bar/nightclub,3 High Street,Ashbury,Swindon,,SN6 8NA,Vale of White Horse,AwaitingInspection,,FHRS,False,,,"3 High Street, Ashbury, Swindon, SN6 8NA"
2026-09-16,748565,The Village Club RAOB,Pub/bar/nightclub,Farcet R A O B Working Mens Club 1 Cross Street,,Farcet,Cambridgeshire,PE7 3DE,Huntingdonshire,AwaitingInspection,,FHRS,True,,,"Farcet R A O B Working Mens Club 1 Cross Street, Farcet, Cambridgeshire, PE7 3DE"
2026-09-16,1987795,Hollybush Inn,Pub/bar/nightclub,Hollybush Inn Glyn Coed Road,Pentwyn,Cardiff,,CF23 7DX,Cardiff,AwaitingInspection,,FHRS,False,,,"Hollybush Inn Glyn Coed Road, Pentwyn, Cardiff, CF23 7DX"
2026-09-16,1987782,Ocean Park,Pub/bar/nightclub,Ocean Park Brewers Fayre Keen Road,Splott,Cardiff,,CF24 5JR,Cardiff,AwaitingInspection,,FHRS,False,,,"Ocean Park Brewers Fayre Keen Road, Splott, Cardiff, CF24 5JR"
2026-09-16,1987856,Food By Howie At Coopers Cask,Pub/bar/nightclub,3 Farm Road,Hove,,,BN3 1FB,Brighton and Hove,AwaitingInspection,,FHRS,False,,,"3 Farm Road, Hove, BN3 1FB"
2026-09-16,1987866,The Hollow Moon,Pub/bar/nightclub,59 Queens Road,Brighton,,,BN1 3XD,Brighton and Hove,AwaitingInspection,,FHRS,False,,,"59 Queens Road, Brighton, BN1 3XD"
2026-09-17,1988484,Avenue Food,Pub/bar/nightclub,Avenue Club And Lodge,Weoley Avenue,Birmingham,,B29 6PS,Birmingham,AwaitingInspection,,FHRS,False,,,"Avenue Club And Lodge, Weoley Avenue, Birmingham, B29 6PS"
2026-09-17,1988518,BIRMINGHAM REP ENTERPRISES LIMITED,Pub/bar/nightclub,Birmingham Repertory Theatre,6 Broad Street,Birmingham,,B1 2EP,Birmingham,AwaitingInspection,,FHRS,False,,,"Birmingham Repertory Theatre, 6 Broad Street, Birmingham, B1 2EP"
2026-09-17,1988507,Dingle social,Pub/bar/nightclub,Dingle Social Club,New Street,Longbridge,Birmingham,B45 0BP,Birmingham,AwaitingInspection,,FHRS,False,,,"Dingle Social Club, New Street, Longbridge, Birmingham, B45 0BP"
2026-09-17,1988391,Mcdwyers,Pub/bar/nightclub,79 Warwick Road,Springfield,Birmingham,,B11 4RD,Birmingham,AwaitingInspection,,FHRS,True,,,"79 Warwick Road, Springfield, Birmingham, B11 4RD"
2026-09-17,1988452,O'Neills New Street,Pub/bar/nightclub,33 Cannon Street,Birmingham,,,B2 5EE,Birmingham,AwaitingInspection,,FHRS,False,,,"33 Cannon Street, Birmingham, B2 5EE"
2026-09-17,1988497,The Crown Club,Pub/bar/nightclub,Royal British Legion Shard End Club,Hurst Lane,Birmingham,,B34 7HP,Birmingham,AwaitingInspection,,FHRS,False,,,"Royal British Legion Shard End Club, Hurst Lane, Birmingham, B34 7HP"
2026-09-17,1988519,The Moseley Arms,Pub/bar/nightclub,Moseley Arms,104-105 Ravenhurst Street,Birmingham,,B12 0HB,Birmingham,AwaitingInspection,,FHRS,False,,,"Moseley Arms, 104-105 Ravenhurst Street, Birmingham, B12 0HB"
2026-09-17,1944153,Highlander Sports Bar & Restaurant,Pub/bar/nightclub,HIGHLANDER SPORTS BAR,61 PRINCES STREET,,PERTH,PH2 8LJ,Perth and Kinross,Awaiting Inspection,2026-05-07,FHIS,False,,,"HIGHLANDER SPORTS BAR, 61 PRINCES STREET, PERTH, PH2 8LJ"
2026-09-17,1988177,Moorgate Catering Company,Pub/bar/nightclub,,Mayfield Rugby Club,Keswick Street,Rochdale,OL11 3AG,Rochdale,AwaitingInspection,,FHRS,False,,,"Mayfield Rugby Club, Keswick Street, Rochdale, OL11 3AG"
2026-09-17,681889,Kearns Memorial Hall,Pub/bar/nightclub,Grenham Bay Avenue,Birchington,Kent,,CT7 9NN,Thanet,5,2026-08-13,FHRS,False,,,"Grenham Bay Avenue, Birchington, Kent, CT7 9NN"
2026-09-17,1988353,The Volunteer,Pub/bar/nightclub,The Volunteer Church Street,Theale,Reading,West Berkshire,RG7 5BX,West Berkshire,AwaitingInspection,,FHRS,False,,,"The Volunteer Church Street, Theale, Reading, West Berkshire, RG7 5BX"
2026-09-17,1988193,Market Tavern,Pub/bar/nightclub,8 Market Square,Sandbach,,Cheshire,CW11 1AT,Cheshire East,5,2026-09-08,FHRS,False,,,"8 Market Square, Sandbach, Cheshire, CW11 1AT"
2026-09-17,1988189,Ye Olde White Lion,Pub/bar/nightclub,Ye Olde White Lion 22 High Street,Congleton,,Cheshire,CW12 1BD,Cheshire East,5,2026-09-11,FHRS,False,,,"Ye Olde White Lion 22 High Street, Congleton, Cheshire, CW12 1BD"
2026-09-17,1988230,Cork & Keys,Pub/bar/nightclub,9 - 11 Market Place,Market Bosworth,Nuneaton,Leicestershire,CV13 0LF,Hinckley and Bosworth,AwaitingInspection,,FHRS,False,,,"9 - 11 Market Place, Market Bosworth, Nuneaton, Leicestershire, CV13 0LF"
2026-09-17,1988235,The Flintlock,Pub/bar/nightclub,68 Roston Drive,Hinckley,Leicestershire,,LE10 0XP,Hinckley and Bosworth,AwaitingInspection,,FHRS,False,,,"68 Roston Drive, Hinckley, Leicestershire, LE10 0XP"
2026-09-17,1988238,The Gate Inn,Pub/bar/nightclub,22 Main Road,Ratcliffe Culey,Atherstone,Leicestershire,CV9 3NY,Hinckley and Bosworth,AwaitingInspection,,FHRS,False,,,"22 Main Road, Ratcliffe Culey, Atherstone, Leicestershire, CV9 3NY"
2026-09-29,1961573,NQ64,Pub/bar/nightclub,ORANGE YARD,,LONDON,,W1D 4AR,Westminster,AwaitingInspection,,FHRS,False,,,"ORANGE YARD, LONDON, W1D 4AR"
2026-09-29,1991919,Barry Rugby Club,Pub/bar/nightclub,Barry Rugby Football Club Merthyr Dyfan Road,,Barry,Vale Of Glamorgan,CF62 9TH,Bro Morgannwg,AwaitingInspection,,FHRS,False,51.420384,-3.271779,"Barry Rugby Football Club Merthyr Dyfan Road, Barry, Vale Of Glamorgan, CF62 9TH"
2026-09-29,1990638,Lobster Sheringham,Pub/bar/nightclub,The Lobster,13 High Street,Sheringham,Norfolk,NR26 8JP,North Norfolk,5,2026-09-14,FHRS,False,52.9447722,1.2124094,"The Lobster, 13 High Street, Sheringham, Norfolk, NR26 8JP"
2026-09-29,1990516,Buffalo Bolos,Pub/bar/nightclub,Earlsdon Avenue North,,,Coventry,CV5 6GN,Coventry,AwaitingInspection,,FHRS,False,,,"Earlsdon Avenue North, Coventry, CV5 6GN"
2026-09-29,1991910,Admiral,Pub/bar/nightclub,Admiral Napier Hotel 239 Cowbridge Road East,Riverside,Cardiff,,CF11 9AL,Caerdydd,AwaitingInspection,,FHRS,False,51.4813282,-3.1998246,"Admiral Napier Hotel 239 Cowbridge Road East, Riverside, Cardiff, CF11 9AL"
2026-09-29,1990076,The Hollybush pub,Pub/bar/nightclub,Hollybush Inn Glyn Coed Road,Pentwyn,Cardiff,,CF23 7DX,Caerdydd,AwaitingInspection,,FHRS,False,51.524049,-3.1550377,"Hollybush Inn Glyn Coed Road, Pentwyn, Cardiff, CF23 7DX"
2026-09-29,1991606,The Slip Inn,Pub/bar/nightclub,Slip Inn,156A Longwood Gate,Longwood,Huddersfield,HD3 4XF,Kirklees,AwaitingInspection,,FHRS,False,53.6492183,-1.8400618,"Slip Inn, 156A Longwood Gate, Longwood, Huddersfield, HD3 4XF"
2026-09-29,973603,Stopsley Working Mens Club Limited,Pub/bar/nightclub,Stopsley Working Mens Club,3 Putteridge Road,,Luton,LU2 8HG,Luton,Exempt,,FHRS,False,51.9028358459473,-0.391250014305115,"Stopsley Working Mens Club, 3 Putteridge Road, Luton, LU2 8HG"
2026-09-29,1991699,George and Dragon,Pub/bar/nightclub,George And Dragon The Street,,Houghton,West Sussex,BN18 9LW,Arun,AwaitingInspection,,FHRS,False,50.8946113586426,-0.552847027778625,"George And Dragon The Street, Houghton, West Sussex, BN18 9LW"
2026-09-29,1991389,The Old Reindeer,Pub/bar/nightclub,The Old Reindeer Public House,Main Street,Edingley,,NG22 8BE,Newark and Sherwood,AwaitingInspection,,FHRS,False,53.0970907,-1.0095858,"The Old Reindeer Public House, Main Street, Edingley, NG22 8BE"
2026-09-29,1021177,Off The Tap,Pub/bar/nightclub,105 High Street,Maidenhead,,,SL6 1EA,Windsor and Maidenhead,5,2024-05-23,FHRS,False,51.522447,-0.723763,"105 High Street, Maidenhead, SL6 1EA"
2026-09-29,1784088,The Dew Drop Inn,Pub/bar/nightclub,Dew Drop Inn,Honey Lane,Hurley,Maidenhead,SL6 6RB,Windsor and Maidenhead,5,2025-03-19,FHRS,False,,,"Dew Drop Inn, Honey Lane, Hurley, Maidenhead, SL6 6RB"
2026-09-29,1784090,The Royal Oak,Pub/bar/nightclub,Knowl Hill Common,Knowl Hill,Reading,,RG10 9YE,Windsor and Maidenhead,1,2025-10-17,FHRS,False,51.507323,-0.811895,"Knowl Hill Common, Knowl Hill, Reading, RG10 9YE"
2026-09-29,1991076,Baglan Sports Bar - Baglan Dragons Football Club,Pub/bar/nightclub,Sports Pavilion,Evans Bevan Playing Fields,Pinewood Terrace,Baglan,SA12 8BG,Neath Port Talbot,5,2026-06-30,FHRS,False,51.6172132,-3.8118835,"Sports Pavilion, Evans Bevan Playing Fields, Pinewood Terrace, Baglan, SA12 8BG"
2026-09-29,1991083,Tonmawr RFC (Pitchside catering),Pub/bar/nightclub,Tonmawr Rugby Football Club Ground,Whitworth Ground,Heol Hamdden,Tonmawr,SA12 9UU,Neath Port Talbot,5,2026-08-11,FHRS,False,,,"Tonmawr Rugby Football Club Ground, Whitworth Ground, Heol Hamdden, Tonmawr, SA12 9UU"
2026-09-29,1989168,The Golden Ball,Pub/bar/nightclub,,15 Tudor Square,Dalton-In-Furness,Cumbria,LA15 8RJ,Westmorland and Furness,AwaitingInspection,,FHRS,False,54.157604,-3.177277,"15 Tudor Square, Dalton-In-Furness, Cumbria, LA15 8RJ"
2026-09-29,1990129,Celeste Bar,Pub/bar/nightclub,5 KINGS WALK KING STREET,,READING,,RG1 2HG,Reading,5,2026-09-04,FHRS,False,51.4545779,-0.9696504,"5 KINGS WALK KING STREET, READING, RG1 2HG"
2026-09-29,1990133,Lola Lo's,Pub/bar/nightclub,126 FRIAR STREET,,READING,,RG1 1EP,Reading,AwaitingInspection,,FHRS,False,51.456478,-0.9739662,"126 FRIAR STREET, READING, RG1 1EP"
2026-09-29,1990147,Lyndhurst Arms,Pub/bar/nightclub,88 QUEENS ROAD,,READING,,,Reading,AwaitingInspection,,FHRS,False,,,"88 QUEENS ROAD, READING"
2026-09-29,1990153,Matchbox,Pub/bar/nightclub,BAR FOUR PH 5-6 FRIAR STREET,,READING,,RG1 1DB,Reading,AwaitingInspection,,FHRS,False,51.45676,-0.9705349,"BAR FOUR PH 5-6 FRIAR STREET, READING, RG1 1DB"
2026-09-29,711955,Medusa,Pub/bar/nightclub,THE ARCHES CLUB ABATTOIRS ROAD,,READING,,RG1 7BL,Reading,AwaitingInspection,,FHRS,False,51.4594596,-0.9769082,"THE ARCHES CLUB ABATTOIRS ROAD, READING, RG1 7BL"
2026-09-29,1990182,Thames Rivercruise,Pub/bar/nightclub,D AND T SCENICS LTD PIPERS ISLAND BRIDGE STREET,CAVERSHAM,READING,,RG4 8AH,Reading,5,2025-10-23,FHRS,False,,,"D AND T SCENICS LTD PIPERS ISLAND BRIDGE STREET, CAVERSHAM, READING, RG4 8AH"
2026-09-29,1990154,The Thirsty Bear,Pub/bar/nightclub,110 KINGS ROAD,,READING,,RG1 3BY,Reading,AwaitingInspection,,FHRS,False,51.4547621,-0.963211,"110 KINGS ROAD, READING, RG1 3BY"
2026-09-29,1990144,Tokyo,Pub/bar/nightclub,WALKABOUT INN PH WISTON TERRACE,,READING,,RG1 1DG,Reading,AwaitingInspection,,FHRS,False,51.4571137,-0.9708724,"WALKABOUT INN PH WISTON TERRACE, READING, RG1 1DG"
2026-09-29,280602,Ukrainian Social Club,Pub/bar/nightclub,21 SIDMOUTH STREET,,READING,,RG1 4QZ,Reading,5,2018-03-12,FHRS,False,51.4520751,-0.963387,"21 SIDMOUTH STREET, READING, RG1 4QZ"
2026-09-29,1990054,The Sugar Loaf,Pub/bar/nightclub,2 Nottingham Road,Ab Kettleby,Melton Mowbray,,LE14 3JB,Melton,AwaitingInspection,,FHRS,False,52.80647,-0.92853,"2 Nottingham Road, Ab Kettleby, Melton Mowbray, LE14 3JB"
2026-09-29,232902,Croft W.M.C.,Pub/bar/nightclub,6 Hurworth Road,Hurworth Place,Darlington,,DL2 2DA,Darlington,2,2026-08-27,FHRS,False,54.482826,-1.5495,"6 Hurworth Road, Hurworth Place, Darlington, DL2 2DA"
2026-09-29,1989458,Emerson Arms,Pub/bar/nightclub,32 Church Row,Hurworth,Darlington,,DL2 2AQ,Darlington,AwaitingInspection,,FHRS,False,54.485459,-1.5231154,"32 Church Row, Hurworth, Darlington, DL2 2AQ"
2026-09-29,177139,Westwood Park Hotel,Pub/bar/nightclub,Salop Road,Welshpool,Powys,,SY21 7EA,Powys,AwaitingInspection,,FHRS,False,52.661039,-3.143999,"Salop Road, Welshpool, Powys, SY21 7EA"
2026-09-29,1990214,405,Pub/bar/nightclub,,405 High Street,Lincoln,Lincolnshire,LN5 7TE,Lincoln City,AwaitingInspection,,FHRS,False,53.2203023,-0.5445078,"405 High Street, Lincoln, Lincolnshire, LN5 7TE"
2026-09-29,1990750,Hatters Bar & Kitchen,Pub/bar/nightclub,153 Heaton Moor Road,Heaton Moor,Stockport,,SK4 4HY,Stockport,AwaitingInspection,,FHRS,False,53.4171274,-2.1893258,"153 Heaton Moor Road, Heaton Moor, Stockport, SK4 4HY"
2026-09-29,1990767,Red Bull,Pub/bar/nightclub,14 Middle Hillgate,Stockport,,,SK1 3AY,Stockport,AwaitingInspection,,FHRS,False,53.40739,-2.154852,"14 Middle Hillgate, Stockport, SK1 3AY"
2026-09-29,1227518,Rising Sun,Pub/bar/nightclub,Buxton Road,Hazel Grove,Stockport,,SK7 6AD,Stockport,5,2021-05-28,FHRS,False,53.374917,-2.112603,"Buxton Road, Hazel Grove, Stockport, SK7 6AD"
2026-09-29,1990762,Skavend,Pub/bar/nightclub,Goyt Mill,Upper Hibbert Lane,Marple,Stockport,SK6 7HX,Stockport,AwaitingInspection,,FHRS,False,53.3853508,-2.0644734,"Goyt Mill, Upper Hibbert Lane, Marple, Stockport, SK6 7HX"
2026-09-29,1988670,Twelve Bells,Pub/bar/nightclub,Little Witcombe,Gloucester,Gloucestershire,,GL3 4SS,Tewkesbury,5,2026-09-09,FHRS,False,51.8394546508789,-2.13969445228577,"Little Witcombe, Gloucester, Gloucestershire, GL3 4SS"
2026-09-29,1991368,Stella Taps,Pub/bar/nightclub,1 Stella Street,,Mansfield,Nottinghamshire,NG18 4AN,Mansfield,AwaitingInspection,,FHRS,False,53.1359179,-1.1961704,"1 Stella Street, Mansfield, Nottinghamshire, NG18 4AN"
2026-09-29,1991076,Baglan Sports Bar - Baglan Dragons Football Club,Pub/bar/nightclub,Sports Pavilion,Evans Bevan Playing Fields,Pinewood Terrace,Baglan,SA12 8BG,Castell-nedd Port Talbot,5,2026-06-30,FHRS,False,51.6172132,-3.8118835,"Sports Pavilion, Evans Bevan Playing Fields, Pinewood Terrace, Baglan, SA12 8BG"
2026-09-29,1991083,Tonmawr RFC (Pitchside catering),Pub/bar/nightclub,Tonmawr Rugby Football Club Ground,Whitworth Ground,Heol Hamdden,Tonmawr,SA12 9UU,Castell-nedd Port Talbot,5,2026-08-11,FHRS,False,,,"Tonmawr Rugby Football Club Ground, Whitworth Ground, Heol Hamdden, Tonmawr, SA12 9UU"
2026-09-29,1989786,The Crown,Pub/bar/nightclub,The Crown North Street,,Winterborne Stickland,Dorset,DT11 0NJ,Dorset,AwaitingInspection,,FHRS,False,50.841480255127,-2.23590397834778,"The Crown North Street, Winterborne Stickland, Dorset, DT11 0NJ"
2026-09-29,1989789,White Hart,Pub/bar/nightclub,White Hart High Street,,Yetminster,Dorset,DT9 6LF,Dorset,5,2026-08-07,FHRS,False,50.8955307006836,-2.5789680480957,"White Hart High Street, Yetminster, Dorset, DT9 6LF"
2026-09-29,1991940,Old Stags Head,Pub/bar/nightclub,The Old Stags Head,65 Church Hill,Wolverhampton,West Midlands,WV4 5JB,Wolverhampton,AwaitingInspection,,FHRS,False,52.5549240112305,-2.15654802322388,"The Old Stags Head, 65 Church Hill, Wolverhampton, West Midlands, WV4 5JB"
2026-09-29,1991849,Hat Tricks Sports Bar,Pub/bar/nightclub,,Vauxhall Holiday Park,Acle New Road,Great Yarmouth,NR30 1TB,Great Yarmouth,AwaitingInspection,,FHRS,False,,,"Vauxhall Holiday Park, Acle New Road, Great Yarmouth, NR30 1TB"
2026-09-29,1991851,V Bar and Lounge,Pub/bar/nightclub,,Vauxhall Holiday Park,Acle New Road,Great Yarmouth,NR30 1TB,Great Yarmouth,AwaitingInspection,,FHRS,False,,,"Vauxhall Holiday Park, Acle New Road, Great Yarmouth, NR30 1TB"
2026-09-29,1991688,The Bootlegger,Pub/bar/nightclub,,47 Park Street,City Centre,Bristol,BS1 5NL,Bristol,AwaitingInspection,,FHRS,False,51.4541754,-2.6027528,"47 Park Street, City Centre, Bristol, BS1 5NL"
2026-09-29,1989845,The George Inn,Pub/bar/nightclub,The George Inn,High Street,Shirehampton,Bristol,BS11 0DP,Bristol,AwaitingInspection,,FHRS,False,51.4892,-2.67511,"The George Inn, High Street, Shirehampton, Bristol, BS11 0DP"
2026-09-29,1991694,The White Harte,Pub/bar/nightclub,White Harte,54-58 Park Row,City Centre,Bristol,BS1 5LH,Bristol,AwaitingInspection,,FHRS,False,51.455293,-2.602576,"White Harte, 54-58 Park Row, City Centre, Bristol, BS1 5LH"
2026-09-29,1991691,Thyme- Bristol South,Pub/bar/nightclub,Premier Inn Hengrove Leisure Park,Hengrove Way,Hartcliffe,Bristol,BS14 0HR,Bristol,AwaitingInspection,,FHRS,False,51.4166278,-2.586689,"Premier Inn Hengrove Leisure Park, Hengrove Way, Hartcliffe, Bristol, BS14 0HR"
2026-09-29,1991630,The Orange Tree,Pub/bar/nightclub,6 Lower Anchor Street,Chelmsford,Essex,,CM2 0AS,Chelmsford,AwaitingInspection,,FHRS,False,51.729148,0.465269,"6 Lower Anchor Street, Chelmsford, Essex, CM2 0AS"
2026-09-29,1989323,Quintrell Inn,Pub/bar/nightclub,North Way,Quintrell Downs,Newquay,Cornwall,TR8 4LA,Cornwall,5,2026-09-11,FHRS,False,50.4044036865234,-5.02767896652222,"North Way, Quintrell Downs, Newquay, Cornwall, TR8 4LA"
2026-09-29,1962636,The Golden Lion,Pub/bar/nightclub,Golden Lion,13 Fore Street,Port Isaac,Cornwall,PL29 3RB,Cornwall,AwaitingInspection,,FHRS,True,50.5923626,-4.8317376,"Golden Lion, 13 Fore Street, Port Isaac, Cornwall, PL29 3RB"
2026-09-29,375631,The Blacksmiths Arms,Pub/bar/nightclub,,56 The Old Village,Huntington,York,YO32 9RB,York,AwaitingInspection,,FHRS,False,53.997718,-1.059307,"56 The Old Village, Huntington, York, YO32 9RB"
2026-09-29,1991119,Brickworx,Pub/bar/nightclub,54 Main Street,Glenboig,North Lanarkshire,,ML5 2QT,North Lanarkshire,Awaiting Inspection,,FHIS,False,55.8934449,-4.0452588,"54 Main Street, Glenboig, North Lanarkshire, ML5 2QT"
2026-09-29,1990441,Lisa Bewick The Ivy House LTD,Pub/bar/nightclub,Ivy House Public House,Worcester Street,Sunderland,,SR2 7AW,Sunderland,AwaitingInspection,,FHRS,False,54.9014375,-1.3877889,"Ivy House Public House, Worcester Street, Sunderland, SR2 7AW"
2026-09-29,1990472,The Canny Lad,Pub/bar/nightclub,12 - 14 Green Terrace,Sunderland,,,SR1 3PZ,Sunderland,AwaitingInspection,,FHRS,False,54.9042381,-1.3889317,"12 - 14 Green Terrace, Sunderland, SR1 3PZ"
2026-09-29,1990463,The Honest Boy,Pub/bar/nightclub,Knoulberry Road,Blackfell,Washington,,NE37 1JN,Sunderland,AwaitingInspection,,FHRS,False,,,"Knoulberry Road, Blackfell, Washington, NE37 1JN"
2026-09-29,1990459,The Railway Inn,Pub/bar/nightclub,Robson Place,Sunderland,,,SR2 0PQ,Sunderland,AwaitingInspection,,FHRS,False,54.86856099,-1.35710216,"Robson Place, Sunderland, SR2 0PQ"
2026-09-29,1990454,The Stackyard,Pub/bar/nightclub,Saint Cuthberts Road,West Herrington,Houghton-le-Spring,,DH4 4NB,Sunderland,AwaitingInspection,,FHRS,False,,,"Saint Cuthberts Road, West Herrington, Houghton-le-Spring, DH4 4NB"
2026-09-29,1990011,Chelston Manor,Pub/bar/nightclub,Chelston Manor Old Mill Road Torquay,,,,TQ2 6HW,Torbay,AwaitingInspection,,FHRS,False,,,"Chelston Manor Old Mill Road Torquay, TQ2 6HW"
2026-09-29,1991994,The Three Elms,Pub/bar/nightclub,28 Drew Street  Brixham,,,,TQ5 9JU,Torbay,5,2026-09-24,FHRS,False,,,"28 Drew Street  Brixham, TQ5 9JU"
2026-09-29,1991163,The Barge,Pub/bar/nightclub,93 High Street,Halberton,Tiverton,Devon,EX16 7AG,Mid Devon,AwaitingInspection,,FHRS,False,50.9066775,-3.4064303,"93 High Street, Halberton, Tiverton, Devon, EX16 7AG"
2026-09-29,1990584,The Old Comical,Pub/bar/nightclub,15 St Johns Road,Sandown,Isle Of Wight,,PO36 8ES,Isle of Wight,AwaitingInspection,,FHRS,False,50.6548652648926,-1.15486598014832,"15 St Johns Road, Sandown, Isle Of Wight, PO36 8ES"
2026-09-29,1499522,The White Horse Inn,Pub/bar/nightclub,White Horse Inn,High Street,Whitwell,Ventnor,PO38 2PY,Isle of Wight,2,2025-06-13,FHRS,False,50.5986251831055,-1.26418900489807,"White Horse Inn, High Street, Whitwell, Ventnor, PO38 2PY"
2026-09-29,1988715,The Kings Arms,Pub/bar/nightclub,Kings Arms Inn,Stockland,Honiton,,EX14 9BS,East Devon,AwaitingInspection,,FHRS,False,50.836551,-3.074628,"Kings Arms Inn, Stockland, Honiton, EX14 9BS"
2026-09-29,1991128,The Plough And Harrow,Pub/bar/nightclub,61 Ely Road,Littleport,Ely,Cambridgeshire,CB6 1HJ,East Cambridgeshire,AwaitingInspection,,FHRS,False,52.446856,0.298792,"61 Ely Road, Littleport, Ely, Cambridgeshire, CB6 1HJ"
2026-09-29,1991919,Barry Rugby Club,Pub/bar/nightclub,Barry Rugby Football Club Merthyr Dyfan Road,,Barry,Vale Of Glamorgan,CF62 9TH,Vale of Glamorgan,AwaitingInspection,,FHRS,False,51.420384,-3.271779,"Barry Rugby Football Club Merthyr Dyfan Road, Barry, Vale Of Glamorgan, CF62 9TH"
2026-09-29,1990420,Carpenters Tavern (The),Pub/bar/nightclub,,Wells Road,Dundry,,BS41 8NE,North Somerset,AwaitingInspection,,FHRS,False,,,"Wells Road, Dundry, BS41 8NE"
2026-09-29,1992603,Crown Inn,Pub/bar/nightclub,,19 Ford Lane,Manchester,,M22 4WE,Manchester,AwaitingInspection,,FHRS,False,,,"19 Ford Lane, Manchester, M22 4WE"
2026-09-29,1821351,Duffy's Bar,Pub/bar/nightclub,,398 Barlow Moor Road,Manchester,,M21 8AD,Manchester,5,2010-05-20,FHRS,False,,,"398 Barlow Moor Road, Manchester, M21 8AD"
2026-09-29,1821337,Factory 251,Pub/bar/nightclub,,116 Princess Street,Manchester,,M1 7EN,Manchester,5,2011-03-30,FHRS,False,,,"116 Princess Street, Manchester, M1 7EN"
2026-09-29,1819333,Gardeners Arms,Pub/bar/nightclub,,Moston Lane,Manchester,,M40 5RZ,Manchester,5,2010-07-06,FHRS,False,,,"Moston Lane, Manchester, M40 5RZ"
2026-09-29,1992606,Levenshulme Manchester,Pub/bar/nightclub,,959 Stockport Road,Manchester,,M19 3NP,Manchester,AwaitingInspection,,FHRS,False,,,"959 Stockport Road, Manchester, M19 3NP"
2026-09-29,1818979,Long Legs Ltd,Pub/bar/nightclub,Basement,46-46A George Street,Manchester,,M1 4HF,Manchester,5,2010-10-21,FHRS,False,,,"Basement, 46-46A George Street, Manchester, M1 4HF"
2026-09-29,1992481,Precinct,Pub/bar/nightclub,,134 OXFORD ROAD,MANCHESTER,,M13 9GP,Manchester,AwaitingInspection,,FHRS,False,,,"134 OXFORD ROAD, MANCHESTER, M13 9GP"
2026-09-29,1818732,Railway Inn,Pub/bar/nightclub,,3 Lapwing Lane,Manchester,,M20 2NT,Manchester,5,2010-08-16,FHRS,False,,,"3 Lapwing Lane, Manchester, M20 2NT"
2026-09-29,1820316,St John's Social Centre,Pub/bar/nightclub,,Chequers Road,Manchester,,M21 9DX,Manchester,4,2010-12-10,FHRS,False,,,"Chequers Road, Manchester, M21 9DX"
2026-09-29,1819320,Star And Garter,Pub/bar/nightclub,,18-20 Fairfield Street,Manchester,,M1 3GF,Manchester,5,2011-03-18,FHRS,False,,,"18-20 Fairfield Street, Manchester, M1 3GF"
2026-09-29,1992440,The Croft NQ Bar & Kitchen,Pub/bar/nightclub,,3 NICHOLAS CROFT,MANCHESTER,,M4 1EY,Manchester,AwaitingInspection,,FHRS,False,,,"3 NICHOLAS CROFT, MANCHESTER, M4 1EY"
2026-09-29,1992526,The New Moston Inn,Pub/bar/nightclub,NEW MOSTON INN,52-54 BELGRAVE ROAD,MANCHESTER,,M40 3ST,Manchester,AwaitingInspection,,FHRS,False,,,"NEW MOSTON INN, 52-54 BELGRAVE ROAD, MANCHESTER, M40 3ST"
2026-09-29,1992599,The Rising Sun,Pub/bar/nightclub,,22 QUEEN STREET,MANCHESTER,,M2 5HX,Manchester,AwaitingInspection,,FHRS,False,,,"22 QUEEN STREET, MANCHESTER, M2 5HX"
2026-09-29,1992462,Village Thai kitchen,Pub/bar/nightclub,SALMON OF KNOWLEDGE,655-657 WILMSLOW ROAD,MANCHESTER,,M20 6RA,Manchester,AwaitingInspection,,FHRS,False,,,"SALMON OF KNOWLEDGE, 655-657 WILMSLOW ROAD, MANCHESTER, M20 6RA"
2026-09-29,1819346,Whalley Range Cricket & Tennis Club,Pub/bar/nightclub,,Kingsbrook Road,Manchester,,M16 8NR,Manchester,4,2026-08-26,FHRS,False,,,"Kingsbrook Road, Manchester, M16 8NR"
2026-09-29,1992378,X&Y PUB COMPANY LIMITED,Pub/bar/nightclub,,1 Croft Bank,Manchester,,M18 8WH,Manchester,AwaitingInspection,,FHRS,False,,,"1 Croft Bank, Manchester, M18 8WH"
2026-09-29,1990629,Hotshots,Pub/bar/nightclub,96 Cathcart Street,Greenock,,,PA15 1BB,Inverclyde,Awaiting Inspection,2026-09-21,FHIS,False,,,"96 Cathcart Street, Greenock, PA15 1BB"
2026-09-29,1989353,The Broad Leys,Pub/bar/nightclub,8 Wendover Road,Aylesbury,Buckinghamshire,,HP21 9LB,Buckinghamshire,AwaitingInspection,,FHRS,False,51.809015,-0.802545,"8 Wendover Road, Aylesbury, Buckinghamshire, HP21 9LB"
2026-09-29,1989359,The Chandos Arms,Pub/bar/nightclub,The Chandos Arm PH,8 The Turnpike,Oakley,Buckinghamshire,HP18 9QB,Buckinghamshire,AwaitingInspection,,FHRS,False,,,"The Chandos Arm PH, 8 The Turnpike, Oakley, Buckinghamshire, HP18 9QB"
2026-09-29,1991564,The Eagle Pub,Pub/bar/nightclub,The Eagle Public House,145 High Street,Amersham,Buckinghamshire,HP7 0DY,Buckinghamshire,AwaitingInspection,,FHRS,False,51.6675834655762,-0.620334029197693,"The Eagle Public House, 145 High Street, Amersham, Buckinghamshire, HP7 0DY"
2026-09-29,1991575,The Garibaldi,Pub/bar/nightclub,11 - 17 High Street,Burnham,Buckinghamshire,,SL1 7JB,Buckinghamshire,AwaitingInspection,,FHRS,False,51.5321866,-0.6583531,"11 - 17 High Street, Burnham, Buckinghamshire, SL1 7JB"
2026-09-29,1989356,The Harrow,Pub/bar/nightclub,4 Cambridge Street,Aylesbury,Buckinghamshire,,HP20 1RS,Buckinghamshire,AwaitingInspection,,FHRS,False,51.817625,-0.811964,"4 Cambridge Street, Aylesbury, Buckinghamshire, HP20 1RS"
2026-09-29,1991768,Bark & Ember,Pub/bar/nightclub,9 St Peters Street,Ipswich,Suffolk,,IP1 1XF,Ipswich,AwaitingInspection,,FHRS,False,52.0542887,1.1533518,"9 St Peters Street, Ipswich, Suffolk, IP1 1XF"
2026-09-29,685459,Swan Theatre -Worcester Theatres Charitable Trust,Pub/bar/nightclub,The Moors,Worcester,,,WR1 3ED,Worcester City,Exempt,,FHRS,False,52.197278,-2.228599,"The Moors, Worcester, WR1 3ED"
2026-09-29,1986551,The Mug House,Pub/bar/nightclub,Claines Lane,Claines,Worcester,,WR3 7RN,Worcester City,AwaitingInspection,,FHRS,False,52.227292,-2.216675,"Claines Lane, Claines, Worcester, WR3 7RN"
2026-09-29,487641,The Roebuck,Pub/bar/nightclub,,Brimfield,,Ludlow,SY8 4NE,Herefordshire,AwaitingInspection,,FHRS,False,52.306756,-2.696121,"Brimfield, Ludlow, SY8 4NE"
2026-09-29,1991267,The Callendar Arms,Pub/bar/nightclub,,1 Callendar Road,,Falkirk,FK1 1XS,Falkirk,Awaiting Inspection,,FHIS,False,55.998318,-3.779238,"1 Callendar Road, Falkirk, FK1 1XS"
2026-09-29,1453260,Bar And Beyond / Daddy's Dim Sum,Pub/bar/nightclub,Basement And Ground Floor,24 - 28 Prince Of Wales Road,Norwich,,NR1 1LG,Norwich City,5,2023-04-01,FHRS,False,52.6296882629395,1.30068600177765,"Basement And Ground Floor, 24 - 28 Prince Of Wales Road, Norwich, NR1 1LG"
2026-09-29,1315247,Blue's NR3 @ The Rosebery,Pub/bar/nightclub,Lord Rosebery,94 Rosebery Road,Norwich,,NR3 3AB,Norwich City,5,2026-09-10,FHRS,False,52.644333,1.296126,"Lord Rosebery, 94 Rosebery Road, Norwich, NR3 3AB"
2026-09-29,1991608,Prince Of Wales - Didis,Pub/bar/nightclub,Ground Floor,8 - 12 Prince Of Wales Road,Norwich,,NR1 1LB,Norwich City,AwaitingInspection,,FHRS,False,52.6295983,1.2993402,"Ground Floor, 8 - 12 Prince Of Wales Road, Norwich, NR1 1LB"
2026-09-29,177139,Westwood Park Hotel,Pub/bar/nightclub,Salop Road,Welshpool,Powys,,SY21 7EA,Powys,AwaitingInspection,,FHRS,False,52.661039,-3.143999,"Salop Road, Welshpool, Powys, SY21 7EA"
2026-09-29,1991021,Mostyn Street ale house,Pub/bar/nightclub,149 Upper Mostyn Street,,Llandudno,Conwy,LL30 2PE,Conwy,AwaitingInspection,,FHRS,False,53.3268761,-3.8325044,"149 Upper Mostyn Street, Llandudno, Conwy, LL30 2PE"
2026-09-29,1990485,Catering By Oliver Wilde,Pub/bar/nightclub,Stourbridge Rugby Football Club,Stourton Park,Bridgnorth Road,Stourton,DY7 6QZ,South Staffordshire,AwaitingInspection,,FHRS,False,,,"Stourbridge Rugby Football Club, Stourton Park, Bridgnorth Road, Stourton, DY7 6QZ"
2026-09-29,1990354,The Ship,Pub/bar/nightclub,,High Street,Marske By The Sea,,TS11 7LL,Redcar and Cleveland,AwaitingInspection,,FHRS,False,54.594389,-1.018806,"High Street, Marske By The Sea, TS11 7LL"
2026-09-29,1990536,Wakefield Golf Club,Pub/bar/nightclub,28 Woodthorpe Lane,Wakefield,,,WF2 6JH,Wakefield,AwaitingInspection,,FHRS,False,53.648972,-1.489414,"28 Woodthorpe Lane, Wakefield, WF2 6JH"
2026-09-29,1989842,The Royal Oak,Pub/bar/nightclub,The Royal Oak,Greenfield Road,Greenfield,Holywell Flintshire,CH8 7QB,Sir y Fflint,1,2026-07-09,FHRS,False,53.2801209,-3.2200135,"The Royal Oak, Greenfield Road, Greenfield, Holywell Flintshire, CH8 7QB"
2026-09-29,919024,Grawen Arms,Pub/bar/nightclub,Grawen Arms The Grawen Brecon Road,,Merthyr Tydfil,,CF47 8NR,Merthyr Tudful,5,2026-09-02,FHRS,False,51.75251,-3.385166,"Grawen Arms The Grawen Brecon Road, Merthyr Tydfil, CF47 8NR"
2026-09-29,1991070,Beaufort Arms,Pub/bar/nightclub,,18 Pennard Road,,Kittle,SA3 3JG,Abertawe,AwaitingInspection,,FHRS,False,51.5844283,-4.0598554,"18 Pennard Road, Kittle, SA3 3JG"
2026-09-29,1991064,No Sign Wine Bar,Pub/bar/nightclub,,56 Wind Street,,City Centre,SA1 1EG,Abertawe,AwaitingInspection,,FHRS,False,51.619311,-3.940716,"56 Wind Street, City Centre, SA1 1EG"
2026-09-29,1991062,Tafarn y Trap,Pub/bar/nightclub,,Swansea Road,,Gorseinon,SA4 4AS,Abertawe,5,2024-11-07,FHRS,False,51.66089,-4.037952,"Swansea Road, Gorseinon, SA4 4AS"
2026-09-29,1990421,The Fox At Connaught,Pub/bar/nightclub,Lynx Way,Canning Town,London,,E16 1JR,Newham,AwaitingInspection,,FHRS,False,51.5078748,0.039138,"Lynx Way, Canning Town, London, E16 1JR"
2026-09-29,1991397,The Cricketers on the Green,Pub/bar/nightclub,The Cricketers The Green,,Pirbright,Surrey,GU24 0JT,Guildford,AwaitingInspection,,FHRS,False,51.29451,-0.642488,"The Cricketers The Green, Pirbright, Surrey, GU24 0JT"
2026-09-29,1990876,The Treby Arms,Pub/bar/nightclub,Sparkwell,,,,PL7 5DD,South Hams,AwaitingInspection,,FHRS,False,,,"Sparkwell, PL7 5DD"
2026-09-29,1991000,The Alchemy Room Ltd,Pub/bar/nightclub,,86b Southgate,,Sleaford,NG34 7SY,North Kesteven,AwaitingInspection,,FHRS,False,,,"86b Southgate, Sleaford, NG34 7SY"
2026-09-29,1990342,Golden Lion,Pub/bar/nightclub,Peal O Bells Church Street,Holt,Wrexham,,LL13 9JP,Wrexham,5,2026-09-16,FHRS,False,53.0808331,-2.8800861,"Peal O Bells Church Street, Holt, Wrexham, LL13 9JP"
2026-09-29,1989842,The Royal Oak,Pub/bar/nightclub,The Royal Oak,Greenfield Road,Greenfield,Holywell Flintshire,CH8 7QB,Flintshire,1,2026-07-09,FHRS,False,53.2801209,-3.2200135,"The Royal Oak, Greenfield Road, Greenfield, Holywell Flintshire, CH8 7QB"
2026-09-29,1488604,De Vew,Pub/bar/nightclub,,9 Barry Street,Bradford,,BD1 2AL,Bradford,AwaitingInspection,,FHRS,False,53.7945919,-1.7574569,"9 Barry Street, Bradford, BD1 2AL"
2026-09-29,1990311,Panno Lounge,Pub/bar/nightclub,,5a Aldermanbury,Bradford,,BD1 1SD,Bradford,AwaitingInspection,,FHRS,False,53.7930414,-1.755204,"5a Aldermanbury, Bradford, BD1 1SD"
2026-09-29,1988698,The Blue Bell,Pub/bar/nightclub,The Blue Bell Inn,90 High Street,Gretton,Corby,NN17 3DF,North Northamptonshire,AwaitingInspection,,FHRS,False,52.537164,-0.675351,"The Blue Bell Inn, 90 High Street, Gretton, Corby, NN17 3DF"
2026-09-29,1991638,The King Edward VII,Pub/bar/nightclub,King Edward VII,158 Queen Street,Rushden,,NN10 0AZ,North Northamptonshire,5,2026-09-10,FHRS,False,52.2933574,-0.5919578,"King Edward VII, 158 Queen Street, Rushden, NN10 0AZ"
2026-09-29,14117,The Snooty Fox,Pub/bar/nightclub,Main Street,Lowick,Northamptonshire,,NN14 3BH,North Northamptonshire,5,2024-03-26,FHRS,False,52.416917,-0.563881,"Main Street, Lowick, Northamptonshire, NN14 3BH"
2026-09-29,1279323,Sip and Swirl Wine Bar Limited,Pub/bar/nightclub,38 Vicarage Field,,Hailsham,East Sussex,BN27 1BG,Wealden,5,2024-10-08,FHRS,False,50.8636723,0.2595842,"38 Vicarage Field, Hailsham, East Sussex, BN27 1BG"
2026-09-29,1991985,Blacksmiths arms,Pub/bar/nightclub,BLACKSMITH ARMS OXMOOR LANE,,,BIGGIN,LS25 6HJ,North Yorkshire,AwaitingInspection,,FHRS,False,,,"BLACKSMITH ARMS OXMOOR LANE, BIGGIN, LS25 6HJ"
2026-09-29,1989011,Cherry Tree,Pub/bar/nightclub,Cherry Tree,Skegness Road,Ingoldmells,Lincolnshire,PE25 1JP,East Lindsey,5,2026-08-25,FHRS,False,53.1853629,0.3485679,"Cherry Tree, Skegness Road, Ingoldmells, Lincolnshire, PE25 1JP"
2026-09-29,1989710,White Hart,Pub/bar/nightclub,White Hart Inn,The Street,Olveston,South Gloucestershire,BS35 4DR,South Gloucestershire,AwaitingInspection,,FHRS,False,51.5826963,-2.5772045,"White Hart Inn, The Street, Olveston, South Gloucestershire, BS35 4DR"
2026-09-29,1991315,charcoal.,Pub/bar/nightclub,,18 Kingsway,,Cleethorpes,DN35 8DU,North East Lincolnshire,AwaitingInspection,,FHRS,False,,,"18 Kingsway, Cleethorpes, DN35 8DU"
2026-09-29,1990600,The Sorrel Horse Inn,Pub/bar/nightclub,The Sorrel Horse,Norwich Road,Barham,IPSWICH,IP6 0PG,Mid Suffolk,5,2026-09-16,FHRS,False,52.1207102,1.1033694,"The Sorrel Horse, Norwich Road, Barham, IPSWICH, IP6 0PG"
2026-09-29,1989296,The Duke/Tutti,Pub/bar/nightclub,The Duke 125 Creek Road,,Deptford,Greenwich,SE8 3BU,Greenwich,AwaitingInspection,,FHRS,False,51.4811985,-0.0204121,"The Duke 125 Creek Road, Deptford, Greenwich, SE8 3BU"
2026-09-29,1989820,The New Inn,Pub/bar/nightclub,The NEW INN The New Inn P H,90 High Street,Roydon,Harlow,CM19 5EE,Epping Forest,AwaitingInspection,,FHRS,False,51.7721207,0.0403018,"The NEW INN The New Inn P H, 90 High Street, Roydon, Harlow, CM19 5EE"
2026-09-29,1990000,The Carpenters Arms,Pub/bar/nightclub,Harts Lane,Burghclere,Newbury,Hampshire,RG20 9JY,Basingstoke and Deane,AwaitingInspection,,FHRS,False,51.343161,-1.337616,"Harts Lane, Burghclere, Newbury, Hampshire, RG20 9JY"
2026-09-29,1991939,Ye Olde Globe,Pub/bar/nightclub,Ye Olde Globe Inn,Berrynarbor,Ilfracombe,Devon,EX34 9SG,North Devon,AwaitingInspection,,FHRS,False,,,"Ye Olde Globe Inn, Berrynarbor, Ilfracombe, Devon, EX34 9SG"
2026-09-29,1992069,The Duck,Pub/bar/nightclub,30 Duke Street,,Henley-On-Thames,,RG9 1UP,South Oxfordshire,AwaitingInspection,,FHRS,False,,,"30 Duke Street, Henley-On-Thames, RG9 1UP"
2026-09-29,107928,The Clipper,Pub/bar/nightclub,,3 High Street,Dumbarton,,G82 1NB,West Dunbartonshire,Awaiting Inspection,2023-11-22,FHIS,False,55.942935,-4.567174,"3 High Street, Dumbarton, G82 1NB"
2026-09-29,1988804,Sir John Falstaff,Pub/bar/nightclub,Gravesend Road,Higham,Rochester,Kent,ME3 7NZ,Gravesham,AwaitingInspection,,FHRS,False,51.410906,0.459181,"Gravesend Road, Higham, Rochester, Kent, ME3 7NZ"
2026-09-29,1991070,Beaufort Arms,Pub/bar/nightclub,,18 Pennard Road,,Kittle,SA3 3JG,Swansea,AwaitingInspection,,FHRS,False,51.5844283,-4.0598554,"18 Pennard Road, Kittle, SA3 3JG"
2026-09-29,1991064,No Sign Wine Bar,Pub/bar/nightclub,,56 Wind Street,,City Centre,SA1 1EG,Swansea,AwaitingInspection,,FHRS,False,51.619311,-3.940716,"56 Wind Street, City Centre, SA1 1EG"
2026-09-29,1991062,Tafarn y Trap,Pub/bar/nightclub,,Swansea Road,,Gorseinon,SA4 4AS,Swansea,5,2024-11-07,FHRS,False,51.66089,-4.037952,"Swansea Road, Gorseinon, SA4 4AS"
2026-09-29,1991259,GG'S Bar,Pub/bar/nightclub,,2-4 Anson Street,,Rugeley,WS15 2BB,Cannock Chase,AwaitingInspection,,FHRS,False,52.7610619,-1.9351652,"2-4 Anson Street, Rugeley, WS15 2BB"
2026-09-29,1991522,Childs Ercall Club,Pub/bar/nightclub,Childs Ercall Working Men's Club Eaton Road,,Childs Ercall,Shropshire,TF9 2DA,Shropshire,5,2026-09-17,FHRS,False,,,"Childs Ercall Working Men's Club Eaton Road, Childs Ercall, Shropshire, TF9 2DA"
2026-09-29,1991530,Hogs Inn The Tankard,Pub/bar/nightclub,The Tankard English Walls,,Oswestry,Shropshire,SY11 2PA,Shropshire,AwaitingInspection,,FHRS,False,,,"The Tankard English Walls, Oswestry, Shropshire, SY11 2PA"
2026-09-29,1991536,Kings Head,Pub/bar/nightclub,Kings Head Hotel 48 Mardol,,Shrewsbury,Shropshire,SY1 1PP,Shropshire,AwaitingInspection,,FHRS,False,52.7094699,-2.7564168,"Kings Head Hotel 48 Mardol, Shrewsbury, Shropshire, SY1 1PP"
2026-09-29,1991537,Prince of Wales,Pub/bar/nightclub,The Prince Of Wales 30 Bynner Street,,Shrewsbury,Shropshire,SY3 7NZ,Shropshire,AwaitingInspection,,FHRS,False,52.7013493,-2.7443237,"The Prince Of Wales 30 Bynner Street, Shrewsbury, Shropshire, SY3 7NZ"
2026-09-29,1991541,Rough Draft,Pub/bar/nightclub,20A Mardol,,Shrewsbury,Shropshire,SY1 1PU,Shropshire,AwaitingInspection,,FHRS,False,52.7089855,-2.7560647,"20A Mardol, Shrewsbury, Shropshire, SY1 1PU"
2026-09-29,1991539,The Crown Inn,Pub/bar/nightclub,The Crown Inn,,Wentnor,Shropshire,SY9 5EE,Shropshire,AwaitingInspection,,FHRS,False,52.5292436,-2.9092384,"The Crown Inn, Wentnor, Shropshire, SY9 5EE"
2026-09-29,1991523,Three Fishes,Pub/bar/nightclub,Three Fishes Inn Hereford Road,Bayston Hill,Shrewsbury,Shropshire,SY3 0DB,Shropshire,AwaitingInspection,,FHRS,False,52.6760817,-2.7598316,"Three Fishes Inn Hereford Road, Bayston Hill, Shrewsbury, Shropshire, SY3 0DB"
2026-09-29,1991433,The Elm Tree,Pub/bar/nightclub,14 Weybourne Road,,Farnham,,gu99es,Waverley,AwaitingInspection,,FHRS,False,51.2325753,-0.7769154,"14 Weybourne Road, Farnham, gu99es"
2026-09-29,1990250,The Hole In Wand Leeds,Pub/bar/nightclub,The Hole In Wand,4 St Johns Centre,110 - 118 Albion Street,Leeds,LS2 8LQ,Leeds,AwaitingInspection,,FHRS,False,53.8002903,-1.5439566,"The Hole In Wand, 4 St Johns Centre, 110 - 118 Albion Street, Leeds, LS2 8LQ"
2026-09-29,1990381,RLL Hospitality LTD,Pub/bar/nightclub,The Old Ash Tree Ph,136 Rainham Road,Gillingham,Medway,ME5 7EN,Medway,AwaitingInspection,,FHRS,False,51.3731763,0.5523678,"The Old Ash Tree Ph, 136 Rainham Road, Gillingham, Medway, ME5 7EN"
2026-09-29,1992212,Frosterley Inn *,Pub/bar/nightclub,99 FRONT STREET,,FROSTERLEY,,DL13 2RH,Durham,5,2026-03-13,FHRS,False,,,"99 FRONT STREET, FROSTERLEY, DL13 2RH"
2026-09-29,1992262,Garden Farm Hotel,Pub/bar/nightclub,1 CARLINGFORD ROAD,,CHESTER-LE-STREET,,DH2 3EH,Durham,AwaitingInspection,,FHRS,False,,,"1 CARLINGFORD ROAD, CHESTER-LE-STREET, DH2 3EH"
2026-09-29,1992259,Golden Lion,Pub/bar/nightclub,37 FRONT STREET,,LEADGATE,,DH8 7SB,Durham,AwaitingInspection,,FHRS,False,,,"37 FRONT STREET, LEADGATE, DH8 7SB"
2026-09-29,1992237,Home & Botanic,Pub/bar/nightclub,North Road,,Durham,,DH1 4PW,Durham,5,2026-06-03,FHRS,False,,,"North Road, Durham, DH1 4PW"
2026-09-29,1992287,Lambton Arms,Pub/bar/nightclub,20 FRONT STREET,,SHERBURN,,DH6 1HA,Durham,AwaitingInspection,,FHRS,False,,,"20 FRONT STREET, SHERBURN, DH6 1HA"
2026-09-29,1992277,Queens Head,Pub/bar/nightclub,27 FRONT STREET,,FRAMWELLGATE MOOR,,DH1 5EE,Durham,AwaitingInspection,,FHRS,False,,,"27 FRONT STREET, FRAMWELLGATE MOOR, DH1 5EE"
2026-09-29,1992273,The Blue Note Music Bar,Pub/bar/nightclub,GROUND FLOOR 2 STATION ROAD,,CONSETT,,DH8 5RL,Durham,AwaitingInspection,,FHRS,False,,,"GROUND FLOOR 2 STATION ROAD, CONSETT, DH8 5RL"
2026-09-29,1992280,The Galway Girlbar,Pub/bar/nightclub,13 Fore Bondgate,,Bishop Auckland,,DL14 7PF,Durham,AwaitingInspection,,FHRS,False,,,"13 Fore Bondgate, Bishop Auckland, DL14 7PF"
2026-09-29,1992216,The Horse and Groom,Pub/bar/nightclub,HORSE AND GROOM CONSETT ROAD,,CASTLESIDE,,DH8 9QQ,Durham,4,2026-03-02,FHRS,False,,,"HORSE AND GROOM CONSETT ROAD, CASTLESIDE, DH8 9QQ"
2026-09-29,1992206,The Locomotive Inn,Pub/bar/nightclub,207 BYERLEY ROAD,,SHILDON,,DL4 1HL,Durham,4,2025-10-17,FHRS,False,,,"207 BYERLEY ROAD, SHILDON, DL4 1HL"
2026-09-29,1992282,The Royal George Tavern,Pub/bar/nightclub,11-13 MAIN STREET,,SHILDON,,DL4 1AJ,Durham,5,2026-03-30,FHRS,False,,,"11-13 MAIN STREET, SHILDON, DL4 1AJ"
2026-09-29,1992213,The Royal Telegraph,Pub/bar/nightclub,6 NORTH TERRACE,,AYCLIFFE VILLAGE,,DL5 6LG,Durham,5,2026-03-18,FHRS,False,,,"6 NORTH TERRACE, AYCLIFFE VILLAGE, DL5 6LG"
2026-09-29,1992211,The Station Pub,Pub/bar/nightclub,48 HIGH STREET SOUTH,,LANGLEY MOOR,,DH7 8JW,Durham,5,2026-01-16,FHRS,False,,,"48 HIGH STREET SOUTH, LANGLEY MOOR, DH7 8JW"
2026-09-29,1992261,The Travellers Rest,Pub/bar/nightclub,TRAVELLERS REST BROOMSIDE LANE,,BELMONT,,DH1 2QT,Durham,AwaitingInspection,,FHRS,False,,,"TRAVELLERS REST BROOMSIDE LANE, BELMONT, DH1 2QT"
2026-09-29,1989246,COACH & HORSES,Pub/bar/nightclub,Coach & Horses,High Street,Abbots Bromley,Rugeley,WS15 3BN,East Staffordshire,AwaitingInspection,,FHRS,False,52.8180923461914,-1.88013696670532,"Coach & Horses, High Street, Abbots Bromley, Rugeley, WS15 3BN"
2026-09-29,1989247,Covo House,Pub/bar/nightclub,26 Station Street,Burton upon Trent,BURTON UPON TRENT,,DE14 1AU,East Staffordshire,AwaitingInspection,,FHRS,False,52.8032655,-1.6323003,"26 Station Street, Burton upon Trent, BURTON UPON TRENT, DE14 1AU"
2026-09-29,1989251,South Stapenhill Social Club,Pub/bar/nightclub,South Stapenhill Social Club,Heath Road,Stapenhill,Burton upon Trent,DE15 9LF,East Staffordshire,AwaitingInspection,,FHRS,False,52.7892990112305,-1.62481105327606,"South Stapenhill Social Club, Heath Road, Stapenhill, Burton upon Trent, DE15 9LF"
2026-09-29,1990303,Bullseye,Pub/bar/nightclub,91 High Street,Maidstone,Kent,,ME14 1SA,Maidstone,AwaitingInspection,,FHRS,False,51.273479,0.522851,"91 High Street, Maidstone, Kent, ME14 1SA"
2026-09-29,1990268,The Three Horseshoes,Pub/bar/nightclub,The Three Horseshoes 102 Norton Road,,Letchworth Garden City,Hertfordshire,SG6 1AG,North Hertfordshire,AwaitingInspection,,FHRS,True,51.992962,-0.210047,"The Three Horseshoes 102 Norton Road, Letchworth Garden City, Hertfordshire, SG6 1AG"
2026-09-29,1989931,The Navigation iIn BLM Bar and Lounge,Pub/bar/nightclub,Navigation Inn,39 Fibbersley,Willenhall,Walsall,WV11 3SU,Walsall,5,2026-08-23,FHRS,False,52.5955021,-2.0621321,"Navigation Inn, 39 Fibbersley, Willenhall, Walsall, WV11 3SU"
2026-09-29,108684,New Inn,Pub/bar/nightclub,,2 Poulton Square,Morecambe,Lancashire,LA4 5PZ,Lancaster City,AwaitingInspection,,FHRS,True,54.073646,-2.858833,"2 Poulton Square, Morecambe, Lancashire, LA4 5PZ"
2026-09-29,1991396,Coalyard Tap,Pub/bar/nightclub,145 Ferry Road,Edinburgh,,,EH6 4ET,Edinburgh (City of),Awaiting Inspection,2026-09-18,FHIS,False,55.9740952,-3.1853692,"145 Ferry Road, Edinburgh, EH6 4ET"
2026-09-29,1992013,Brampton Hut,Pub/bar/nightclub,Brampton Hut Brampton Hut Great North Road,,Brampton,Cambridgeshire,PE28 4NQ,Huntingdonshire,AwaitingInspection,,FHRS,False,,,"Brampton Hut Brampton Hut Great North Road, Brampton, Cambridgeshire, PE28 4NQ"
2026-09-29,1992007,Cross Keys Upwood,Pub/bar/nightclub,39 High Street,,Ramsey,Cambridgeshire,PE26 1AB,Huntingdonshire,AwaitingInspection,,FHRS,False,,,"39 High Street, Ramsey, Cambridgeshire, PE26 1AB"
2026-09-29,1992014,The Paper Mills,Pub/bar/nightclub,Public House Paper Mill Inn London Road,,Wansford,Cambridgeshire,PE8 6JB,Huntingdonshire,AwaitingInspection,,FHRS,False,,,"Public House Paper Mill Inn London Road, Wansford, Cambridgeshire, PE8 6JB"
2026-09-29,1113042,The George Hurst Green Ltd,Pub/bar/nightclub,Royal George 54 London Road,,Hurst Green,East Sussex,TN19 7PN,Rother,4,2024-08-14,FHRS,False,51.0172895,0.4709155,"Royal George 54 London Road, Hurst Green, East Sussex, TN19 7PN"
2026-09-29,767553,Wheel,Pub/bar/nightclub,The Wheel Inn Heathfield Road,,Burwash,East Sussex,TN19 7LA,Rother,5,2022-07-15,FHRS,False,,,"The Wheel Inn Heathfield Road, Burwash, East Sussex, TN19 7LA"
2026-09-29,1988951,Solt Room,Pub/bar/nightclub,,Railway Arch 199 Morning Lane London,Hackney,London,E9 6LJ,Hackney,AwaitingInspection,,FHRS,False,51.54711822,-0.04949971,"Railway Arch 199 Morning Lane London, Hackney, London, E9 6LJ"
2026-09-29,1988835,The Eagle And Sun,Pub/bar/nightclub,Hanbury Road,Droitwich Spa,Worcestershire,,WR9 7DX,Wychavon,AwaitingInspection,,FHRS,False,52.264102,-2.110169,"Hanbury Road, Droitwich Spa, Worcestershire, WR9 7DX"
2026-09-29,1988842,The Railway Inn,Pub/bar/nightclub,2 Kidderminster Road,Droitwich Spa,Worcestershire,,WR9 9AY,Wychavon,AwaitingInspection,,FHRS,False,52.272044,-2.15496,"2 Kidderminster Road, Droitwich Spa, Worcestershire, WR9 9AY"
2026-09-29,1992142,Brass monkey Liverpool ltd,Pub/bar/nightclub,35 School Lane,,Liverpool,,L1 3DA,Liverpool,4,2026-08-24,FHRS,False,,,"35 School Lane, Liverpool, L1 3DA"
2026-09-29,1992143,dock & dive,Pub/bar/nightclub,15 Paul Street,,Liverpool,,L3 6DX,Liverpool,AwaitingInspection,,FHRS,False,,,"15 Paul Street, Liverpool, L3 6DX"
2026-09-29,1992135,The cavern pub,Pub/bar/nightclub,5 Mathew Street,,Liverpool,,L2 6RE,Liverpool,AwaitingInspection,,FHRS,False,,,"5 Mathew Street, Liverpool, L2 6RE"
2026-09-29,1992137,The saddle Inn,Pub/bar/nightclub,13 - 15 Dale Street,,Liverpool,,L2 2EZ,Liverpool,AwaitingInspection,,FHRS,True,,,"13 - 15 Dale Street, Liverpool, L2 2EZ"
2026-09-29,1989391,House Of Sauce,Pub/bar/nightclub,Leigham Arms,1 - 3 Wellfield Road,London,,SW16 2BT,Lambeth,AwaitingInspection,,FHRS,False,51.429348,-0.12575,"Leigham Arms, 1 - 3 Wellfield Road, London, SW16 2BT"
2026-09-29,1962027,Mc & Sons Vauxhall,Pub/bar/nightclub,355 Kennington Lane,London,,,SE11 5QY,Lambeth,5,2026-09-05,FHRS,False,51.4861265,-0.1195109,"355 Kennington Lane, London, SE11 5QY"
2026-09-29,1990861,Mccarthys Kitchen,Pub/bar/nightclub,Market House,443 - 445 Coldharbour Lane,London,,SW9 8LN,Lambeth,AwaitingInspection,,FHRS,False,51.461298,-0.1139378,"Market House, 443 - 445 Coldharbour Lane, London, SW9 8LN"
2026-09-29,1966033,Well & Boot,Pub/bar/nightclub,Unit B18 The Balcony,Waterloo Station,London,,SE1 7LY,Lambeth,5,2026-08-08,FHRS,False,51.5027075,-0.113252,"Unit B18 The Balcony, Waterloo Station, London, SE1 7LY"
2026-09-29,919024,Grawen Arms,Pub/bar/nightclub,Grawen Arms The Grawen Brecon Road,,Merthyr Tydfil,,CF47 8NR,Merthyr Tydfil,5,2026-09-02,FHRS,False,51.75251,-3.385166,"Grawen Arms The Grawen Brecon Road, Merthyr Tydfil, CF47 8NR"
2026-09-29,94133,MK Arms Ltd,Pub/bar/nightclub,,1 Chandos Place,Bletchley,Milton Keynes,MK2 2SQ,Milton Keynes,AwaitingInspection,,FHRS,False,51.99391,-0.734436,"1 Chandos Place, Bletchley, Milton Keynes, MK2 2SQ"
2026-09-29,491557,Haywards Heath United Services Club,Pub/bar/nightclub,Haywards Heath United Services Club,Wivelsfield Road,Haywards Heath,West Sussex,RH16 4EG,Mid Sussex,5,2026-09-15,FHRS,False,,,"Haywards Heath United Services Club, Wivelsfield Road, Haywards Heath, West Sussex, RH16 4EG"
2026-09-29,1988883,Dusk Neighbourhood Bar,Pub/bar/nightclub,75 High Street West,Glossop,Derbyshire,,SK13 8AZ,High Peak,AwaitingInspection,,FHRS,False,53.4433715,-1.9530163,"75 High Street West, Glossop, Derbyshire, SK13 8AZ"
2026-09-29,1990342,Golden Lion,Pub/bar/nightclub,Peal O Bells Church Street,Holt,Wrexham,,LL13 9JP,Wrecsam,5,2026-09-16,FHRS,False,53.0808331,-2.8800861,"Peal O Bells Church Street, Holt, Wrexham, LL13 9JP"
2026-09-29,1920993,Ebb and Flow,Pub/bar/nightclub,59 - 61 High Street,Sutton,,,SM1 1DT,Sutton,AwaitingInspection,,FHRS,False,51.3616509,-0.1925684,"59 - 61 High Street, Sutton, SM1 1DT"
2026-09-29,1992095,TRIPLEKIRKS,Pub/bar/nightclub,,Triplekirks Schoolhill Aberdeen,,,AB10 1JT,Aberdeen City,Awaiting Inspection,1999-04-01,FHIS,False,,,"Triplekirks Schoolhill Aberdeen, AB10 1JT"
2026-09-29,94258,The Abbey Inn,Pub/bar/nightclub,Cupar Road Newburgh Cupar Fife,,,,KY14 6HA,Fife,Pass,2026-09-15,FHIS,False,56.350851,-3.232975,"Cupar Road Newburgh Cupar Fife, KY14 6HA"
2026-09-29,1990662,The Sugar Loaf,Pub/bar/nightclub,25 High Street,Meppershall,Shefford,Beds,SG17 5LX,Central Bedfordshire,AwaitingInspection,,FHRS,False,52.0169843,-0.3399182,"25 High Street, Meppershall, Shefford, Beds, SG17 5LX"
2026-09-29,1990655,The White Hart Hotel,Pub/bar/nightclub,2 North Bridge Street,Shefford,Beds,,SG17 5DH,Central Bedfordshire,AwaitingInspection,,FHRS,False,,,"2 North Bridge Street, Shefford, Beds, SG17 5DH"
2026-09-29,1988808,GRAND CENTRAL BAR,Pub/bar/nightclub,27 Strand Road,,Londonderry,,BT48 7BJ,Derry City and Strabane,AwaitingInspection,,FHRS,False,54.9991797,-7.3220504,"27 Strand Road, Londonderry, BT48 7BJ"
2026-09-29,1990554,The Flying Bull Inn,Pub/bar/nightclub,The Flying Bull Inn,,,,GU33 7JB,East Hampshire,AwaitingInspection,,FHRS,False,51.0439551,-0.8549438,"The Flying Bull Inn, GU33 7JB"
2026-09-29,1991106,The Wheatsheaf,Pub/bar/nightclub,2 Queen Street,Castle Hedingham,Essex,,CO9 3EX,Braintree,5,2026-07-14,FHRS,False,51.9895626,0.5983512,"2 Queen Street, Castle Hedingham, Essex, CO9 3EX"
2026-09-29,1991910,Admiral,Pub/bar/nightclub,Admiral Napier Hotel 239 Cowbridge Road East,Riverside,Cardiff,,CF11 9AL,Cardiff,AwaitingInspection,,FHRS,False,51.4813282,-3.1998246,"Admiral Napier Hotel 239 Cowbridge Road East, Riverside, Cardiff, CF11 9AL"
2026-09-29,1990076,The Hollybush pub,Pub/bar/nightclub,Hollybush Inn Glyn Coed Road,Pentwyn,Cardiff,,CF23 7DX,Cardiff,AwaitingInspection,,FHRS,False,51.524049,-3.1550377,"Hollybush Inn Glyn Coed Road, Pentwyn, Cardiff, CF23 7DX"
2026-09-29,1990320,Gymbox elephant & castle,Pub/bar/nightclub,Unit 7,38,New Kent Road,London,SE1 6TJ,Southwark,AwaitingInspection,,FHRS,False,51.4945376,-0.0978351,"Unit 7, 38, New Kent Road, London, SE1 6TJ"
2026-09-29,1992191,Molly mc's - irish singing pub,Pub/bar/nightclub,Railway Arch 96,,Isabella Street,London,SE1 8DD,Southwark,AwaitingInspection,,FHRS,False,,,"Railway Arch 96, Isabella Street, London, SE1 8DD"
2026-09-29,1990489,The Tin Hat,Pub/bar/nightclub,45 Trent Road,Hinckley,Leicestershire,,LE10 0YA,Hinckley and Bosworth,AwaitingInspection,,FHRS,False,52.538874,-1.391388,"45 Trent Road, Hinckley, Leicestershire, LE10 0YA"
2026-09-29,1990042,The Tipsy Pig,Pub/bar/nightclub,76 - 78 Church Way,North Shields,Tyne And Wear,,NE29 0AA,North Tyneside,5,2026-09-11,FHRS,False,55.010578,-1.447834,"76 - 78 Church Way, North Shields, Tyne And Wear, NE29 0AA"
2026-09-29,1988754,Cockles & Dreams,Pub/bar/nightclub,The Fountain Inn 93 Queens Road,,Hastings,East Sussex,TN34 1RL,Hastings,5,2026-09-04,FHRS,False,50.8597249,0.5840912,"The Fountain Inn 93 Queens Road, Hastings, East Sussex, TN34 1RL"
2026-09-29,1991959,TWCH Trading Limited,Pub/bar/nightclub,Thurcroft Welfare Community Hall,Katherine Road,Thurcroft,Rotherham,S66 9HF,Rotherham,5,2026-09-03,FHRS,False,,,"Thurcroft Welfare Community Hall, Katherine Road, Thurcroft, Rotherham, S66 9HF"
2026-09-29,286186,Bowed Broomstick,Pub/bar/nightclub,34 Narrowgate,Alnwick,Northumberland,,NE66 1JG,Northumberland,AwaitingInspection,,FHRS,False,55.414469,-1.707884,"34 Narrowgate, Alnwick, Northumberland, NE66 1JG"
2026-09-29,1991418,Butchers Arms,Pub/bar/nightclub,Butchers Arms,High Street,Winterton,Scunthorpe,DN15 9PU,North Lincolnshire,AwaitingInspection,,FHRS,False,53.655158996582,-0.599708020687103,"Butchers Arms, High Street, Winterton, Scunthorpe, DN15 9PU"
2026-09-29,1991173,Highfield Community Hall,Pub/bar/nightclub,Billinge Road,Wigan,,,WN3 6BL,Wigan,5,2026-01-09,FHRS,False,53.529195,-2.673035,"Billinge Road, Wigan, WN3 6BL"
2026-09-29,1991021,Mostyn Street ale house,Pub/bar/nightclub,149 Upper Mostyn Street,,Llandudno,Conwy,LL30 2PE,Conwy,AwaitingInspection,,FHRS,False,53.3268761,-3.8325044,"149 Upper Mostyn Street, Llandudno, Conwy, LL30 2PE"
2026-09-29,1181105,Dalry Town Hall,Pub/bar/nightclub,,Ayr Road,Castle Douglas,St Johns Town Of Dalry,DG7 3SW,Dumfries and Galloway,Pass,2026-03-03,FHIS,False,,,"Ayr Road, Castle Douglas, St Johns Town Of Dalry, DG7 3SW"
2026-09-29,1989555,Douglas Arms,Pub/bar/nightclub,75 Friars Vennel,Dumfries,,Dumfries And Galloway,DG1 2RQ,Dumfries and Galloway,Awaiting Inspection,2024-10-23,FHIS,False,55.0693739,-3.6133766,"75 Friars Vennel, Dumfries, Dumfries And Galloway, DG1 2RQ"
2026-09-29,1181110,Kirkpatrick Durham Church,Pub/bar/nightclub,C12s From B794 At Old Bridge Of Urr To Church Road Kirkpatrick Durham,Old Bridge Of Urr,,Dumfries And Galloway,DG7 3HB,Dumfries and Galloway,Pass,2026-03-06,FHIS,False,55.0088584,-3.8994717,"C12s From B794 At Old Bridge Of Urr To Church Road Kirkpatrick Durham, Old Bridge Of Urr, Dumfries And Galloway, DG7 3HB"
2026-09-29,1989590,Stewartry Rugby Club,Pub/bar/nightclub,Hobdell Pavillion Stewartry Rugby Football Club A713 Principal Road From Abercromby Road To B795 At Townhead Of Greenlaw,Castle Douglas,,Dumfries And Galloway,DG7 2LH,Dumfries and Galloway,Pass,2026-02-18,FHIS,False,,,"Hobdell Pavillion Stewartry Rugby Football Club A713 Principal Road From Abercromby Road To B795 At Townhead Of Greenlaw, Castle Douglas, Dumfries And Galloway, DG7 2LH"
2026-09-29,1990736,The Courtyard,Pub/bar/nightclub,4 Severn Side South,Bewdley,Worcestershire,,DY12 2DX,Wyre Forest,AwaitingInspection,,FHRS,False,52.374722,-2.311889,"4 Severn Side South, Bewdley, Worcestershire, DY12 2DX"
2026-09-30,1992895,The halfway house,Pub/bar/nightclub,The Halfway House Canterbury road,,Challock,United Kingdom,TN25 4BB,Ashford,AwaitingInspection,,FHRS,False,,,"The Halfway House Canterbury road, Challock, United Kingdom, TN25 4BB"
2026-09-30,1992839,Stanley Arms,Pub/bar/nightclub,Stanley Arms Old Road,Anderton With Marbury,Northwich,Cheshire,CW9 6AG,Cheshire West and Chester,AwaitingInspection,,FHRS,False,53.2737721,-2.5320996,"Stanley Arms Old Road, Anderton With Marbury, Northwich, Cheshire, CW9 6AG"
2026-09-30,1992844,The Brown Horse,Pub/bar/nightclub,3 The Cross,,Neston,Cheshire,CH64 9UB,Cheshire West and Chester,AwaitingInspection,,FHRS,False,53.2899518,-3.0641845,"3 The Cross, Neston, Cheshire, CH64 9UB"
2026-09-30,1992829,The Crafty Tavern Limited,Pub/bar/nightclub,The Crafty Tavern Limited 335A Chester Road,Little Sutton,Ellesmere Port,Cheshire,CH66 3RF,Cheshire West and Chester,AwaitingInspection,,FHRS,False,53.284921,-2.946124,"The Crafty Tavern Limited 335A Chester Road, Little Sutton, Ellesmere Port, Cheshire, CH66 3RF"
2026-09-30,1992853,The Greyhound,Pub/bar/nightclub,Greyhound Inn Seahill Road,Saughall,Chester,Cheshire,CH1 6BJ,Cheshire West and Chester,AwaitingInspection,,FHRS,False,53.2228369,-2.9603876,"Greyhound Inn Seahill Road, Saughall, Chester, Cheshire, CH1 6BJ"
2026-09-30,1992832,The Hazel Pear,Pub/bar/nightclub,Hazel Pear Inn 1 Hill Top Road,Acton Bridge,Northwich,Cheshire,CW8 3RA,Cheshire West and Chester,AwaitingInspection,,FHRS,True,53.2671512,-2.6028793,"Hazel Pear Inn 1 Hill Top Road, Acton Bridge, Northwich, Cheshire, CW8 3RA"
2026-09-30,1992802,Queens Head,Pub/bar/nightclub,The Queens Head Inn,Holloway Street,Minehead,Somerset,TA24 5NR,Somerset,4,2026-04-16,FHRS,False,,,"The Queens Head Inn, Holloway Street, Minehead, Somerset, TA24 5NR"
2026-09-30,1992764,Bottle & Craft,Pub/bar/nightclub,Pressed Prezzies,49A Queen Street,Morley,Leeds,LS27 8EE,Leeds,AwaitingInspection,,FHRS,False,53.7476554,-1.6025337,"Pressed Prezzies, 49A Queen Street, Morley, Leeds, LS27 8EE"
2026-09-30,1992766,The Mustard Pot,Pub/bar/nightclub,20 Stainbeck Lane,Meanwood,Leeds,,LS7 3QY,Leeds,AwaitingInspection,,FHRS,False,53.8292083,-1.5401638,"20 Stainbeck Lane, Meanwood, Leeds, LS7 3QY"
