date_added,FHRSID,BusinessName,BusinessType,AddressLine1,AddressLine2,AddressLine3,AddressLine4,PostCode,LocalAuthorityName,RatingValue,RatingDate,SchemeType,NewRatingPending,Latitude,Longitude,AddressSingleLine
2026-09-01,1196770,Freddys Chesterfield Ltd,Takeaway/sandwich shop,27-29 Cavendish Street,,,Chesterfield,S40 1XA,Chesterfield,AwaitingInspection,,FHRS,False,,,"27-29 Cavendish Street, Chesterfield, S40 1XA"
2026-09-02,1983354,Mozza Prime,Takeaway/sandwich shop,13 St Davids Drive,Cusworth,Doncaster,,DN5 8NG,Doncaster,AwaitingInspection,,FHRS,False,,,"13 St Davids Drive, Cusworth, Doncaster, DN5 8NG"
2026-09-02,1983356,Pizza Top,Takeaway/sandwich shop,155 Carr House Road,Hyde Park,Doncaster,,DN1 2BD,Doncaster,AwaitingInspection,,FHRS,False,,,"155 Carr House Road, Hyde Park, Doncaster, DN1 2BD"
2026-09-02,1983737,AM Coffee,Takeaway/sandwich shop,Shop 314 Torquay Road Paignton,,,,TQ3 2DZ,Torbay,AwaitingInspection,,FHRS,False,,,"Shop 314 Torquay Road Paignton, TQ3 2DZ"
2026-09-02,1983736,The Chippy,Takeaway/sandwich shop,The Chippy 143 St Marychurch Road Torquay,,,,TQ1 3HW,Torbay,AwaitingInspection,,FHRS,False,,,"The Chippy 143 St Marychurch Road Torquay, TQ1 3HW"
2026-09-02,1983448,COVE TANDOORI,Takeaway/sandwich shop,,Unit 1 Cove Shopping Centre,,,AB12 3HE,Aberdeen City,Awaiting Inspection,1999-04-01,FHIS,False,,,"Unit 1 Cove Shopping Centre, AB12 3HE"
2026-09-02,1983341,Royton Mill Kitchen / Tide Catering,Takeaway/sandwich shop,Unit C The Old Mill,1 Shepherd Street,Royton,Oldham,OL2 5PB,Oldham,AwaitingInspection,,FHRS,False,,,"Unit C The Old Mill, 1 Shepherd Street, Royton, Oldham, OL2 5PB"
2026-09-02,1982881,Leban House,Takeaway/sandwich shop,,82-88 Mile End Road,London,,E1 4UN,Tower Hamlets,AwaitingInspection,,FHRS,False,,,"82-88 Mile End Road, London, E1 4UN"
2026-09-02,1982879,Nourish for Mum,Takeaway/sandwich shop,Flat 201 Phare Court,28 Wyke Road,London,,E3 2XW,Tower Hamlets,5,2026-08-26,FHRS,False,,,"Flat 201 Phare Court, 28 Wyke Road, London, E3 2XW"
2026-09-02,1983853,Jaffas,Takeaway/sandwich shop,94-96 Blackburn Road,Accrington,Lancashire,,BB5 1LL,Hyndburn,AwaitingInspection,,FHRS,False,,,"94-96 Blackburn Road, Accrington, Lancashire, BB5 1LL"
2026-09-02,1983855,Pizza Bites,Takeaway/sandwich shop,74 Blackburn Road,Accrington,Lancashire,,BB5 1LE,Hyndburn,5,2026-08-18,FHRS,False,,,"74 Blackburn Road, Accrington, Lancashire, BB5 1LE"
2026-09-02,1983865,The Snack Box / Little Bee Play Cafe,Takeaway/sandwich shop,503 Manchester Road,Accrington,Lancashire,,BB5 2QJ,Hyndburn,AwaitingInspection,,FHRS,False,,,"503 Manchester Road, Accrington, Lancashire, BB5 2QJ"
2026-09-02,1983859,Your Knuzden Chippy,Takeaway/sandwich shop,33a Windsor Road,Knuzden Brook,Oswaldtwistle,,BB1 2DQ,Hyndburn,AwaitingInspection,,FHRS,False,,,"33a Windsor Road, Knuzden Brook, Oswaldtwistle, BB1 2DQ"
2026-09-02,1983368,Spice India,Takeaway/sandwich shop,50 Belfast Road,,Newry,,BT34 1QA,"Newry, Mourne and Down",AwaitingInspection,,FHRS,False,,,"50 Belfast Road, Newry, BT34 1QA"
2026-09-02,1983870,Ocean Fresh,Takeaway/sandwich shop,152A Kingston Road,Portsmouth,,,PO2 7PD,Portsmouth,AwaitingInspection,,FHRS,False,,,"152A Kingston Road, Portsmouth, PO2 7PD"
2026-09-02,1983520,Aciya,Takeaway/sandwich shop,Percy Gee Building,University Of Leicester,University Road,Leicester,LE1 7RH,Leicester City,AwaitingInspection,,FHRS,False,,,"Percy Gee Building, University Of Leicester, University Road, Leicester, LE1 7RH"
2026-09-02,1983502,Bake&Drizzle Leicester,Takeaway/sandwich shop,360 St Saviours Road,Leicester,,,LE5 4HJ,Leicester City,AwaitingInspection,,FHRS,False,,,"360 St Saviours Road, Leicester, LE5 4HJ"
2026-09-02,1983512,Cafe Local PL 3,Takeaway/sandwich shop,Leicester Railway Station,London Road,Leicester,,LE2 0QB,Leicester City,AwaitingInspection,,FHRS,False,,,"Leicester Railway Station, London Road, Leicester, LE2 0QB"
2026-09-02,1983513,Chef?s Fish & Chips Limited,Takeaway/sandwich shop,36a The Fairway,Leicester,,,LE2 6LN,Leicester City,AwaitingInspection,,FHRS,False,,,"36a The Fairway, Leicester, LE2 6LN"
2026-09-02,1983523,Jedha Lassi Ltd,Takeaway/sandwich shop,26a Market Street,Leicester,,,LE1 6DP,Leicester City,AwaitingInspection,,FHRS,False,,,"26a Market Street, Leicester, LE1 6DP"
2026-09-02,1983506,MBR Aashish Chinese King,Takeaway/sandwich shop,238 Melton Road,Leicester,,,LE4 7PG,Leicester City,AwaitingInspection,,FHRS,True,,,"238 Melton Road, Leicester, LE4 7PG"
2026-09-02,1983525,Sauce Bros,Takeaway/sandwich shop,77 Carlisle Street,Leicester,,,LE3 6AH,Leicester City,AwaitingInspection,,FHRS,False,,,"77 Carlisle Street, Leicester, LE3 6AH"
2026-09-02,1983531,Seven Tea,Takeaway/sandwich shop,56 Welford Road,Leicester,,,LE2 7AA,Leicester City,AwaitingInspection,,FHRS,False,,,"56 Welford Road, Leicester, LE2 7AA"
2026-09-02,1983526,Vidi's,Takeaway/sandwich shop,282 Welford Road,Leicester,,,LE2 6EG,Leicester City,AwaitingInspection,,FHRS,False,,,"282 Welford Road, Leicester, LE2 6EG"
2026-09-02,1983698,Fire Away,Takeaway/sandwich shop,,109 Mansfield Road,,Nottingham,NG1 3FQ,Nottingham City,AwaitingInspection,,FHRS,False,,,"109 Mansfield Road, Nottingham, NG1 3FQ"
2026-09-02,1983689,Juice 4 life,Takeaway/sandwich shop,,141-143 Mansfield Road,,Nottingham,NG1 3FR,Nottingham City,AwaitingInspection,,FHRS,False,,,"141-143 Mansfield Road, Nottingham, NG1 3FR"
2026-09-02,1766472,Khalsa Food Junction (& Mobile Unit),Takeaway/sandwich shop,115 High Street,,,Smethwick,B66 1AA,Sandwell,3,2026-07-27,FHRS,False,52.4969384,-1.9728032,"115 High Street, Smethwick, B66 1AA"
2026-09-02,1983757,Panku Streetfood,Takeaway/sandwich shop,Asda,Holles Street,,Grimsby,DN32 9DL,North East Lincolnshire,AwaitingInspection,,FHRS,False,,,"Asda, Holles Street, Grimsby, DN32 9DL"
2026-09-02,1983559,BOO.,Takeaway/sandwich shop,1D THE BROADWAY,,BEDFORD,,MK40 2TJ,Bedford,AwaitingInspection,,FHRS,False,,,"1D THE BROADWAY, BEDFORD, MK40 2TJ"
2026-09-02,1983573,CRUNCH BOX 786 LIMITED,Takeaway/sandwich shop,103 BRICKHILL DRIVE,,BEDFORD,,MK41 7QF,Bedford,AwaitingInspection,,FHRS,False,,,"103 BRICKHILL DRIVE, BEDFORD, MK41 7QF"
2026-09-02,1983564,Dixy Peri Peri,Takeaway/sandwich shop,101 MIDLAND ROAD,,BEDFORD,,MK40 1BZ,Bedford,AwaitingInspection,,FHRS,False,,,"101 MIDLAND ROAD, BEDFORD, MK40 1BZ"
2026-09-02,1983584,Flames grill,Takeaway/sandwich shop,92 TAVISTOCK STREET,,BEDFORD,,MK40 2RX,Bedford,AwaitingInspection,,FHRS,False,,,"92 TAVISTOCK STREET, BEDFORD, MK40 2RX"
2026-09-02,1983583,Mama’s Secret,Takeaway/sandwich shop,67 FENLAKE ROAD,,BEDFORD,,MK42 0EU,Bedford,AwaitingInspection,,FHRS,False,,,"67 FENLAKE ROAD, BEDFORD, MK42 0EU"
2026-09-02,1983807,Burger King,Takeaway/sandwich shop,Richmond Holiday Centre,Richmond Drive,Skegness,Lincolnshire,PE25 3TQ,East Lindsey,5,2025-08-08,FHRS,False,,,"Richmond Holiday Centre, Richmond Drive, Skegness, Lincolnshire, PE25 3TQ"
2026-09-02,1983808,Papa Johns,Takeaway/sandwich shop,Richmond Holiday Centre,Richmond Drive,Skegness,Lincolnshire,PE25 3TQ,East Lindsey,5,2025-10-21,FHRS,False,,,"Richmond Holiday Centre, Richmond Drive, Skegness, Lincolnshire, PE25 3TQ"
2026-09-02,1983802,Seaside Treats,Takeaway/sandwich shop,Richmond Holiday Centre,Richmond Drive,Skegness,Lincolnshire,PE25 3TQ,East Lindsey,5,2025-10-21,FHRS,False,,,"Richmond Holiday Centre, Richmond Drive, Skegness, Lincolnshire, PE25 3TQ"
2026-09-02,1983851,New Golden Star,Takeaway/sandwich shop,13 Tron Court,Tullibody,Clackmannanshire,,FK10 2PS,Clackmannanshire,Awaiting Inspection,,FHIS,False,,,"13 Tron Court, Tullibody, Clackmannanshire, FK10 2PS"
2026-09-02,1983405,Buffet Box to Go,Takeaway/sandwich shop,,107d Perry Street,Billericay,Essex,CM12 0NH,Basildon,AwaitingInspection,,FHRS,False,,,"107d Perry Street, Billericay, Essex, CM12 0NH"
2026-09-02,1983397,SONA,Takeaway/sandwich shop,,32 High Road,Laindon,Basildon,SS15 6NR,Basildon,AwaitingInspection,,FHRS,False,,,"32 High Road, Laindon, Basildon, SS15 6NR"
2026-09-02,1983709,Bazaar Street Food Catering,Takeaway/sandwich shop,Loughanhill Industrial Estate Gateside Road,,Coleraine,,BT52 2NR,Causeway Coast and Glens,AwaitingInspection,,FHRS,False,,,"Loughanhill Industrial Estate Gateside Road, Coleraine, BT52 2NR"
2026-09-02,1983414,Silver City,Takeaway/sandwich shop,5 Sea Road,,East Preston,West Sussex,BN16 1JN,Arun,AwaitingInspection,,FHRS,False,,,"5 Sea Road, East Preston, West Sussex, BN16 1JN"
2026-09-02,1983620,Bowl & roll ltd,Takeaway/sandwich shop,Bowl And Roll Ltd,,Deal Porter Square,London,SE16 7AR,Southwark,AwaitingInspection,,FHRS,False,,,"Bowl And Roll Ltd, Deal Porter Square, London, SE16 7AR"
2026-09-02,1983609,Chicken world,Takeaway/sandwich shop,,163,Rye Lane,London,SE15 4TL,Southwark,5,2026-08-04,FHRS,False,,,"163, Rye Lane, London, SE15 4TL"
2026-09-02,1983611,Chiny wok,Takeaway/sandwich shop,,16a,Coldharbour Lane,London,SE5 9PR,Southwark,AwaitingInspection,,FHRS,False,,,"16a, Coldharbour Lane, London, SE5 9PR"
2026-09-02,1983625,Eclipsial food ltd,Takeaway/sandwich shop,,56,Woods Road,London,SE15 2SW,Southwark,AwaitingInspection,,FHRS,False,,,"56, Woods Road, London, SE15 2SW"
2026-09-02,1983618,Limonata kisses,Takeaway/sandwich shop,Limonata Kisses,,Deal Porter Square,London,SE16 7AR,Southwark,AwaitingInspection,,FHRS,False,,,"Limonata Kisses, Deal Porter Square, London, SE16 7AR"
2026-09-02,1983629,Perkstation,Takeaway/sandwich shop,44 Kennoldes,,Croxted Road,London,SE21 8SS,Southwark,AwaitingInspection,,FHRS,False,,,"44 Kennoldes, Croxted Road, London, SE21 8SS"
2026-09-02,1983628,Rice buddy,Takeaway/sandwich shop,Unit 3,81,Enid Street,London,SE16 3RA,Southwark,AwaitingInspection,,FHRS,False,,,"Unit 3, 81, Enid Street, London, SE16 3RA"
2026-09-02,1983626,Rooster hut,Takeaway/sandwich shop,,177-179,Rye Lane,London,SE15 4TP,Southwark,AwaitingInspection,,FHRS,False,,,"177-179, Rye Lane, London, SE15 4TP"
2026-09-02,1970906,Big Boyz,Takeaway/sandwich shop,,7 Caradoc Road,Cwmbran,,NP44 1PP,Torfaen,AwaitingInspection,,FHRS,False,,,"7 Caradoc Road, Cwmbran, NP44 1PP"
2026-09-02,1983432,Maggies Pontypool,Takeaway/sandwich shop,Stall 23 The Market Hall,Market Street,Pontypool,,NP4 6JN,Torfaen,AwaitingInspection,,FHRS,False,,,"Stall 23 The Market Hall, Market Street, Pontypool, NP4 6JN"
2026-09-02,1983749,Muckin' Good Grub,Takeaway/sandwich shop,50 Little Whyte,,Ramsey,Cambridgeshire,PE26 1DS,Huntingdonshire,AwaitingInspection,,FHRS,False,,,"50 Little Whyte, Ramsey, Cambridgeshire, PE26 1DS"
2026-09-02,1983539,Cooks fish and chips,Takeaway/sandwich shop,Combe Haven Holiday Park Harley Shute Road,,St Leonards-on-sea,East Sussex,TN38 8BZ,Hastings,AwaitingInspection,,FHRS,False,,,"Combe Haven Holiday Park Harley Shute Road, St Leonards-on-sea, East Sussex, TN38 8BZ"
2026-09-02,1983533,The Burger Brothers UK,Takeaway/sandwich shop,Hastings United Football Club The Pilot Field Elphinstone Road,,Hastings,East Sussex,TN34 2AX,Hastings,AwaitingInspection,,FHRS,False,,,"Hastings United Football Club The Pilot Field Elphinstone Road, Hastings, East Sussex, TN34 2AX"
2026-09-02,1801246,Freddy's Chicken And Pizza,Takeaway/sandwich shop,48 New York Street,Leeds,,,LS2 7DY,Leeds,5,2025-06-11,FHRS,False,,,"48 New York Street, Leeds, LS2 7DY"
2026-09-02,1983351,KFC - Beccles,Takeaway/sandwich shop,KFC,Norwich Road,Gillingham,Norfolk,NR34 0HF,South Norfolk,AwaitingInspection,,FHRS,False,,,"KFC, Norwich Road, Gillingham, Norfolk, NR34 0HF"
2026-09-02,1983634,Fourtunes Bubble Tea,Takeaway/sandwich shop,,8 Royal Arcade,Bournemouth,,BH1 4BT,"Bournemouth, Christchurch and Poole",AwaitingInspection,,FHRS,False,,,"8 Royal Arcade, Bournemouth, BH1 4BT"
2026-09-02,1983670,Sushi Gourmet,Takeaway/sandwich shop,Sainsbury's,1 Lyndhurst Road,Christchurch,,BH23 4RY,"Bournemouth, Christchurch and Poole",AwaitingInspection,,FHRS,False,,,"Sainsbury's, 1 Lyndhurst Road, Christchurch, BH23 4RY"
2026-09-02,1978897,Hot Pot Express LTD,Takeaway/sandwich shop,,,,,,Oadby and Wigston,AwaitingInspection,,FHRS,False,,,
2026-09-02,1983678,Jai Dee Asian Street Food,Takeaway/sandwich shop,17-18 Market Place,Glastonbury,Somerset,,,Somerset,5,2026-08-13,FHRS,False,,,"17-18 Market Place, Glastonbury, Somerset"
2026-09-02,1983734,Abbey View Coffee And Gelato,Takeaway/sandwich shop,5 Abbey Place,Jedburgh,,Scottish Borders,,Scottish Borders,Pass,2026-08-27,FHIS,False,,,"5 Abbey Place, Jedburgh, Scottish Borders"
2026-09-02,1983880,COUSCOUS HOUSE,Takeaway/sandwich shop,,,,,,Kingston-Upon-Thames,AwaitingInspection,,FHRS,False,,,
2026-09-02,1983876,Table \& Thyme,Takeaway/sandwich shop,,,,,,Kingston-Upon-Thames,AwaitingInspection,,FHRS,False,,,
2026-09-02,1983703,Duggi's Desi Kitchen,Takeaway/sandwich shop,,,,,,Preston,AwaitingInspection,,FHRS,False,,,
2026-09-02,1983704,Fodus Foods,Takeaway/sandwich shop,,,,,,Preston,AwaitingInspection,,FHRS,False,,,
2026-09-02,1962734,Aurrevia Food,Takeaway/sandwich shop,,,,,,Colchester,AwaitingInspection,,FHRS,False,,,
2026-09-02,1983443,El's Bagels,Takeaway/sandwich shop,,,,,,Colchester,AwaitingInspection,,FHRS,False,,,
2026-09-02,1983820,Golden Dragon,Takeaway/sandwich shop,14 Church Street,,,Settle,BD24 9JE,North Yorkshire,AwaitingInspection,,FHRS,True,,,"14 Church Street, Settle, BD24 9JE"
2026-09-02,1983837,Hins takeaway,Takeaway/sandwich shop,Hins Portholme Drive,,,Selby,YO8 4QF,North Yorkshire,AwaitingInspection,,FHRS,False,,,"Hins Portholme Drive, Selby, YO8 4QF"
2026-09-02,1983819,Romanby Chinese Takeaway,Takeaway/sandwich shop,6 Malpas Road,,,Northallerton,DL7 8TH,North Yorkshire,AwaitingInspection,,FHRS,False,,,"6 Malpas Road, Northallerton, DL7 8TH"
2026-09-02,1983717,Buffers,Takeaway/sandwich shop,Shanklin Railway Station,Regent Street,Shanklin,Isle Of Wight,PO37 7AR,Isle of Wight,AwaitingInspection,,FHRS,False,,,"Shanklin Railway Station, Regent Street, Shanklin, Isle Of Wight, PO37 7AR"
2026-09-02,1983715,Cornwall Slip Kiosk,Takeaway/sandwich shop,Esplanade Pavilion,Esplanade,Ryde,Isle Of Wight,PO33 2EL,Isle of Wight,5,2026-08-25,FHRS,False,,,"Esplanade Pavilion, Esplanade, Ryde, Isle Of Wight, PO33 2EL"
2026-09-02,1970906,Big Boyz,Takeaway/sandwich shop,,7 Caradoc Road,Cwmbran,,NP44 1PP,Torfaen,AwaitingInspection,,FHRS,False,,,"7 Caradoc Road, Cwmbran, NP44 1PP"
2026-09-02,1983432,Maggies Pontypool,Takeaway/sandwich shop,Stall 23 The Market Hall,Market Street,Pontypool,,NP4 6JN,Torfaen,AwaitingInspection,,FHRS,False,,,"Stall 23 The Market Hall, Market Street, Pontypool, NP4 6JN"
2026-09-02,1983491,Lunchbox Sweets and Treats Ltd,Takeaway/sandwich shop,32 Regent Street,,Newtownards,,BT23 4LP,Ards and North Down,AwaitingInspection,,FHRS,False,,,"32 Regent Street, Newtownards, BT23 4LP"
2026-09-02,1983872,Mykonos Gyros,Takeaway/sandwich shop,Universal Building,37-49 Devonshire Street North,Manchester,,M12 6JR,Manchester,AwaitingInspection,,FHRS,False,,,"Universal Building, 37-49 Devonshire Street North, Manchester, M12 6JR"
2026-09-03,1983920,Guru J's,Takeaway/sandwich shop,121 High Street,Staple Hill,South Gloucestershire,,BS16 5HF,South Gloucestershire,AwaitingInspection,,FHRS,False,,,"121 High Street, Staple Hill, South Gloucestershire, BS16 5HF"
2026-09-03,1984045,Four Star Pizza,Takeaway/sandwich shop,Nettlehill Road Lisburn,,Belfast,,BT27 3WT,Lisburn and Castlereagh City,AwaitingInspection,,FHRS,False,,,"Nettlehill Road Lisburn, Belfast, BT27 3WT"
2026-09-03,1984051,Rocket Chip,Takeaway/sandwich shop,92 Longstone Street,Tonagh,Lisburn,Antrim,BT28 1TR,Lisburn and Castlereagh City,AwaitingInspection,,FHRS,False,,,"92 Longstone Street, Tonagh, Lisburn, Antrim, BT28 1TR"
2026-09-03,1983934,Curry King,Takeaway/sandwich shop,Paprika Indian Takeaway,65 Tamworth Street,Lichfield,Staffordshire,WS13 6JW,Lichfield,AwaitingInspection,,FHRS,False,,,"Paprika Indian Takeaway, 65 Tamworth Street, Lichfield, Staffordshire, WS13 6JW"
2026-09-03,1984024,Jjssteakaway,Takeaway/sandwich shop,,,,,,Torridge,AwaitingInspection,,FHRS,False,,,
2026-09-03,1941471,Canton,Takeaway/sandwich shop,,43a Main Street,Rutherglen,Glasgow,G73 2JF,South Lanarkshire,Pass,2026-08-06,FHIS,False,,,"43a Main Street, Rutherglen, Glasgow, G73 2JF"
2026-09-03,1983884,R&R BUILDING SOLUTIONS,Takeaway/sandwich shop,,,,,,Havant,AwaitingInspection,,FHRS,False,,,
2026-09-03,1984001,China Express,Takeaway/sandwich shop,13 Wildridings Square,,Bracknell,Bracknell Forest,RG12 7SJ,Bracknell Forest,AwaitingInspection,,FHRS,False,,,"13 Wildridings Square, Bracknell, Bracknell Forest, RG12 7SJ"
2026-09-03,1984123,Dinos,Takeaway/sandwich shop,Dinos 30 Ansdell Road,Blackpool,,,FY1 6PY,Blackpool,5,2026-08-12,FHRS,False,,,"Dinos 30 Ansdell Road, Blackpool, FY1 6PY"
2026-09-03,1984117,Dots Donuts,Takeaway/sandwich shop,163 Promenade,Blackpool,,,FY1 5BE,Blackpool,5,2026-08-08,FHRS,False,,,"163 Promenade, Blackpool, FY1 5BE"
2026-09-03,1984124,New Oriental Chop Suey Bar,Takeaway/sandwich shop,41 Torsway Avenue,Blackpool,,,FY3 8LD,Blackpool,5,2026-08-19,FHRS,False,,,"41 Torsway Avenue, Blackpool, FY3 8LD"
2026-09-03,1984038,Safi's Desserts,Takeaway/sandwich shop,1-3 Library Street,Wigan,,,WN1 1NN,Wigan,AwaitingInspection,,FHRS,False,,,"1-3 Library Street, Wigan, WN1 1NN"
2026-09-03,1983890,The Golden Pizza,Takeaway/sandwich shop,151B Bearton Road,,Hitchin,Hertfordshire,SG5 1UB,North Hertfordshire,AwaitingInspection,,FHRS,False,,,"151B Bearton Road, Hitchin, Hertfordshire, SG5 1UB"
2026-09-03,1984026,Trike Treats,Takeaway/sandwich shop,,,,,,Bury,AwaitingInspection,,FHRS,False,,,
2026-09-03,1983987,China Town,Takeaway/sandwich shop,Unit 2 Mossedge Industrial Estate,Moss Road,Linwood,Paisley,PA3 3HR,Renfrewshire,Pass,2025-12-02,FHIS,False,,,"Unit 2 Mossedge Industrial Estate, Moss Road, Linwood, Paisley, PA3 3HR"
2026-09-03,1983995,Taste of Spice,Takeaway/sandwich shop,,3 Alice Street,Paisley,Renfrewshire,PA2 6DR,Renfrewshire,Awaiting Inspection,,FHIS,False,,,"3 Alice Street, Paisley, Renfrewshire, PA2 6DR"
2026-09-03,1983997,Volianyk,Takeaway/sandwich shop,,49 Brediland Road,Paisley,Renfrewshire,PA2 9HW,Renfrewshire,Awaiting Inspection,,FHIS,False,,,"49 Brediland Road, Paisley, Renfrewshire, PA2 9HW"
2026-09-03,1983910,Cardamom Indian Takeaway,Takeaway/sandwich shop,,9 Station Road,Kemnay,Aberdeenshire,AB51 5RB,Aberdeenshire,Awaiting Inspection,2026-09-01,FHIS,False,,,"9 Station Road, Kemnay, Aberdeenshire, AB51 5RB"
2026-09-03,1983909,Piccolo Deeside Canapés,Takeaway/sandwich shop,,Home Based Food Business,,,,Aberdeenshire,Awaiting Inspection,2026-08-27,FHIS,False,,,Home Based Food Business
2026-09-03,1973068,GORGE! GOURMET HOT DOGS,Takeaway/sandwich shop,,,,,,Wirral,4,2026-07-17,FHRS,False,,,
2026-09-03,1983898,Harris fish@chips / dragonwok,Takeaway/sandwich shop,,9 Moorhall Road,,Harefield,UB9 6PE,Hillingdon,AwaitingInspection,,FHRS,False,,,"9 Moorhall Road, Harefield, UB9 6PE"
2026-09-03,1984093,Brazen,Takeaway/sandwich shop,,110 Leeds Old Road,Bradford,,BD3 8JS,Bradford,AwaitingInspection,,FHRS,False,,,"110 Leeds Old Road, Bradford, BD3 8JS"
2026-09-03,1983979,Akash Indian Limited,Takeaway/sandwich shop,,1-3 Dafen Road,Llanelli,Carmarthenshire,SA14 8BE,Sir Gaerfyrddin,AwaitingInspection,,FHRS,False,,,"1-3 Dafen Road, Llanelli, Carmarthenshire, SA14 8BE"
2026-09-03,1697088,Kebab Kingdom,Takeaway/sandwich shop,,25 Station Road,Llanelli,Carmarthenshire,SA15 1AW,Sir Gaerfyrddin,AwaitingInspection,,FHRS,False,,,"25 Station Road, Llanelli, Carmarthenshire, SA15 1AW"
2026-09-03,1624647,Stuart's Artisan Bakery,Takeaway/sandwich shop,,,,,,Sir Gaerfyrddin,AwaitingInspection,,FHRS,False,,,
2026-09-03,1983980,The Curry Club,Takeaway/sandwich shop,Eglwyscummin Community Hall,,Red Roses,Whitland,SA34 0PN,Sir Gaerfyrddin,AwaitingInspection,,FHRS,False,,,"Eglwyscummin Community Hall, Red Roses, Whitland, SA34 0PN"
2026-09-03,375562,Boss Pizza Bletchley,Takeaway/sandwich shop,,175 Queensway,Bletchley,Milton Keynes,MK2 2DZ,Milton Keynes,AwaitingInspection,,FHRS,False,,,"175 Queensway, Bletchley, Milton Keynes, MK2 2DZ"
2026-09-03,1349862,Evergreen Catering Services,Takeaway/sandwich shop,31 Minton Park,Potters Lane,Kiln Farm,Milton Keynes,MK11 3HG,Milton Keynes,AwaitingInspection,,FHRS,False,,,"31 Minton Park, Potters Lane, Kiln Farm, Milton Keynes, MK11 3HG"
2026-09-03,1984238,Crispy Frydays,Takeaway/sandwich shop,240 Egerton,Tanhouse,Skelmersdale,Lancashire,WN8 6AF,West Lancashire,AwaitingInspection,,FHRS,False,,,"240 Egerton, Tanhouse, Skelmersdale, Lancashire, WN8 6AF"
2026-09-03,1984237,JW,Takeaway/sandwich shop,,,,,,West Lancashire,AwaitingInspection,,FHRS,False,,,
2026-09-03,1983915,Tasty Shawrma,Takeaway/sandwich shop,,18 Silver Street,Kettering,North Northamptonshire,NN16 0BN,North Northamptonshire,AwaitingInspection,,FHRS,False,,,"18 Silver Street, Kettering, North Northamptonshire, NN16 0BN"
2026-09-03,1983979,Akash Indian Limited,Takeaway/sandwich shop,,1-3 Dafen Road,Llanelli,Carmarthenshire,SA14 8BE,Carmarthenshire,AwaitingInspection,,FHRS,False,,,"1-3 Dafen Road, Llanelli, Carmarthenshire, SA14 8BE"
2026-09-03,1697088,Kebab Kingdom,Takeaway/sandwich shop,,25 Station Road,Llanelli,Carmarthenshire,SA15 1AW,Carmarthenshire,AwaitingInspection,,FHRS,False,,,"25 Station Road, Llanelli, Carmarthenshire, SA15 1AW"
2026-09-03,1624647,Stuart's Artisan Bakery,Takeaway/sandwich shop,,,,,,Carmarthenshire,AwaitingInspection,,FHRS,False,,,
2026-09-03,1983980,The Curry Club,Takeaway/sandwich shop,Eglwyscummin Community Hall,,Red Roses,Whitland,SA34 0PN,Carmarthenshire,AwaitingInspection,,FHRS,False,,,"Eglwyscummin Community Hall, Red Roses, Whitland, SA34 0PN"
2026-09-03,1984103,Super Favourite - Falconwood,Takeaway/sandwich shop,7 Lingfield Crescent,London,,,SE9 2RL,Bexley,AwaitingInspection,,FHRS,False,,,"7 Lingfield Crescent, London, SE9 2RL"
2026-09-03,1984106,The Skewer,Takeaway/sandwich shop,9 Wellington Parade,Blackfen Road,Sidcup,Kent,DA15 9NB,Bexley,AwaitingInspection,,FHRS,False,,,"9 Wellington Parade, Blackfen Road, Sidcup, Kent, DA15 9NB"
2026-09-04,1984337,Doner Han,Takeaway/sandwich shop,7 The Broadway,,Chingford,London,E4 9LQ,Waltham Forest,AwaitingInspection,,FHRS,False,,,"7 The Broadway, Chingford, London, E4 9LQ"
2026-09-04,1984336,Syed's Kitchen & grill,Takeaway/sandwich shop,16 Burnside Avenue,,Chingford,London,E4 8YJ,Waltham Forest,AwaitingInspection,,FHRS,True,,,"16 Burnside Avenue, Chingford, London, E4 8YJ"
2026-09-04,1984534,Bad Apple Ltd,Takeaway/sandwich shop,32 St Michaels Avenue,Gedling,Nottinghamshire,,NG4 3NN,Gedling,AwaitingInspection,,FHRS,False,,,"32 St Michaels Avenue, Gedling, Nottinghamshire, NG4 3NN"
2026-09-04,1984380,Téranga Street Food,Takeaway/sandwich shop,Epstein Buildings,Mivart Street,Easton,Bristol,BS5 6JF,Bristol,AwaitingInspection,,FHRS,False,,,"Epstein Buildings, Mivart Street, Easton, Bristol, BS5 6JF"
2026-09-04,1984259,Antonios,Takeaway/sandwich shop,Antonis Kebab And Pizza Takeaway,109 Gladstone Street,Darlington,,DL3 6LA,Darlington,AwaitingInspection,,FHRS,False,,,"Antonis Kebab And Pizza Takeaway, 109 Gladstone Street, Darlington, DL3 6LA"
2026-09-04,1984269,Babul's Street,Takeaway/sandwich shop,6 Covered Market,East Row,Darlington,,DL1 5PX,Darlington,5,2026-08-28,FHRS,False,,,"6 Covered Market, East Row, Darlington, DL1 5PX"
2026-09-04,232559,Costa Coffee,Takeaway/sandwich shop,Kiosk (Platform Four),Bank Top Station,Park Lane,DARLINGTON,DL1 4AA,Darlington,5,2025-06-04,FHRS,False,,,"Kiosk (Platform Four), Bank Top Station, Park Lane, DARLINGTON, DL1 4AA"
2026-09-04,1984277,Heighington Takeaway,Takeaway/sandwich shop,2 Church View,Heighington,,,DL5 6PN,Darlington,5,2026-08-20,FHRS,False,,,"2 Church View, Heighington, DL5 6PN"
2026-09-04,1984274,Rice Inn,Takeaway/sandwich shop,118 Parkgate,Darlington,,,DL1 1RX,Darlington,AwaitingInspection,,FHRS,False,,,"118 Parkgate, Darlington, DL1 1RX"
2026-09-04,1984242,Lucky House,Takeaway/sandwich shop,170 Mortimer Street,Herne Bay,Kent,,CT6 5DU,Canterbury City,AwaitingInspection,,FHRS,False,,,"170 Mortimer Street, Herne Bay, Kent, CT6 5DU"
2026-09-04,1984307,Bridge Road Chippy,Takeaway/sandwich shop,Sutton Bridge,,Spalding,,PE12 9SF,South Holland,AwaitingInspection,,FHRS,False,,,"Sutton Bridge, Spalding, PE12 9SF"
2026-09-04,1984305,Spalding pizza house,Takeaway/sandwich shop,Spalding Pizza House 58A Bourne Road,,Spalding,Lincolnshire,PE11 1JW,South Holland,5,2026-08-12,FHRS,False,,,"Spalding Pizza House 58A Bourne Road, Spalding, Lincolnshire, PE11 1JW"
2026-09-04,1984320,"Toppings also t/a Tinseltown, King of Wings, Dog 'N' Bun, Protein Push",Takeaway/sandwich shop,2 Westlode Street,,Spalding,,PE11 2AF,South Holland,5,2026-08-12,FHRS,False,,,"2 Westlode Street, Spalding, PE11 2AF"
2026-09-04,1984311,Wingzspot,Takeaway/sandwich shop,25 New Road,,Spalding,,PE11 1DQ,South Holland,AwaitingInspection,,FHRS,False,,,"25 New Road, Spalding, PE11 1DQ"
2026-09-04,1984591,Oscars,Takeaway/sandwich shop,Greendale Farm Shop,Sidmouth Road,Farringdon,Exeter,EX5 2JU,East Devon,5,2026-08-06,FHRS,False,,,"Greendale Farm Shop, Sidmouth Road, Farringdon, Exeter, EX5 2JU"
2026-09-04,1984589,Sea Side And Tacos,Takeaway/sandwich shop,,,,,,East Devon,5,2025-08-04,FHRS,False,,,
2026-09-04,1984512,Italian Quality,Takeaway/sandwich shop,,,,,,Redditch,AwaitingInspection,,FHRS,False,,,
2026-09-04,1984560,Spiceland,Takeaway/sandwich shop,16 Market Street,Wellington,Telford,Shropshire,TF1 1DT,Telford and Wrekin Council,AwaitingInspection,,FHRS,False,,,"16 Market Street, Wellington, Telford, Shropshire, TF1 1DT"
2026-09-04,1984350,OLYMPUS,Takeaway/sandwich shop,The Big Lamp Chip Shop And Cafe,14 Pall Mall,Chorley,,PR7 2LA,Chorley,AwaitingInspection,,FHRS,False,,,"The Big Lamp Chip Shop And Cafe, 14 Pall Mall, Chorley, PR7 2LA"
2026-09-04,1984619,Scottish Vintage Bus Museum - Cafe,Takeaway/sandwich shop,Vintage Bus Museum Exhibition Hall M90 Commerce Park Dunfermline Fife,,,,KY12 0SJ,Fife,Awaiting Inspection,2026-08-26,FHIS,False,,,"Vintage Bus Museum Exhibition Hall M90 Commerce Park Dunfermline Fife, KY12 0SJ"
2026-09-04,1984469,Thai Guy,Takeaway/sandwich shop,Brick Lane Upmarket,83 Brick Lane,London,,E1 6QR,Tower Hamlets,AwaitingInspection,,FHRS,False,,,"Brick Lane Upmarket, 83 Brick Lane, London, E1 6QR"
2026-09-04,1984503,Dal Fiorentino,Takeaway/sandwich shop,Dal Fiorentino,75 City Road,London,EC1Y 1BD,EC1Y 1BD,Islington,AwaitingInspection,,FHRS,False,,,"Dal Fiorentino, 75 City Road, London, EC1Y 1BD, EC1Y 1BD"
2026-09-04,1984569,Pizza Go Go,Takeaway/sandwich shop,4 Railway Approach,Tonbridge,Kent,,TN9 2RQ,Tonbridge and Malling,AwaitingInspection,,FHRS,False,,,"4 Railway Approach, Tonbridge, Kent, TN9 2RQ"
2026-09-04,1984631,Z&B's Rooster Corner,Takeaway/sandwich shop,4 Erconwald Street,London,,,W12 0BS,Hammersmith and Fulham,AwaitingInspection,,FHRS,False,,,"4 Erconwald Street, London, W12 0BS"
2026-09-04,1984448,Kostas BBQ Grill,Takeaway/sandwich shop,13 Gateford Road,Worksop,Nottinghamshire,,S80 1DY,Bassetlaw,AwaitingInspection,,FHRS,False,,,"13 Gateford Road, Worksop, Nottinghamshire, S80 1DY"
2026-09-04,1984403,Banh Banh Vietnamese,Takeaway/sandwich shop,3A Cody Business Centre,North Crescent,Canning Town,London,E16 4TG,Newham,AwaitingInspection,,FHRS,False,,,"3A Cody Business Centre, North Crescent, Canning Town, London, E16 4TG"
2026-09-04,1984395,Bialie Assured Culinary,Takeaway/sandwich shop,335 Barking Road,Plaistow,London,,E13 8EE,Newham,AwaitingInspection,,FHRS,False,,,"335 Barking Road, Plaistow, London, E13 8EE"
2026-09-04,1984390,ColdCraft,Takeaway/sandwich shop,5 Myrtle Road,East Ham,London,,E6 1HU,Newham,AwaitingInspection,,FHRS,False,,,"5 Myrtle Road, East Ham, London, E6 1HU"
2026-09-04,1984393,Romeos Pizza,Takeaway/sandwich shop,31 Station Road,Manor Park,London,,E12 5BP,Newham,AwaitingInspection,,FHRS,True,,,"31 Station Road, Manor Park, London, E12 5BP"
2026-09-04,1984396,Shahi Paan Mahal,Takeaway/sandwich shop,168 Plashet Road,Plaistow,London,,E13 0QT,Newham,AwaitingInspection,,FHRS,False,,,"168 Plashet Road, Plaistow, London, E13 0QT"
2026-09-04,1984651,Crown Sweet Centre & Indian Street Food,Takeaway/sandwich shop,Mallin Street,,,Smethwick,B66 1QZ,Sandwell,AwaitingInspection,,FHRS,False,,,"Mallin Street, Smethwick, B66 1QZ"
2026-09-04,1984658,Pit Stop Food and Coffee Ltd,Takeaway/sandwich shop,219a Whitehall Road,,,West Bromwich,B70 0HQ,Sandwell,AwaitingInspection,,FHRS,False,,,"219a Whitehall Road, West Bromwich, B70 0HQ"
2026-09-04,1984646,Saada Halwai,Takeaway/sandwich shop,63 Church Road,,,Smethwick,B67 6HA,Sandwell,AwaitingInspection,,FHRS,False,,,"63 Church Road, Smethwick, B67 6HA"
2026-09-04,1984660,The Daily Fish Bar,Takeaway/sandwich shop,159b Heath Lane,,,West Bromwich,B71 2BL,Sandwell,AwaitingInspection,,FHRS,False,,,"159b Heath Lane, West Bromwich, B71 2BL"
2026-09-04,1984563,Blind Cow takeaway pensby,Takeaway/sandwich shop,138 Irby Road,,Pensby,Wirral,CH61 6XQ,Wirral,AwaitingInspection,,FHRS,True,,,"138 Irby Road, Pensby, Wirral, CH61 6XQ"
2026-09-04,1984555,Dpac's Delights,Takeaway/sandwich shop,,1 East Bridge Street,,Falkirk,FK1 1YD,Falkirk,Awaiting Inspection,,FHIS,False,,,"1 East Bridge Street, Falkirk, FK1 1YD"
2026-09-04,197368,4Seasons Take Away & Jichawock,Takeaway/sandwich shop,,14 The Centre,Weston-Super-Mare,,BS23 1UW,North Somerset,5,2024-08-20,FHRS,False,,,"14 The Centre, Weston-Super-Mare, BS23 1UW"
2026-09-04,1815590,Amazing Asia,Takeaway/sandwich shop,,30-34 St James Street,Weston-Super-Mare,,BS23 1ST,North Somerset,5,2025-11-13,FHRS,False,,,"30-34 St James Street, Weston-Super-Mare, BS23 1ST"
2026-09-04,1929843,Marcie & Audrey's Bakery,Takeaway/sandwich shop,,,,,,North Somerset,5,2026-03-13,FHRS,False,,,
2026-09-04,186964,Sea Shells,Takeaway/sandwich shop,,97 Moorland Road,Weston-Super-Mare,North Somerset,BS23 4HS,North Somerset,5,2024-06-25,FHRS,False,,,"97 Moorland Road, Weston-Super-Mare, North Somerset, BS23 4HS"
2026-09-04,241846,Ming Kee,Takeaway/sandwich shop,,27 St Johns,,Warwick,CV34 4NE,Warwick,5,2025-09-30,FHRS,False,,,"27 St Johns, Warwick, CV34 4NE"
2026-09-04,1711838,Spicebox,Takeaway/sandwich shop,Shop,141 Winter Road,Southsea,,PO4 8DR,Portsmouth,0,2026-05-20,FHRS,False,,,"Shop, 141 Winter Road, Southsea, PO4 8DR"
2026-09-04,1984342,The Best Kebab,Takeaway/sandwich shop,224 London Road,Portsmouth,,,PO2 9JQ,Portsmouth,AwaitingInspection,,FHRS,False,,,"224 London Road, Portsmouth, PO2 9JQ"
2026-09-05,1984970,Broadway Fish Bar,Takeaway/sandwich shop,26 Broadway,Bushbury,Wolverhampton,West Midlands,WV10 8EB,Wolverhampton,AwaitingInspection,,FHRS,False,,,"26 Broadway, Bushbury, Wolverhampton, West Midlands, WV10 8EB"
2026-09-05,1984989,Crab Daddy,Takeaway/sandwich shop,47 School Street,Wolverhampton,West Midlands,,WV1 4LR,Wolverhampton,AwaitingInspection,,FHRS,False,,,"47 School Street, Wolverhampton, West Midlands, WV1 4LR"
2026-09-05,1971097,Olive & Juice,Takeaway/sandwich shop,1C Clark Road,Wolverhampton,West Midlands,,WV3 9NW,Wolverhampton,AwaitingInspection,,FHRS,False,,,"1C Clark Road, Wolverhampton, West Midlands, WV3 9NW"
2026-09-05,1984969,Subway Bilston,Takeaway/sandwich shop,26 High Street,Bilston,Wolverhampton,West Midlands,WV14 0EP,Wolverhampton,AwaitingInspection,,FHRS,False,,,"26 High Street, Bilston, Wolverhampton, West Midlands, WV14 0EP"
2026-09-05,1984832,Greggs Plc,Takeaway/sandwich shop,Greggs,Darlington Railway Station,Neasham Road,Darlington,DL1 4WL,Darlington,AwaitingInspection,,FHRS,False,,,"Greggs, Darlington Railway Station, Neasham Road, Darlington, DL1 4WL"
2026-09-05,1984893,Currys Lab,Takeaway/sandwich shop,,,301 Holywood Road,Belfast,BT4 2EX,Belfast City,AwaitingInspection,,FHRS,False,,,"301 Holywood Road, Belfast, BT4 2EX"
2026-09-05,1689335,Turkish Kebab and Pizza House,Takeaway/sandwich shop,,,148 Springfield Road,Belfast,BT12 7DQ,Belfast City,AwaitingInspection,,FHRS,True,,,"148 Springfield Road, Belfast, BT12 7DQ"
2026-09-05,1984930,Lucky House,Takeaway/sandwich shop,,13 Sharpley Rd,,Loughborough,LE11 4PJ,Charnwood,AwaitingInspection,,FHRS,False,,,"13 Sharpley Rd, Loughborough, LE11 4PJ"
2026-09-05,1984879,Easternbay,Takeaway/sandwich shop,28 St. Andrews Road South,,Lytham St. Annes,,FY8 1PS,Fylde,AwaitingInspection,,FHRS,True,,,"28 St. Andrews Road South, Lytham St. Annes, FY8 1PS"
2026-09-05,1984875,New Beijing,Takeaway/sandwich shop,107 Poulton Street,,Kirkham,Lancashire,PR4 2AJ,Fylde,5,2026-02-05,FHRS,False,,,"107 Poulton Street, Kirkham, Lancashire, PR4 2AJ"
2026-09-05,1984880,Rainbow House Chinese Takeaway,Takeaway/sandwich shop,23 Naze Lane,,Freckleton,Lancashire,PR4 1RH,Fylde,AwaitingInspection,,FHRS,True,,,"23 Naze Lane, Freckleton, Lancashire, PR4 1RH"
2026-09-05,1984874,The Captains Table,Takeaway/sandwich shop,Chip Shop Newton Hall Holiday Centre Staining Road,,Staining,Lancashire,,Fylde,1,2025-10-30,FHRS,False,,,"Chip Shop Newton Hall Holiday Centre Staining Road, Staining, Lancashire"
2026-09-05,1984733,Saagar’s Indian Kitchen,Takeaway/sandwich shop,,,,,,Richmond-Upon-Thames,AwaitingInspection,,FHRS,False,,,
2026-09-05,1984738,The Hungry Bridge,Takeaway/sandwich shop,,10a High Street,Newbridge,Newport,NP11 4EY,Caerphilly,AwaitingInspection,,FHRS,False,,,"10a High Street, Newbridge, Newport, NP11 4EY"
2026-09-05,1984861,Dominic's Pizza,Takeaway/sandwich shop,377 Mitcham Road,Croydon,,,CR0 3HP,Croydon,AwaitingInspection,,FHRS,True,,,"377 Mitcham Road, Croydon, CR0 3HP"
2026-09-05,1984867,Munchez,Takeaway/sandwich shop,1 Cleveland Street,,Doncaster,,DN1 3EH,Doncaster,AwaitingInspection,,FHRS,False,,,"1 Cleveland Street, Doncaster, DN1 3EH"
2026-09-05,1984863,Red Tomato,Takeaway/sandwich shop,Unit 2 Greenhouse Court Thorne Road,Wheatley Hills,Doncaster,,DN2 5GA,Doncaster,AwaitingInspection,,FHRS,False,,,"Unit 2 Greenhouse Court Thorne Road, Wheatley Hills, Doncaster, DN2 5GA"
2026-09-05,1984866,Spices,Takeaway/sandwich shop,8 East Laith Gate,,Doncaster,,DN1 1HZ,Doncaster,AwaitingInspection,,FHRS,False,,,"8 East Laith Gate, Doncaster, DN1 1HZ"
2026-09-05,1984700,Stewarts chip shop,Takeaway/sandwich shop,183 Mill Street,Corporation South,Newtownards,Down,BT23 4LN,Ards and North Down,AwaitingInspection,,FHRS,False,,,"183 Mill Street, Corporation South, Newtownards, Down, BT23 4LN"
2026-09-05,1984683,The Dungaree Baker @The Kiosk,Takeaway/sandwich shop,Blacklow Brow,Huyton,Knowsley,,L36 5XE,Knowsley,AwaitingInspection,,FHRS,False,,,"Blacklow Brow, Huyton, Knowsley, L36 5XE"
2026-09-05,1984681,Three Mersey Chef,Takeaway/sandwich shop,54 Copplehouse Lane,Field Lane Estate,Knowsley,,L10 0AF,Knowsley,AwaitingInspection,,FHRS,False,,,"54 Copplehouse Lane, Field Lane Estate, Knowsley, L10 0AF"
2026-09-05,1984916,Lone Pine Pizza,Takeaway/sandwich shop,32 Market Street,New Mills,High Peak,,SK22 4AE,High Peak,AwaitingInspection,,FHRS,False,,,"32 Market Street, New Mills, High Peak, SK22 4AE"
2026-09-05,1984755,One Stop Pizza And Dessert,Takeaway/sandwich shop,13 Windsor Street,Melton Mowbray,,,LE13 1BU,Melton,AwaitingInspection,,FHRS,False,,,"13 Windsor Street, Melton Mowbray, LE13 1BU"
2026-09-05,1984921,Peking House,Takeaway/sandwich shop,74-76 Marton Drive,,,,FY4 3DP,Blackpool,5,2026-09-04,FHRS,False,,,"74-76 Marton Drive, FY4 3DP"
2026-09-05,1984964,Fish and Chips,Takeaway/sandwich shop,,Acle New Road,Great Yarmouth,Norfolk,NR30 1TB,Great Yarmouth,5,2026-09-01,FHRS,False,,,"Acle New Road, Great Yarmouth, Norfolk, NR30 1TB"
2026-09-05,1577552,Finley's Bar And Food Shack,Takeaway/sandwich shop,Unit 1,Masons Arms,7 Emmett Carr Lane,Renishaw,S21 3UL,North East Derbyshire,5,2026-01-27,FHRS,False,,,"Unit 1, Masons Arms, 7 Emmett Carr Lane, Renishaw, S21 3UL"
2026-09-05,1984773,Alis Takeaway,Takeaway/sandwich shop,140 Chapel House Road,Nelson,Lancashire,,BB9 9PJ,Pendle,AwaitingInspection,,FHRS,False,,,"140 Chapel House Road, Nelson, Lancashire, BB9 9PJ"
2026-09-05,1984902,Crystal Garden,Takeaway/sandwich shop,Crystal Garden 42 Dover Road,,Walmer,Kent,CT14 7JW,Dover,AwaitingInspection,,FHRS,True,,,"Crystal Garden 42 Dover Road, Walmer, Kent, CT14 7JW"
2026-09-05,1984852,Kowloon,Takeaway/sandwich shop,92 Leyland Road,Penwortham,Preston,Lancashire,PR1 9QJ,South Ribble,AwaitingInspection,,FHRS,False,,,"92 Leyland Road, Penwortham, Preston, Lancashire, PR1 9QJ"
2026-09-05,1984890,Captain's fish bar,Takeaway/sandwich shop,16 Quebec Street,,Dereham,Norfolk,NR19 2DJ,Breckland,AwaitingInspection,,FHRS,False,,,"16 Quebec Street, Dereham, Norfolk, NR19 2DJ"
2026-09-05,1984891,El Taco,Takeaway/sandwich shop,8 Quebec Street,,Dereham,,NR19 2DJ,Breckland,AwaitingInspection,,FHRS,False,,,"8 Quebec Street, Dereham, NR19 2DJ"
2026-09-05,1984767,The Golden Grill,Takeaway/sandwich shop,231A Streatham Road,Streatham,London,Merton,SW16 6PB,Merton,AwaitingInspection,,FHRS,False,,,"231A Streatham Road, Streatham, London, Merton, SW16 6PB"
2026-09-05,1984936,Bangkok on The Walk,Takeaway/sandwich shop,12 Albert Place,Edinburgh,,,EH7 5HN,Edinburgh (City of),Awaiting Inspection,2026-08-31,FHIS,False,,,"12 Albert Place, Edinburgh, EH7 5HN"
2026-09-05,1984940,CHINA HOT CHILLI,Takeaway/sandwich shop,3 Tarvit Street,Edinburgh,,,EH3 9LB,Edinburgh (City of),Awaiting Inspection,2026-09-02,FHIS,False,,,"3 Tarvit Street, Edinburgh, EH3 9LB"
2026-09-05,1984939,Erbil Takeaway,Takeaway/sandwich shop,202 Dalkeith Road,Edinburgh,,,EH16 5DT,Edinburgh (City of),Awaiting Inspection,2026-09-02,FHIS,False,,,"202 Dalkeith Road, Edinburgh, EH16 5DT"
2026-09-05,1984938,Gogi's Takeaway,Takeaway/sandwich shop,1b Magdalene Drive,Edinburgh,,,EH15 3DA,Edinburgh (City of),Awaiting Inspection,2026-09-02,FHIS,False,,,"1b Magdalene Drive, Edinburgh, EH15 3DA"
2026-09-05,1984954,Sisters Fish Bar,Takeaway/sandwich shop,102 Crostwick Lane,Spixworth,Norfolk,,NR10 3NQ,Broadland,AwaitingInspection,,FHRS,False,,,"102 Crostwick Lane, Spixworth, Norfolk, NR10 3NQ"
2026-09-05,1984741,Jay's Chicken - Bishops Stortford,Takeaway/sandwich shop,14 Market Square,Bishops Stortford,Hertfordshire,,CM23 3UU,East Hertfordshire,AwaitingInspection,,FHRS,False,,,"14 Market Square, Bishops Stortford, Hertfordshire, CM23 3UU"
2026-09-05,1984738,The Hungry Bridge,Takeaway/sandwich shop,,10a High Street,Newbridge,Newport,NP11 4EY,Caerffili,AwaitingInspection,,FHRS,False,,,"10a High Street, Newbridge, Newport, NP11 4EY"
2026-09-08,1763453,Geordie Banger,Takeaway/sandwich shop,Unit C,4 Silver Fox Way,West Allotment,Newcastle Upon Tyne,NE27 0QJ,North Tyneside,5,2024-09-24,FHRS,False,,,"Unit C, 4 Silver Fox Way, West Allotment, Newcastle Upon Tyne, NE27 0QJ"
2026-09-08,1985033,CUE SPOT,Takeaway/sandwich shop,First Floor 105 - 109 Adelaide Terrace,,Newcastle Upon Tyne,,NE4 8BB,Newcastle Upon Tyne,AwaitingInspection,,FHRS,False,,,"First Floor 105 - 109 Adelaide Terrace, Newcastle Upon Tyne, NE4 8BB"
2026-09-08,1985094,AJ Bubble Tea,Takeaway/sandwich shop,Unit 22,55 St Enoch Square,Glasgow,,G1 4BW,Glasgow City,Awaiting Inspection,2026-08-28,FHIS,False,,,"Unit 22, 55 St Enoch Square, Glasgow, G1 4BW"
2026-09-08,1985087,Chilli Express,Takeaway/sandwich shop,,1196 Maryhill Road,Glasgow,,G20 9BA,Glasgow City,Awaiting Inspection,2026-08-25,FHIS,False,,,"1196 Maryhill Road, Glasgow, G20 9BA"
2026-09-08,1985084,KUMO,Takeaway/sandwich shop,,5 Allison Street,Glasgow,,G42 8NP,Glasgow City,Awaiting Inspection,2026-08-24,FHIS,False,,,"5 Allison Street, Glasgow, G42 8NP"
2026-09-08,1985099,Loaded Haus,Takeaway/sandwich shop,,12 Marne Street,Glasgow,,G31 2TD,Glasgow City,Awaiting Inspection,2026-09-02,FHIS,False,,,"12 Marne Street, Glasgow, G31 2TD"
2026-09-08,1985086,Troy,Takeaway/sandwich shop,,118 Battlefield Road,Glasgow,,G42 9JT,Glasgow City,Awaiting Inspection,2026-08-25,FHIS,False,,,"118 Battlefield Road, Glasgow, G42 9JT"
2026-09-08,1985089,Zaiqa Curry House,Takeaway/sandwich shop,,661 Cathcart Road,Glasgow,,G42 8AP,Glasgow City,Awaiting Inspection,2026-08-27,FHIS,False,,,"661 Cathcart Road, Glasgow, G42 8AP"
2026-09-08,1985184,Basil Express,Takeaway/sandwich shop,,160 High Road,Wood Green,London,N22 6EB,Haringey,4,2025-12-10,FHRS,False,,,"160 High Road, Wood Green, London, N22 6EB"
2026-09-08,1985191,Chicken Valley,Takeaway/sandwich shop,34 Topsfield Parade,Tottenham Lane,Hornsey,London,N8 8PT,Haringey,AwaitingInspection,,FHRS,True,,,"34 Topsfield Parade, Tottenham Lane, Hornsey, London, N8 8PT"
2026-09-08,1547410,Lee Mount Balti House,Takeaway/sandwich shop,4 Wheatley Lane,Lee Mount,Halifax,Calderdale,HX3 5EU,Calderdale,3,2026-05-21,FHRS,False,,,"4 Wheatley Lane, Lee Mount, Halifax, Calderdale, HX3 5EU"
2026-09-08,1985118,Flame Grill,Takeaway/sandwich shop,171 High Street,Banstead,Surrey,,SM7 2NT,Reigate and Banstead,AwaitingInspection,,FHRS,True,,,"171 High Street, Banstead, Surrey, SM7 2NT"
2026-09-08,1985125,Papa Johns Pizza,Takeaway/sandwich shop,46 - 48 High Street,Redhill,Surrey,,RH1 1SH,Reigate and Banstead,AwaitingInspection,,FHRS,False,,,"46 - 48 High Street, Redhill, Surrey, RH1 1SH"
2026-09-08,1926578,Supreme Fish And Kebab,Takeaway/sandwich shop,Supreme Fish,20 Station Road,Redhill,Surrey,RH1 1PD,Reigate and Banstead,4,2026-02-20,FHRS,False,,,"Supreme Fish, 20 Station Road, Redhill, Surrey, RH1 1PD"
2026-09-08,1944408,Big Sandwich Club,Takeaway/sandwich shop,28 Commerce Way,,Liverpool,,L8 7BA,Liverpool,2,2026-08-04,FHRS,False,,,"28 Commerce Way, Liverpool, L8 7BA"
2026-09-08,1985145,I NAR shawarma,Takeaway/sandwich shop,64 - 66 London Road,,Liverpool,,L3 5NF,Liverpool,3,2026-07-09,FHRS,False,,,"64 - 66 London Road, Liverpool, L3 5NF"
2026-09-08,1985144,Spice Thai Lark Lane,Takeaway/sandwich shop,12 Lark Lane,,Liverpool,,L17 8US,Liverpool,AwaitingInspection,,FHRS,False,,,"12 Lark Lane, Liverpool, L17 8US"
2026-09-08,1985380,DEVS PIZZA,Takeaway/sandwich shop,2 Evesham Place,Stratford-upon-Avon,,,CV37 6HT,Stratford-on-Avon,AwaitingInspection,,FHRS,False,,,"2 Evesham Place, Stratford-upon-Avon, CV37 6HT"
2026-09-08,1985369,Pekko Pizza,Takeaway/sandwich shop,,,,,,Stratford-on-Avon,AwaitingInspection,,FHRS,False,,,
2026-09-08,1985371,Quill And Cup,Takeaway/sandwich shop,Coxs Yard,Bridgefoot,Stratford-upon-Avon,,CV37 6YY,Stratford-on-Avon,AwaitingInspection,,FHRS,False,,,"Coxs Yard, Bridgefoot, Stratford-upon-Avon, CV37 6YY"
2026-09-08,1985250,All Stars/Smoosh,Takeaway/sandwich shop,,75 Pinfold Avenue,Norton,Stoke-On-Trent,ST6 8EW,Stoke-On-Trent,AwaitingInspection,,FHRS,False,,,"75 Pinfold Avenue, Norton, Stoke-On-Trent, ST6 8EW"
2026-09-08,1985246,Stoke Kebab,Takeaway/sandwich shop,,80-82 Roundwell Street,Tunstall,Stoke-On-Trent,ST6 5AN,Stoke-On-Trent,AwaitingInspection,,FHRS,False,,,"80-82 Roundwell Street, Tunstall, Stoke-On-Trent, ST6 5AN"
2026-09-08,1985227,Vegan Moment,Takeaway/sandwich shop,,497 Hartshill Road,Hartshill,Stoke-On-Trent,ST4 6AA,Stoke-On-Trent,AwaitingInspection,,FHRS,False,,,"497 Hartshill Road, Hartshill, Stoke-On-Trent, ST4 6AA"
2026-09-08,1985417,Fat Dumplin,Takeaway/sandwich shop,,123b Harlington Road West,Feltham,,TW14 0JG,Hounslow,AwaitingInspection,,FHRS,False,,,"123b Harlington Road West, Feltham, TW14 0JG"
2026-09-08,1985221,The Dessert Club,Takeaway/sandwich shop,,,,,,Dorset,AwaitingInspection,,FHRS,False,,,
2026-09-08,1985193,The Grove Service Station,Takeaway/sandwich shop,The Grove,,Dorchester,,DT1 1XU,Dorset,AwaitingInspection,,FHRS,False,,,"The Grove, Dorchester, DT1 1XU"
2026-09-08,1985305,Mals,Takeaway/sandwich shop,,65 Newton Road,,Mumbles,SA3 4BL,Swansea,AwaitingInspection,,FHRS,False,,,"65 Newton Road, Mumbles, SA3 4BL"
2026-09-08,1985307,Oak & Fire,Takeaway/sandwich shop,,198 Neath Road,,Landore,SA1 2JT,Swansea,AwaitingInspection,,FHRS,False,,,"198 Neath Road, Landore, SA1 2JT"
2026-09-08,299929,Chinese Garden,Takeaway/sandwich shop,,1 South Road,,Kendal,LA9 5QH,Westmorland and Furness,AwaitingInspection,,FHRS,False,,,"1 South Road, Kendal, LA9 5QH"
2026-09-08,1985285,Coffee Cave at Rydal,Takeaway/sandwich shop,,White Moss,,Ambleside,LA22 9SE,Westmorland and Furness,AwaitingInspection,,FHRS,False,,,"White Moss, Ambleside, LA22 9SE"
2026-09-08,300008,Grasmere Kebabs Shop,Takeaway/sandwich shop,The Old Coach House,Stock Lane,,Grasmere,LA22 9SL,Westmorland and Furness,4,2026-07-31,FHRS,False,,,"The Old Coach House, Stock Lane, Grasmere, LA22 9SL"
2026-09-08,328758,Sundae Roast,Takeaway/sandwich shop,The Promenade Shop,Lake Road,,Windermere,LA23 3DE,Westmorland and Furness,AwaitingInspection,,FHRS,False,,,"The Promenade Shop, Lake Road, Windermere, LA23 3DE"
2026-09-08,328840,The Brew Stop,Takeaway/sandwich shop,,8a North Lonsdale Road,,Ulverston,LA12 9DT,Westmorland and Furness,AwaitingInspection,,FHRS,False,,,"8a North Lonsdale Road, Ulverston, LA12 9DT"
2026-09-08,1967406,Village Pizza,Takeaway/sandwich shop,Staveley Fish And Chip Shop,Main Street,,Staveley,LA8 9LU,Westmorland and Furness,5,2026-07-30,FHRS,False,,,"Staveley Fish And Chip Shop, Main Street, Staveley, LA8 9LU"
2026-09-08,849106,Mr Toppings,Takeaway/sandwich shop,,88 Star Road,Peterborough,,PE1 5HQ,Peterborough City,5,2026-09-03,FHRS,False,,,"88 Star Road, Peterborough, PE1 5HQ"
2026-09-08,1985305,Mals,Takeaway/sandwich shop,,65 Newton Road,,Mumbles,SA3 4BL,Abertawe,AwaitingInspection,,FHRS,False,,,"65 Newton Road, Mumbles, SA3 4BL"
2026-09-08,1985307,Oak & Fire,Takeaway/sandwich shop,,198 Neath Road,,Landore,SA1 2JT,Abertawe,AwaitingInspection,,FHRS,False,,,"198 Neath Road, Landore, SA1 2JT"
2026-09-08,1985422,Oaklands Chicken,Takeaway/sandwich shop,73A Hatfield Road,St Albans,Hertfordshire,,AL1 4JL,St Albans City,AwaitingInspection,,FHRS,False,,,"73A Hatfield Road, St Albans, Hertfordshire, AL1 4JL"
2026-09-08,1985429,Smoky Boys,Takeaway/sandwich shop,33 Vesta Avenue,St Albans,Hertfordshire,,AL1 2PG,St Albans City,1,2026-07-02,FHRS,False,,,"33 Vesta Avenue, St Albans, Hertfordshire, AL1 2PG"
2026-09-08,1985413,China Cottage,Takeaway/sandwich shop,8 High Street,Buckingham,Buckinghamshire,,MK18 1NT,Buckinghamshire,AwaitingInspection,,FHRS,False,,,"8 High Street, Buckingham, Buckinghamshire, MK18 1NT"
2026-09-08,1985412,Lucky Star Kitchen,Takeaway/sandwich shop,,,,,,Buckinghamshire,AwaitingInspection,,FHRS,False,,,
2026-09-08,1985057,Pasha's,Takeaway/sandwich shop,Country Kitchen Chapel Street,,Tregaron,,SY25 6HA,Ceredigion,AwaitingInspection,,FHRS,False,,,"Country Kitchen Chapel Street, Tregaron, SY25 6HA"
2026-09-08,1985057,Pasha's,Takeaway/sandwich shop,Country Kitchen Chapel Street,,Tregaron,,SY25 6HA,Ceredigion,AwaitingInspection,,FHRS,False,,,"Country Kitchen Chapel Street, Tregaron, SY25 6HA"
2026-09-08,1985023,3 Shah’s Takeaway,Takeaway/sandwich shop,3 High Street,Tutbury,Burton upon Trent,,DE13 9LP,East Staffordshire,AwaitingInspection,,FHRS,False,,,"3 High Street, Tutbury, Burton upon Trent, DE13 9LP"
2026-09-08,1985013,Pizza Papa,Takeaway/sandwich shop,,,,,,East Staffordshire,AwaitingInspection,,FHRS,False,,,
2026-09-08,1985018,STACK500,Takeaway/sandwich shop,67A Uxbridge Street,Burton upon Trent,,,DE14 3JU,East Staffordshire,AwaitingInspection,,FHRS,False,,,"67A Uxbridge Street, Burton upon Trent, DE14 3JU"
2026-09-08,1985016,Tutbury Village Kitchen Tutbury Village Kitchen,Takeaway/sandwich shop,17 High Street,Tutbury,Burton upon Trent,,DE13 9LP,East Staffordshire,AwaitingInspection,,FHRS,False,,,"17 High Street, Tutbury, Burton upon Trent, DE13 9LP"
2026-09-08,1985346,Boston Fried Chicken,Takeaway/sandwich shop,Boston Fried Chicken,415 Manchester Road,Droylsden,Tameside,M43 6QF,Tameside,AwaitingInspection,,FHRS,False,,,"Boston Fried Chicken, 415 Manchester Road, Droylsden, Tameside, M43 6QF"
2026-09-08,1985294,Freddys Chicken And Pizza,Takeaway/sandwich shop,Freddys,441 Manchester Road,Droylsden,Tameside,M43 6JE,Tameside,5,2026-09-02,FHRS,False,,,"Freddys, 441 Manchester Road, Droylsden, Tameside, M43 6JE"
2026-09-08,1985348,Hong Ho,Takeaway/sandwich shop,Hong Ho,522 Audenshaw Road,Audenshaw,Tameside,M34 5PT,Tameside,AwaitingInspection,,FHRS,False,,,"Hong Ho, 522 Audenshaw Road, Audenshaw, Tameside, M34 5PT"
2026-09-08,1469434,Fireaway Pizza,Takeaway/sandwich shop,,43 Oxford Street,Weston-Super-Mare,North Somerset,BS23 1TN,North Somerset,AwaitingInspection,,FHRS,False,,,"43 Oxford Street, Weston-Super-Mare, North Somerset, BS23 1TN"
2026-09-08,1985297,Olive tree,Takeaway/sandwich shop,Olive Tree 20 Station Yard,Needham Market,IPSWICH,Suffolk,IP6 8AS,Mid Suffolk,5,2026-09-04,FHRS,False,,,"Olive Tree 20 Station Yard, Needham Market, IPSWICH, Suffolk, IP6 8AS"
2026-09-09,1985603,Chutneys Bristol,Takeaway/sandwich shop,,45 Greenleaze,Knowle,Bristol,BS4 2TL,Bristol,AwaitingInspection,,FHRS,False,,,"45 Greenleaze, Knowle, Bristol, BS4 2TL"
2026-09-09,1985599,Flavour hub,Takeaway/sandwich shop,,107 Stokes Croft,St Pauls,Bristol,BS1 3RW,Bristol,AwaitingInspection,,FHRS,False,,,"107 Stokes Croft, St Pauls, Bristol, BS1 3RW"
2026-09-09,1983765,Pickards Tea Room,Takeaway/sandwich shop,,,,,,Leeds,AwaitingInspection,,FHRS,False,,,
2026-09-09,1985565,B Kitchen,Takeaway/sandwich shop,142 Houndsditch,London,,,EC3A 7DH,City of London Corporation,AwaitingInspection,,FHRS,False,,,"142 Houndsditch, London, EC3A 7DH"
2026-09-09,1985567,Hola Guacamole,Takeaway/sandwich shop,8 Ludgate Circus,London,,,EC4M 7LF,City of London Corporation,AwaitingInspection,,FHRS,False,,,"8 Ludgate Circus, London, EC4M 7LF"
2026-09-09,1985486,SpudBros Express,Takeaway/sandwich shop,89 Great Western Outlet Village,1 - 144 Kemble Drive,Rodbourne,Swindon,SN2 2DZ,Swindon,AwaitingInspection,,FHRS,False,,,"89 Great Western Outlet Village, 1 - 144 Kemble Drive, Rodbourne, Swindon, SN2 2DZ"
2026-09-09,1985457,Chicken Fellas,Takeaway/sandwich shop,256 Lockwood Road,Lockwood,Huddersfield,,HD1 3TG,Kirklees,4,2026-08-13,FHRS,False,,,"256 Lockwood Road, Lockwood, Huddersfield, HD1 3TG"
2026-09-09,1985452,Dynasty,Takeaway/sandwich shop,15A Southfield Road,Almondbury,Huddersfield,,HD5 8RY,Kirklees,AwaitingInspection,,FHRS,False,,,"15A Southfield Road, Almondbury, Huddersfield, HD5 8RY"
2026-09-09,1985459,Starbake Patisserie,Takeaway/sandwich shop,Oh So Yum,12A Hillhouse Lane,Fartown,Huddersfield,HD1 6EF,Kirklees,AwaitingInspection,,FHRS,False,,,"Oh So Yum, 12A Hillhouse Lane, Fartown, Huddersfield, HD1 6EF"
2026-09-09,1985458,Terra Afrika foods,Takeaway/sandwich shop,36 John William Street,Huddersfield,,,HD1 1ER,Kirklees,AwaitingInspection,,FHRS,False,,,"36 John William Street, Huddersfield, HD1 1ER"
2026-09-09,1646572,Bost Pizza,Takeaway/sandwich shop,,290 Keighley Road,Bradford,,BD9 4LH,Bradford,AwaitingInspection,,FHRS,False,,,"290 Keighley Road, Bradford, BD9 4LH"
2026-09-09,1934101,"1-Spar Shop, The Stage Spar",Takeaway/sandwich shop,The Stage Service Station,282 Leicester Road,Wigston,Leicestershire,LE18 1HQ,Oadby and Wigston,4,2026-07-30,FHRS,False,,,"The Stage Service Station, 282 Leicester Road, Wigston, Leicestershire, LE18 1HQ"
2026-09-09,1985509,Char Slice,Takeaway/sandwich shop,30 Town Hill,,Wrexham,,LL13 8NB,Wrecsam,AwaitingInspection,,FHRS,True,,,"30 Town Hill, Wrexham, LL13 8NB"
2026-09-09,1985511,Hilltop Tandoori,Takeaway/sandwich shop,45 - 47 High Street,Coedpoeth,Wrexham,,LL11 3SA,Wrecsam,5,2026-09-01,FHRS,False,,,"45 - 47 High Street, Coedpoeth, Wrexham, LL11 3SA"
2026-09-09,1985514,Overton Tandoori Indian Takeaway Balti House,Takeaway/sandwich shop,Restaurant 8A Bangor Road,Overton,Wrexham,,LL13 0HB,Wrecsam,AwaitingInspection,,FHRS,True,,,"Restaurant 8A Bangor Road, Overton, Wrexham, LL13 0HB"
2026-09-09,1985722,Tate Pizza,Takeaway/sandwich shop,,13 Red Lion Street,,Boston,PE21 6NY,Boston,AwaitingInspection,,FHRS,False,,,"13 Red Lion Street, Boston, PE21 6NY"
2026-09-09,1985745,Coastal Crust,Takeaway/sandwich shop,Breeze Hill Hotel,Breeze Hill,Benllech,Tyn Y Gongl,LL74 8TN,Anglesey,5,2026-08-27,FHRS,False,,,"Breeze Hill Hotel, Breeze Hill, Benllech, Tyn Y Gongl, LL74 8TN"
2026-09-09,1985745,Coastal Crust,Takeaway/sandwich shop,Breeze Hill Hotel,Breeze Hill,Benllech,Tyn Y Gongl,LL74 8TN,Ynys Môn,5,2026-08-27,FHRS,False,,,"Breeze Hill Hotel, Breeze Hill, Benllech, Tyn Y Gongl, LL74 8TN"
2026-09-09,1985673,TOMS Grill,Takeaway/sandwich shop,Newland Hall,Bishops Stortford Road,Roxwell,Chelmsford,CM1 4LH,Chelmsford,AwaitingInspection,,FHRS,False,,,"Newland Hall, Bishops Stortford Road, Roxwell, Chelmsford, CM1 4LH"
2026-09-09,1985911,Sea Master Fish And Chips,Takeaway/sandwich shop,49 Bridge Street,Andover,Hampshire,,SP10 1BG,Test Valley,AwaitingInspection,,FHRS,False,,,"49 Bridge Street, Andover, Hampshire, SP10 1BG"
2026-09-09,1395,Belper Peri Stop,Takeaway/sandwich shop,73 Bridge Street Belper Derbyshire,,,,DE56 1BA,Amber Valley,AwaitingInspection,,FHRS,False,,,"73 Bridge Street Belper Derbyshire, DE56 1BA"
2026-09-09,1985742,Fish Hut,Takeaway/sandwich shop,29 Market Place Heanor Derbyshire,,,,DE75 7AA,Amber Valley,AwaitingInspection,,FHRS,False,,,"29 Market Place Heanor Derbyshire, DE75 7AA"
2026-09-09,1985570,Four Spices Indian Takeaway,Takeaway/sandwich shop,,137 Newport Road,Stafford,Staffordshire,ST16 2EZ,Stafford,AwaitingInspection,,FHRS,True,,,"137 Newport Road, Stafford, Staffordshire, ST16 2EZ"
2026-09-09,1985784,Chines Wok House,Takeaway/sandwich shop,292 Ewell Road,Surbiton,,,KT6 7AQ,Kingston-Upon-Thames,AwaitingInspection,,FHRS,False,,,"292 Ewell Road, Surbiton, KT6 7AQ"
2026-09-09,1985782,Lux Desserts,Takeaway/sandwich shop,,,,,,Kingston-Upon-Thames,AwaitingInspection,,FHRS,False,,,
2026-09-09,1985828,Aroma Indian Kitchen,Takeaway/sandwich shop,8 STATION ROAD,,USHAW MOOR,,DH7 7PX,Durham,AwaitingInspection,,FHRS,False,,,"8 STATION ROAD, USHAW MOOR, DH7 7PX"
2026-09-09,1985839,EFM Buffets,Takeaway/sandwich shop,,,,,,Durham,AwaitingInspection,,FHRS,False,,,
2026-09-09,1985842,Krispy,Takeaway/sandwich shop,5 BEECH ROAD,,FRAMWELLGATE MOOR,,DH1 5JE,Durham,3,2026-08-03,FHRS,False,,,"5 BEECH ROAD, FRAMWELLGATE MOOR, DH1 5JE"
2026-09-09,1985821,London pizza,Takeaway/sandwich shop,LONDON PIZZA CAMBRIDGE STREET,,LEEHOLME,,DL14 8JG,Durham,AwaitingInspection,,FHRS,False,,,"LONDON PIZZA CAMBRIDGE STREET, LEEHOLME, DL14 8JG"
2026-09-09,1985818,Pizza Uno,Takeaway/sandwich shop,92 CLAYPATH,,DURHAM,,DH1 1RG,Durham,AwaitingInspection,,FHRS,False,,,"92 CLAYPATH, DURHAM, DH1 1RG"
2026-09-09,1985813,South Moor Fish & Chips,Takeaway/sandwich shop,206 PARK ROAD,,SOUTH MOOR,,DH9 7AL,Durham,AwaitingInspection,,FHRS,True,,,"206 PARK ROAD, SOUTH MOOR, DH9 7AL"
2026-09-09,1985846,The Durham Scone Company,Takeaway/sandwich shop,,,,,,Durham,AwaitingInspection,,FHRS,False,,,
2026-09-09,1985847,Urban Oven,Takeaway/sandwich shop,94 Claypath,,Durham,United Kingdom,DH1 1RG,Durham,AwaitingInspection,,FHRS,False,,,"94 Claypath, Durham, United Kingdom, DH1 1RG"
2026-09-09,1985475,AK CATERING SERVICES,Takeaway/sandwich shop,,,,,,Broxtowe,AwaitingInspection,,FHRS,False,,,
2026-09-09,1985509,Char Slice,Takeaway/sandwich shop,30 Town Hill,,Wrexham,,LL13 8NB,Wrexham,AwaitingInspection,,FHRS,True,,,"30 Town Hill, Wrexham, LL13 8NB"
2026-09-09,1985511,Hilltop Tandoori,Takeaway/sandwich shop,45 - 47 High Street,Coedpoeth,Wrexham,,LL11 3SA,Wrexham,5,2026-09-01,FHRS,False,,,"45 - 47 High Street, Coedpoeth, Wrexham, LL11 3SA"
2026-09-09,1985514,Overton Tandoori Indian Takeaway Balti House,Takeaway/sandwich shop,Restaurant 8A Bangor Road,Overton,Wrexham,,LL13 0HB,Wrexham,AwaitingInspection,,FHRS,True,,,"Restaurant 8A Bangor Road, Overton, Wrexham, LL13 0HB"
2026-09-09,1722904,Badiani Ilford,Takeaway/sandwich shop,Mm Ilford,3 Chadwick Road,,Ilford,IG1 1EQ,Redbridge,4,2026-07-30,FHRS,False,,,"Mm Ilford, 3 Chadwick Road, Ilford, IG1 1EQ"
2026-09-09,1985891,Ben’s fried chicken,Takeaway/sandwich shop,,369 High Road,,Ilford,IG1 1TF,Redbridge,AwaitingInspection,,FHRS,False,,,"369 High Road, Ilford, IG1 1TF"
2026-09-09,1985889,Lizzi fiori floral design,Takeaway/sandwich shop,,23 The Broadway,,Woodford Green,IG8 0HQ,Redbridge,AwaitingInspection,,FHRS,False,,,"23 The Broadway, Woodford Green, IG8 0HQ"
2026-09-09,1985878,Mithai house,Takeaway/sandwich shop,,73 Goodmayes Road,,Goodmayes,IG3 9UB,Redbridge,AwaitingInspection,,FHRS,False,,,"73 Goodmayes Road, Goodmayes, IG3 9UB"
2026-09-09,1985884,Mumbai Masala – Woodford,Takeaway/sandwich shop,,78 Snakes Lane East,,Woodford Green,IG8 7QQ,Redbridge,AwaitingInspection,,FHRS,False,,,"78 Snakes Lane East, Woodford Green, IG8 7QQ"
2026-09-09,1689040,Pandyas,Takeaway/sandwich shop,Unit 6 Oakfield House,Oakfield Road,,Ilford,,Redbridge,3,2024-08-10,FHRS,False,,,"Unit 6 Oakfield House, Oakfield Road, Ilford"
2026-09-09,1985879,Pizzadohmain,Takeaway/sandwich shop,,345 Ley Street,,Ilford,IG1 4AA,Redbridge,AwaitingInspection,,FHRS,False,,,"345 Ley Street, Ilford, IG1 4AA"
2026-09-09,1777929,Punjabi cooking studio,Takeaway/sandwich shop,Unit 11 Redbridge Enterprise Centre,Thompson Close,,Ilford,IG1 1TY,Redbridge,3,2024-11-06,FHRS,False,,,"Unit 11 Redbridge Enterprise Centre, Thompson Close, Ilford, IG1 1TY"
2026-09-09,1722903,Sando Bros LDN,Takeaway/sandwich shop,Unit 11 Redbridge Enterprise Centre,Thompson Close,,Ilford,IG1 1TY,Redbridge,4,2024-11-06,FHRS,False,,,"Unit 11 Redbridge Enterprise Centre, Thompson Close, Ilford, IG1 1TY"
2026-09-09,1985498,Bun Theory Frenchman Tacos,Takeaway/sandwich shop,,84 Colwick Road,,Nottingham,NG2 4DE,Nottingham City,AwaitingInspection,,FHRS,False,,,"84 Colwick Road, Nottingham, NG2 4DE"
2026-09-09,1985500,Casa Pizza Clifton,Takeaway/sandwich shop,,90 Waterdown Road,,Nottingham,NG11 9JR,Nottingham City,AwaitingInspection,,FHRS,False,,,"90 Waterdown Road, Nottingham, NG11 9JR"
2026-09-09,1985714,Dessert Club Essex,Takeaway/sandwich shop,,,,,,Maldon,AwaitingInspection,,FHRS,False,,,
2026-09-09,1985768,Doner King Pizzanos,Takeaway/sandwich shop,,1-2 Tynewydd Square,Porth,,CF39 0LH,Rhondda Cynon Taf,AwaitingInspection,,FHRS,False,,,"1-2 Tynewydd Square, Porth, CF39 0LH"
2026-09-09,1985766,Kam He,Takeaway/sandwich shop,,98 Ynyshir Road,Ynyshir,Porth,CF39 0EN,Rhondda Cynon Taf,AwaitingInspection,,FHRS,False,,,"98 Ynyshir Road, Ynyshir, Porth, CF39 0EN"
2026-09-09,1985751,Nonnies,Takeaway/sandwich shop,,92 Llewellyn Street,Pontygwaith,Ferndale,CF43 3LD,Rhondda Cynon Taf,AwaitingInspection,,FHRS,False,,,"92 Llewellyn Street, Pontygwaith, Ferndale, CF43 3LD"
2026-09-09,1985757,Porth Pizza / Casablanca,Takeaway/sandwich shop,,75-76 Pontypridd Road,Porth,,CF39 9PL,Rhondda Cynon Taf,AwaitingInspection,,FHRS,True,,,"75-76 Pontypridd Road, Porth, CF39 9PL"
2026-09-09,1985795,Low Fell Deli,Takeaway/sandwich shop,,453 Durham Road,Gateshead,,NE9 5EX,Gateshead,AwaitingInspection,,FHRS,False,,,"453 Durham Road, Gateshead, NE9 5EX"
2026-09-09,1985788,Slice of Hunger,Takeaway/sandwich shop,,1 Smailes Lane,Rowlands Gill,,NE39 2LR,Gateshead,AwaitingInspection,,FHRS,False,,,"1 Smailes Lane, Rowlands Gill, NE39 2LR"
2026-09-09,1985445,Ben's Cookies,Takeaway/sandwich shop,Lakeside Shopping Centre,West Thurrock Way,West Thurrock,Essex,,Thurrock,AwaitingInspection,,FHRS,False,,,"Lakeside Shopping Centre, West Thurrock Way, West Thurrock, Essex"
2026-09-09,1985768,Doner King Pizzanos,Takeaway/sandwich shop,,1-2 Tynewydd Square,Porth,,CF39 0LH,Rhondda Cynon Taf,AwaitingInspection,,FHRS,False,,,"1-2 Tynewydd Square, Porth, CF39 0LH"
2026-09-09,1985766,Kam He,Takeaway/sandwich shop,,98 Ynyshir Road,Ynyshir,Porth,CF39 0EN,Rhondda Cynon Taf,AwaitingInspection,,FHRS,False,,,"98 Ynyshir Road, Ynyshir, Porth, CF39 0EN"
2026-09-09,1985751,Nonnies,Takeaway/sandwich shop,,92 Llewellyn Street,Pontygwaith,Ferndale,CF43 3LD,Rhondda Cynon Taf,AwaitingInspection,,FHRS,False,,,"92 Llewellyn Street, Pontygwaith, Ferndale, CF43 3LD"
2026-09-09,1985757,Porth Pizza / Casablanca,Takeaway/sandwich shop,,75-76 Pontypridd Road,Porth,,CF39 9PL,Rhondda Cynon Taf,AwaitingInspection,,FHRS,True,,,"75-76 Pontypridd Road, Porth, CF39 9PL"
2026-09-09,242452,New Jubilee Fryers,Takeaway/sandwich shop,10 Market Corner,Tachbrook Street,,Leamington Spa,CV31 3BH,Warwick,AwaitingInspection,,FHRS,False,,,"10 Market Corner, Tachbrook Street, Leamington Spa, CV31 3BH"
2026-09-09,1985647,Al Nour Pizzeria Ltd,Takeaway/sandwich shop,Unit 1,155 The Vale,Acton,,W3 7RH,Ealing,AwaitingInspection,,FHRS,False,,,"Unit 1, 155 The Vale, Acton, W3 7RH"
2026-09-09,1985665,Juice Planet,Takeaway/sandwich shop,Ground Floor Rear,80 King Street,Southall,,UB2 4DD,Ealing,AwaitingInspection,,FHRS,False,,,"Ground Floor Rear, 80 King Street, Southall, UB2 4DD"
2026-09-09,1985671,KT Colombo Taste,Takeaway/sandwich shop,Rear Of,6 Bilton Road,Perivale,,UB6 7DS,Ealing,2,2026-08-03,FHRS,False,,,"Rear Of, 6 Bilton Road, Perivale, UB6 7DS"
2026-09-09,1985667,Mandoz Pizzeria,Takeaway/sandwich shop,265 Allenby Road,Southall,,,UB1 2HD,Ealing,AwaitingInspection,,FHRS,False,,,"265 Allenby Road, Southall, UB1 2HD"
2026-09-09,1985584,Pizza GoGo,Takeaway/sandwich shop,5 Stamford Court,Bury St Edmunds,Suffolk,,IP33 2DF,West Suffolk,AwaitingInspection,,FHRS,False,,,"5 Stamford Court, Bury St Edmunds, Suffolk, IP33 2DF"
2026-09-10,1986229,Cheat Lab,Takeaway/sandwich shop,within Unit 12 1,Missouri Avenue,Salford,,M50 2NP,Salford,AwaitingInspection,,FHRS,False,,,"within Unit 12 1, Missouri Avenue, Salford, M50 2NP"
2026-09-10,145608,Istanbul Chargrill,Takeaway/sandwich shop,,290 Manchester Road East,Little Hulton,,M38 9WQ,Salford,AwaitingInspection,,FHRS,False,,,"290 Manchester Road East, Little Hulton, M38 9WQ"
2026-09-10,1985959,GreenTo Bar,Takeaway/sandwich shop,Kiosk 3 Intu Uxbridge The Chimes Shopping Centre,High Street,,Uxbridge,UB8 1GA,Hillingdon,AwaitingInspection,,FHRS,True,,,"Kiosk 3 Intu Uxbridge The Chimes Shopping Centre, High Street, Uxbridge, UB8 1GA"
2026-09-10,1985968,Hooked Fish and Chips,Takeaway/sandwich shop,,1 Fairfield Road,,West Drayton,UB7 8EY,Hillingdon,AwaitingInspection,,FHRS,False,,,"1 Fairfield Road, West Drayton, UB7 8EY"
2026-09-10,1985965,Nasi Isda,Takeaway/sandwich shop,,184 High Street,,Uxbridge,UB8 1LA,Hillingdon,AwaitingInspection,,FHRS,False,,,"184 High Street, Uxbridge, UB8 1LA"
2026-09-10,1985976,Simba Bru Coffee Uxbridge,Takeaway/sandwich shop,,Windsor Street,,Uxbridge,UB8 1AB,Hillingdon,AwaitingInspection,,FHRS,False,,,"Windsor Street, Uxbridge, UB8 1AB"
2026-09-10,1986143,Que's,Takeaway/sandwich shop,385 Stamfordham Road,Westerhope,Newcastle Upon Tyne,,NE5 5HA,Newcastle Upon Tyne,AwaitingInspection,,FHRS,True,,,"385 Stamfordham Road, Westerhope, Newcastle Upon Tyne, NE5 5HA"
2026-09-10,1986219,B Kitchen,Takeaway/sandwich shop,BASEMENT AND GROUND FLOOR EAST WELLINGTON HOUSE 125-130 STRAND,,LONDON,,WC2R 0AP,Westminster,AwaitingInspection,,FHRS,False,,,"BASEMENT AND GROUND FLOOR EAST WELLINGTON HOUSE 125-130 STRAND, LONDON, WC2R 0AP"
2026-09-10,1986227,B Kitchen,Takeaway/sandwich shop,UNIT 8 WEST END QUAY SOUTH WHARF ROAD,,LONDON,,W2 1LA,Westminster,AwaitingInspection,,FHRS,False,,,"UNIT 8 WEST END QUAY SOUTH WHARF ROAD, LONDON, W2 1LA"
2026-09-10,1982124,Trampoline Cafe,Takeaway/sandwich shop,20-21 CAVENDISH SQUARE,,LONDON,,W1G 0RN,Westminster,5,2026-09-07,FHRS,False,,,"20-21 CAVENDISH SQUARE, LONDON, W1G 0RN"
2026-09-10,1986236,Andys Artisan Kitchen,Takeaway/sandwich shop,Kiosk,12 Market Street,Morecambe,Lancashire,LA4 5DN,Lancaster City,5,2026-09-08,FHRS,False,,,"Kiosk, 12 Market Street, Morecambe, Lancashire, LA4 5DN"
2026-09-10,89997,Morecambe Fish Bar,Takeaway/sandwich shop,,64-66 Sefton Road,Heysham,Morecambe,LA3 1UB,Lancaster City,AwaitingInspection,,FHRS,False,,,"64-66 Sefton Road, Heysham, Morecambe, LA3 1UB"
2026-09-10,1986103,Alfie's,Takeaway/sandwich shop,11 New Road,,Spalding,Lincolnshire,PE11 1DQ,South Holland,5,2025-04-04,FHRS,False,,,"11 New Road, Spalding, Lincolnshire, PE11 1DQ"
2026-09-10,1986293,Cooks Catering,Takeaway/sandwich shop,,,,,,Stevenage,AwaitingInspection,,FHRS,False,,,
2026-09-10,1986074,Subway,Takeaway/sandwich shop,Broadhelm Close,Barmby Moor,York,,YO42 1AD,East Riding of Yorkshire,AwaitingInspection,,FHRS,False,,,"Broadhelm Close, Barmby Moor, York, YO42 1AD"
2026-09-10,1986160,D&S Chicken,Takeaway/sandwich shop,7A Alford Road,Erith,Kent,,DA8 1PP,Bexley,AwaitingInspection,,FHRS,False,,,"7A Alford Road, Erith, Kent, DA8 1PP"
2026-09-10,1986155,Alibaba,Takeaway/sandwich shop,9 Southwick Square,,Southwick,West Sussex,BN42 4FP,Adur,AwaitingInspection,,FHRS,False,,,"9 Southwick Square, Southwick, West Sussex, BN42 4FP"
2026-09-10,1986007,Cass's Kitchen,Takeaway/sandwich shop,,,,,,Havering,AwaitingInspection,,FHRS,False,,,
2026-09-10,1986127,Ará Kitchen,Takeaway/sandwich shop,6 Wood Gardens,Alderley Edge,,Cheshire East,SK9 7PL,Cheshire East,AwaitingInspection,,FHRS,False,,,"6 Wood Gardens, Alderley Edge, Cheshire East, SK9 7PL"
2026-09-10,1986130,Tasty Garden Chinese Takeaway,Takeaway/sandwich shop,91 Antrobus Street,Congleton,,Cheshire,CW12 1HE,Cheshire East,AwaitingInspection,,FHRS,False,,,"91 Antrobus Street, Congleton, Cheshire, CW12 1HE"
2026-09-10,1986041,B Kitchen,Takeaway/sandwich shop,Tesco Express (Hot counter),116-118 Commercial Street,London,,E1 6NF,Tower Hamlets,AwaitingInspection,,FHRS,False,,,"Tesco Express (Hot counter), 116-118 Commercial Street, London, E1 6NF"
2026-09-10,1985985,Island Bites,Takeaway/sandwich shop,,,,,,Preston,AwaitingInspection,,FHRS,False,,,
2026-09-10,1986029,JS Indian Fusion - Indian Takeaway,Takeaway/sandwich shop,31 WAMPOOL STREET,SILLOTH,,WIGTON,CA7 4BN,Cumberland,AwaitingInspection,,FHRS,False,,,"31 WAMPOOL STREET, SILLOTH, WIGTON, CA7 4BN"
2026-09-10,1986046,Bervie Tandoori Ltd,Takeaway/sandwich shop,,76 King Street,Inverbervie,Aberdeenshire,DD10 0RA,Aberdeenshire,Awaiting Inspection,2026-09-08,FHIS,False,,,"76 King Street, Inverbervie, Aberdeenshire, DD10 0RA"
2026-09-10,1985924,Burger Boi Derby,Takeaway/sandwich shop,,1 Curzon Street,Derby,,DE1 1LH,Derby City,AwaitingInspection,,FHRS,False,,,"1 Curzon Street, Derby, DE1 1LH"
2026-09-10,1334013,Jimmy's Takeaway,Takeaway/sandwich shop,,515 Burton Road,Derby,,DE23 6FQ,Derby City,AwaitingInspection,,FHRS,False,,,"515 Burton Road, Derby, DE23 6FQ"
2026-09-10,1985923,Pizza Hut Delivery,Takeaway/sandwich shop,,624 Osmaston Road,Derby,,DE24 8GS,Derby City,AwaitingInspection,,FHRS,False,,,"624 Osmaston Road, Derby, DE24 8GS"
2026-09-10,1985921,Pizza Hut Delivery,Takeaway/sandwich shop,Pizza Hut,Uttoxeter New Road,Derby,,DE22 3LJ,Derby City,AwaitingInspection,,FHRS,False,,,"Pizza Hut, Uttoxeter New Road, Derby, DE22 3LJ"
2026-09-10,1908645,Three Fellas / King Castle / Greeky / Guac It / Wing & Wrap It,Takeaway/sandwich shop,,14 Midland Road,Derby,,DE1 2SN,Derby City,AwaitingInspection,,FHRS,False,,,"14 Midland Road, Derby, DE1 2SN"
2026-09-10,1986300,Lava Grill,Takeaway/sandwich shop,,102 Nethergate,Dundee,,DD1 4EL,Dundee City,Awaiting Inspection,2026-09-09,FHIS,False,,,"102 Nethergate, Dundee, DD1 4EL"
2026-09-10,1985953,Kilos kitchen / Ramsey Hot Chicken / Press’d,Takeaway/sandwich shop,188 Brighton Street,,Egremont,Wirral,CH44 8DY,Wirral,5,2026-09-07,FHRS,False,,,"188 Brighton Street, Egremont, Wirral, CH44 8DY"
2026-09-10,1985954,Needle and grind tattoo and coffee,Takeaway/sandwich shop,720 Borough Road,,Tranmere,Wirral,CH42 9JE,Wirral,5,2026-09-03,FHRS,False,,,"720 Borough Road, Tranmere, Wirral, CH42 9JE"
2026-09-10,1985947,SCRANBOX,Takeaway/sandwich shop,101 Wallasey Village,,Wallasey Village,Wirral,CH45 3LE,Wirral,5,2026-08-28,FHRS,False,,,"101 Wallasey Village, Wallasey Village, Wirral, CH45 3LE"
2026-09-10,1986244,The Sun Chippy,Takeaway/sandwich shop,58 Sinclair Street Helensburg8TP H Argyll And Bute G84 8TP,,,,G84 8TP,Argyll and Bute,Awaiting Inspection,2026-09-04,FHIS,False,,,"58 Sinclair Street Helensburg8TP H Argyll And Bute G84 8TP, G84 8TP"
2026-09-10,1986309,Caprinos Pizza,Takeaway/sandwich shop,12A Belvoir Road,Coalville,Leicestershire,,LE67 3PE,North West Leicestershire,AwaitingInspection,,FHRS,True,,,"12A Belvoir Road, Coalville, Leicestershire, LE67 3PE"
2026-09-10,1986315,Measham Spice,Takeaway/sandwich shop,50 - 52 High Street,Measham,Swadlincote,Derby,DE12 7HZ,North West Leicestershire,AwaitingInspection,,FHRS,False,,,"50 - 52 High Street, Measham, Swadlincote, Derby, DE12 7HZ"
2026-09-10,1986313,Morrisons Daily Coalville -GREGGS,Takeaway/sandwich shop,Petrol Station,Morrisons Supermarket,Whitwick Road,Coalville,LE67 3FA,North West Leicestershire,5,2026-08-14,FHRS,False,,,"Petrol Station, Morrisons Supermarket, Whitwick Road, Coalville, LE67 3FA"
2026-09-10,1986310,MP Whitwick Limited,Takeaway/sandwich shop,6 Market Place,Whitwick,Coalville,Leicestershire,LE67 5DT,North West Leicestershire,AwaitingInspection,,FHRS,False,,,"6 Market Place, Whitwick, Coalville, Leicestershire, LE67 5DT"
2026-09-10,1986242,Tikka Corner/Greeky/Guac It,Takeaway/sandwich shop,16 Regent Street,Haslingden,Rossendale,Lancashire,BB4 5HQ,Rossendale,AwaitingInspection,,FHRS,False,,,"16 Regent Street, Haslingden, Rossendale, Lancashire, BB4 5HQ"
2026-09-10,1985931,Asian Corner,Takeaway/sandwich shop,Inside Morrisons Basingstoke Road,Reading,,,RG2 0HB,Reading,5,2026-08-21,FHRS,False,,,"Inside Morrisons Basingstoke Road, Reading, RG2 0HB"
2026-09-10,1986058,Beverly Fried Chicken,Takeaway/sandwich shop,103 Blackburn Road,,Darwen,Blackburn With Darwen,BB3 1ET,Blackburn,AwaitingInspection,,FHRS,False,,,"103 Blackburn Road, Darwen, Blackburn With Darwen, BB3 1ET"
2026-09-10,1986054,Madyna,Takeaway/sandwich shop,82 London Road,,Blackburn,Blackburn With Darwen,BB1 7LR,Blackburn,AwaitingInspection,,FHRS,False,,,"82 London Road, Blackburn, Blackburn With Darwen, BB1 7LR"
2026-09-10,1986168,Best kebab centre,Takeaway/sandwich shop,4 Dogs Head Street,Ipswich,Suffolk,,IP4 1AD,Ipswich,AwaitingInspection,,FHRS,False,,,"4 Dogs Head Street, Ipswich, Suffolk, IP4 1AD"
2026-09-11,1986576,Mooboo Windsor,Takeaway/sandwich shop,Moo Boo Bubble Tea,53B King Edward Court,Windsor,,SL4 1TG,Windsor and Maidenhead,AwaitingInspection,,FHRS,False,,,"Moo Boo Bubble Tea, 53B King Edward Court, Windsor, SL4 1TG"
2026-09-11,1986610,King Garden,Takeaway/sandwich shop,,,9 Kings Square,Belfast,BT5 7EA,Belfast City,AwaitingInspection,,FHRS,False,,,"9 Kings Square, Belfast, BT5 7EA"
2026-09-11,1976204,TURKISH KABAB,Takeaway/sandwich shop,,,148 Springfield Road,Belfast,BT12 7DA,Belfast City,AwaitingInspection,,FHRS,False,,,"148 Springfield Road, Belfast, BT12 7DA"
2026-09-11,1986335,Pizza Rustica,Takeaway/sandwich shop,9 Irwin Approach,Halton,Leeds,,LS15 0DW,Leeds,AwaitingInspection,,FHRS,False,,,"9 Irwin Approach, Halton, Leeds, LS15 0DW"
2026-09-11,1986294,PAPAMOTS,Takeaway/sandwich shop,,,,,,Stevenage,AwaitingInspection,,FHRS,False,,,
2026-09-11,1986638,Shahitandoori Spice Ltd,Takeaway/sandwich shop,Shahi 16,14-16 Market Street,Normanton,,WF6 2AR,Wakefield,AwaitingInspection,,FHRS,False,,,"Shahi 16, 14-16 Market Street, Normanton, WF6 2AR"
2026-09-11,1986641,The Spud Boat,Takeaway/sandwich shop,The Boatyard,Navigation Road,Castleford,,WF10 2LB,Wakefield,AwaitingInspection,,FHRS,False,,,"The Boatyard, Navigation Road, Castleford, WF10 2LB"
2026-09-11,1986647,U.S.A FC LTD,Takeaway/sandwich shop,105 Carlton Street,Castleford,,,WF10 1DX,Wakefield,AwaitingInspection,,FHRS,False,,,"105 Carlton Street, Castleford, WF10 1DX"
2026-09-11,1986590,The Littlest Deli,Takeaway/sandwich shop,,1A Town Hall Street,,Grimsby,DN31 1HN,North East Lincolnshire,AwaitingInspection,,FHRS,False,,,"1A Town Hall Street, Grimsby, DN31 1HN"
2026-09-11,1926090,Food haus,Takeaway/sandwich shop,,314-318 Selbourne Road,,Luton,LU4 8NU,Luton,AwaitingInspection,,FHRS,False,,,"314-318 Selbourne Road, Luton, LU4 8NU"
2026-09-11,1398576,The Fat Pizza/The Fat Burger and Desserts/The Fat Smash/The Fat,Takeaway/sandwich shop,,26 Kimpton Road,,Luton,LU2 0SX,Luton,AwaitingInspection,,FHRS,False,,,"26 Kimpton Road, Luton, LU2 0SX"
2026-09-11,1986488,Bobby's Burgers & Wings,Takeaway/sandwich shop,7 Friars Court,Barbauld Street,,,WA1 1EX,Warrington,AwaitingInspection,,FHRS,False,,,"7 Friars Court, Barbauld Street, WA1 1EX"
2026-09-11,1986471,Latchford Charcoal Grill,Takeaway/sandwich shop,6 The Bridge Shopping Centre,Maybrook Place,,,WA4 1JR,Warrington,AwaitingInspection,,FHRS,True,,,"6 The Bridge Shopping Centre, Maybrook Place, WA4 1JR"
2026-09-11,1986399,ABST Catering,Takeaway/sandwich shop,Baytree Barn,Buttleys Lane,Dunmow,,CM6 1SJ,Uttlesford,5,2026-08-05,FHRS,False,,,"Baytree Barn, Buttleys Lane, Dunmow, CM6 1SJ"
2026-09-11,1986424,Bosphorus,Takeaway/sandwich shop,48A High Street,Dunmow,,,CM6 1AW,Uttlesford,AwaitingInspection,,FHRS,False,,,"48A High Street, Dunmow, CM6 1AW"
2026-09-11,1986394,Dunmow Grill LTD,Takeaway/sandwich shop,48 High Street,Dunmow,,,CM6 1AW,Uttlesford,AwaitingInspection,,FHRS,False,,,"48 High Street, Dunmow, CM6 1AW"
2026-09-11,1986420,Dutch Pot Caribbean Kitchen,Takeaway/sandwich shop,,,,,,Uttlesford,5,2026-08-11,FHRS,False,,,
2026-09-11,1986423,Hk Grill,Takeaway/sandwich shop,14 - 16 Hill Street,Saffron Walden,Essex,,CB10 1JD,Uttlesford,AwaitingInspection,,FHRS,False,,,"14 - 16 Hill Street, Saffron Walden, Essex, CB10 1JD"
2026-09-11,1986419,Ish And Chips,Takeaway/sandwich shop,48 High Street,Saffron Walden,Essex,,CB10 1EE,Uttlesford,5,2026-09-08,FHRS,False,,,"48 High Street, Saffron Walden, Essex, CB10 1EE"
2026-09-11,1986413,Saffron Walden Chinese,Takeaway/sandwich shop,1 - 3 East Street,Saffron Walden,Essex,,CB10 1LS,Uttlesford,4,2026-06-20,FHRS,False,,,"1 - 3 East Street, Saffron Walden, Essex, CB10 1LS"
2026-09-11,1986402,Yo! To Go!,Takeaway/sandwich shop,Tesco,Radwinter Road,Saffron Walden,Essex,CB10 2JP,Uttlesford,5,2026-05-13,FHRS,False,,,"Tesco, Radwinter Road, Saffron Walden, Essex, CB10 2JP"
2026-09-11,1986504,Carter's Kitchen,Takeaway/sandwich shop,,347 Northenden Road,Sale,,M33 2PG,Trafford,AwaitingInspection,,FHRS,False,,,"347 Northenden Road, Sale, M33 2PG"
2026-09-11,1986493,Hale of a Pasta,Takeaway/sandwich shop,,400 Hale Road,Hale Barns,Altrincham,WA15 8TD,Trafford,AwaitingInspection,,FHRS,False,,,"400 Hale Road, Hale Barns, Altrincham, WA15 8TD"
2026-09-11,1986499,HOWLIN HOTS,Takeaway/sandwich shop,,214 Manchester Road,Altrincham,,WA14 5LU,Trafford,AwaitingInspection,,FHRS,False,,,"214 Manchester Road, Altrincham, WA14 5LU"
2026-09-11,1805888,Oriental Royal,Takeaway/sandwich shop,112 Birmingham Road,Bromsgrove,Worcestershire,,B61 0DF,Bromsgrove,4,2025-03-03,FHRS,False,,,"112 Birmingham Road, Bromsgrove, Worcestershire, B61 0DF"
2026-09-11,1986371,The Direcdt Pizza Company,Takeaway/sandwich shop,18 St Marys Road,Market Harborough,Leicestershire,,LE16 7DU,Harborough,AwaitingInspection,,FHRS,True,,,"18 St Marys Road, Market Harborough, Leicestershire, LE16 7DU"
2026-09-11,1639695,Direct Pizza,Takeaway/sandwich shop,12-14 Norwich Street,Fakenham,Norfolk,,NR21 9AE,North Norfolk,5,2025-10-16,FHRS,False,,,"12-14 Norwich Street, Fakenham, Norfolk, NR21 9AE"
2026-09-11,1986378,Hot karahi & kebab,Takeaway/sandwich shop,116 LONDON ROAD,,SLOUGH,,SL3 7HS,Slough,AwaitingInspection,,FHRS,False,,,"116 LONDON ROAD, SLOUGH, SL3 7HS"
2026-09-11,1986382,Mirza's Kitchen and Catering,Takeaway/sandwich shop,10 ANSLOW PLACE,,SLOUGH,,SL1 6EA,Slough,AwaitingInspection,,FHRS,False,,,"10 ANSLOW PLACE, SLOUGH, SL1 6EA"
2026-09-11,1986536,worlds flavours co,Takeaway/sandwich shop,,,,,,Runnymede,AwaitingInspection,,FHRS,False,,,
2026-09-11,1986328,B Kitchen,Takeaway/sandwich shop,138 Kensington High Street,LONDON,,,W8 7RL,Kensington and Chelsea,AwaitingInspection,,FHRS,False,,,"138 Kensington High Street, LONDON, W8 7RL"
2026-09-11,1986626,Persian Flame,Takeaway/sandwich shop,44 Murdieston Street,Greenock,,,PA15 4SJ,Inverclyde,Awaiting Inspection,2026-09-10,FHIS,False,,,"44 Murdieston Street, Greenock, PA15 4SJ"
2026-09-11,1986507,The Carriage,Takeaway/sandwich shop,Gipsy Hill Railway Station,Gipsy Hill,London,,SE19 1QL,Lambeth,AwaitingInspection,,FHRS,False,,,"Gipsy Hill Railway Station, Gipsy Hill, London, SE19 1QL"
2026-09-12,1986958,Dizarté,Takeaway/sandwich shop,Dessert O Clock,127 Salop Street,City Centre,Wolverhampton,WV3 0RX,Wolverhampton,AwaitingInspection,,FHRS,False,,,"Dessert O Clock, 127 Salop Street, City Centre, Wolverhampton, WV3 0RX"
2026-09-12,1780021,Moathouse Grill Also Trading As Chill N Grill,Takeaway/sandwich shop,Chill N Grill,50 Moathouse Lane East,Wolverhampton,West Midlands,WV11 3DD,Wolverhampton,3,2024-11-14,FHRS,False,,,"Chill N Grill, 50 Moathouse Lane East, Wolverhampton, West Midlands, WV11 3DD"
2026-09-12,1986957,Spudwala,Takeaway/sandwich shop,61 - 64 Dudley Road,Wolverhampton,West Midlands,,WV2 3BY,Wolverhampton,AwaitingInspection,,FHRS,False,,,"61 - 64 Dudley Road, Wolverhampton, West Midlands, WV2 3BY"
2026-09-12,1986953,Wolfies Pizza House,Takeaway/sandwich shop,Wolfies Pizza,12 Worcester Street,Wolverhampton,West Midlands,WV2 4LD,Wolverhampton,AwaitingInspection,,FHRS,False,,,"Wolfies Pizza, 12 Worcester Street, Wolverhampton, West Midlands, WV2 4LD"
2026-09-12,1986966,Toto Turkish Kitchen,Takeaway/sandwich shop,15 St Thomas Square,Newport,Isle Of Wight,,PO30 1SL,Isle of Wight,AwaitingInspection,,FHRS,False,,,"15 St Thomas Square, Newport, Isle Of Wight, PO30 1SL"
2026-09-12,1986969,Chickkhana,Takeaway/sandwich shop,14 Longlands Road,Middlesbrough,,,TS4 2JR,Middlesbrough,AwaitingInspection,,FHRS,False,,,"14 Longlands Road, Middlesbrough, TS4 2JR"
2026-09-12,1986968,Dohboys Middlesbrough,Takeaway/sandwich shop,164 Linthorpe Road,Middlesbrough,,,TS1 3RB,Middlesbrough,AwaitingInspection,,FHRS,False,,,"164 Linthorpe Road, Middlesbrough, TS1 3RB"
2026-09-12,1986972,Indian Spice,Takeaway/sandwich shop,39 Roman Road,Middlesbrough,,,TS5 6DZ,Middlesbrough,AwaitingInspection,,FHRS,False,,,"39 Roman Road, Middlesbrough, TS5 6DZ"
2026-09-12,1977143,Steppingstones,Takeaway/sandwich shop,Stepping Stones Lealholm Lane,,,Whitby,YO21 2AJ,North Yorkshire,3,2026-08-06,FHRS,False,54.457741,-0.8256053,"Stepping Stones Lealholm Lane, Whitby, YO21 2AJ"
2026-09-12,1987134,Mia Rice Triangle,Takeaway/sandwich shop,,,,,,Wandsworth,AwaitingInspection,,FHRS,False,,,
2026-09-12,1987148,Sopressata/Pachino/Inferno/Zest,Takeaway/sandwich shop,187 Merton Road,,London,Wandsworth,SW18 5EF,Wandsworth,AwaitingInspection,,FHRS,False,,,"187 Merton Road, London, Wandsworth, SW18 5EF"
2026-09-12,1986744,Sable Coffee,Takeaway/sandwich shop,100 Cookstown Road,Annahavil,Dungannon,Co. Tyrone,BT71 4BS,Mid Ulster,AwaitingInspection,,FHRS,False,,,"100 Cookstown Road, Annahavil, Dungannon, Co. Tyrone, BT71 4BS"
2026-09-12,1986746,Shish Mahal,Takeaway/sandwich shop,65 Chapel Street,Gortalowry,Cookstown,Co. Tyrone,BT80 8QB,Mid Ulster,AwaitingInspection,,FHRS,False,,,"65 Chapel Street, Gortalowry, Cookstown, Co. Tyrone, BT80 8QB"
2026-09-12,1986864,12 STATION SANDWICH BAR,Takeaway/sandwich shop,,12 College Street,St Helens,,WA10 1TD,St Helens,AwaitingInspection,,FHRS,False,,,"12 College Street, St Helens, WA10 1TD"
2026-09-12,1986841,USA,Takeaway/sandwich shop,114,Cromwell Road,,Grimsby,DN31 2DF,North East Lincolnshire,AwaitingInspection,,FHRS,False,,,"114, Cromwell Road, Grimsby, DN31 2DF"
2026-09-12,1986929,Smash and Waffle Land,Takeaway/sandwich shop,Shop Unit,8 Pentrebane Street,Caerphilly,,CF83 1FR,Caerphilly,AwaitingInspection,,FHRS,False,,,"Shop Unit, 8 Pentrebane Street, Caerphilly, CF83 1FR"
2026-09-12,1987179,The Pizza Box,Takeaway/sandwich shop,47 Main Street,,Ballymena,Antrim,BT44 8HP,Mid and East Antrim,AwaitingInspection,,FHRS,False,,,"47 Main Street, Ballymena, Antrim, BT44 8HP"
2026-09-12,1987175,Turkish Kebab & Pizza House,Takeaway/sandwich shop,78c Main Street,Cullybackey,Cullybackey,Antrim,BT42 1BW,Mid and East Antrim,AwaitingInspection,,FHRS,False,,,"78c Main Street, Cullybackey, Cullybackey, Antrim, BT42 1BW"
2026-09-12,1986909,CLASSIC KEBABS,Takeaway/sandwich shop,3 Sunnyside Terrace The Hyde,,,,NW9 5DL,Barnet,AwaitingInspection,,FHRS,False,,,"3 Sunnyside Terrace The Hyde, NW9 5DL"
2026-09-12,1986898,Pizza Army,Takeaway/sandwich shop,97 Friern Barnet Road,,,,N11 3EU,Barnet,AwaitingInspection,,FHRS,False,,,"97 Friern Barnet Road, N11 3EU"
2026-09-12,1986826,Chan's,Takeaway/sandwich shop,261 Pilch Lane,,Liverpool,,L14 0JF,Liverpool,AwaitingInspection,,FHRS,False,,,"261 Pilch Lane, Liverpool, L14 0JF"
2026-09-12,1986815,CHIZY SHAWARMA,Takeaway/sandwich shop,141 Walton Road,,Liverpool,,L4 4AH,Liverpool,AwaitingInspection,,FHRS,False,,,"141 Walton Road, Liverpool, L4 4AH"
2026-09-12,1986834,Chopped Cheese Factory,Takeaway/sandwich shop,1 Baltimore Street,,Liverpool,,L1 9BE,Liverpool,AwaitingInspection,,FHRS,False,,,"1 Baltimore Street, Liverpool, L1 9BE"
2026-09-12,1986827,New Yung,Takeaway/sandwich shop,5 Orwell Road,,Liverpool,,L4 1RG,Liverpool,AwaitingInspection,,FHRS,False,,,"5 Orwell Road, Liverpool, L4 1RG"
2026-09-12,1986818,Scran box,Takeaway/sandwich shop,189 County Road,,Liverpool,,L4 5PB,Liverpool,AwaitingInspection,,FHRS,False,,,"189 County Road, Liverpool, L4 5PB"
2026-09-12,1987106,THE WOLF'S DEN,Takeaway/sandwich shop,Pavilion Recreation Ground West Fen Road,,Willingham,Cambridgeshire,CB24 5LP,South Cambridgeshire,AwaitingInspection,,FHRS,False,,,"Pavilion Recreation Ground West Fen Road, Willingham, Cambridgeshire, CB24 5LP"
2026-09-12,1987111,Kebab Ye,Takeaway/sandwich shop,6 High Street,Dawley,Telford,Shropshire,TF4 2ET,Telford and Wrekin Council,AwaitingInspection,,FHRS,True,,,"6 High Street, Dawley, Telford, Shropshire, TF4 2ET"
2026-09-12,1987117,The chippy,Takeaway/sandwich shop,14 Market Street,Wellington,Telford,Shropshire,TF1 1DT,Telford and Wrekin Council,AwaitingInspection,,FHRS,False,,,"14 Market Street, Wellington, Telford, Shropshire, TF1 1DT"
2026-09-12,1986696,MirVik,Takeaway/sandwich shop,,,,,,Leicester City,AwaitingInspection,,FHRS,True,,,
2026-09-12,1986999,Chaat Express,Takeaway/sandwich shop,Ff12 St Johns Market,Jubilee Way,Scunthorpe,North Lincolnshire,DN15 6RB,North Lincolnshire,AwaitingInspection,,FHRS,False,,,"Ff12 St Johns Market, Jubilee Way, Scunthorpe, North Lincolnshire, DN15 6RB"
2026-09-12,1986994,Fish Stop,Takeaway/sandwich shop,,31 Beechway,Scunthorpe,North Lincolnshire,DN16 2HF,North Lincolnshire,AwaitingInspection,,FHRS,False,,,"31 Beechway, Scunthorpe, North Lincolnshire, DN16 2HF"
2026-09-12,1987002,SFC,Takeaway/sandwich shop,,126 Frodingham Road,Scunthorpe,North Lincolnshire,DN15 7JP,North Lincolnshire,AwaitingInspection,,FHRS,True,,,"126 Frodingham Road, Scunthorpe, North Lincolnshire, DN15 7JP"
2026-09-12,1987001,Wilson,Takeaway/sandwich shop,,118 Frodingham Road,Scunthorpe,North Lincolnshire,DN15 7JP,North Lincolnshire,AwaitingInspection,,FHRS,True,,,"118 Frodingham Road, Scunthorpe, North Lincolnshire, DN15 7JP"
2026-09-12,1986663,Subway,Takeaway/sandwich shop,Subway,Basement And Ground Floor,4 Cowcross Street,London,EC1M 6DR,Islington,AwaitingInspection,,FHRS,False,,,"Subway, Basement And Ground Floor, 4 Cowcross Street, London, EC1M 6DR"
2026-09-12,121104,Al Raees,Takeaway/sandwich shop,,6 Glodwick,Oldham,,OL4 1AH,Oldham,5,2026-08-24,FHRS,False,,,"6 Glodwick, Oldham, OL4 1AH"
2026-09-12,1986692,TraQ Performance,Takeaway/sandwich shop,Park View,30 Radford Way,Billericay,Essex,,Basildon,AwaitingInspection,,FHRS,False,,,"Park View, 30 Radford Way, Billericay, Essex"
2026-09-12,1986675,STATION DONER,Takeaway/sandwich shop,150 Felixstowe Road,,Abbey Wood,Greenwich,SE2 9RN,Greenwich,AwaitingInspection,,FHRS,False,,,"150 Felixstowe Road, Abbey Wood, Greenwich, SE2 9RN"
2026-09-12,1987199,Ammee's Kitchen,Takeaway/sandwich shop,Abbotsford,Noggarth Road,Fence,Lancashire,BB12 9PN,Pendle,AwaitingInspection,,FHRS,False,,,"Abbotsford, Noggarth Road, Fence, Lancashire, BB12 9PN"
2026-09-12,1987149,BEST KEBAB CODICOTE,Takeaway/sandwich shop,91 High Street,,Codicote,Hertfordshire,SG4 8XE,North Hertfordshire,AwaitingInspection,,FHRS,False,,,"91 High Street, Codicote, Hertfordshire, SG4 8XE"
2026-09-12,1987022,Season To Da Bone,Takeaway/sandwich shop,The Gloucester And District Irish Society Ltd,Horton Road,Gloucester,,GL1 3QA,Gloucester City,AwaitingInspection,,FHRS,False,,,"The Gloucester And District Irish Society Ltd, Horton Road, Gloucester, GL1 3QA"
2026-09-12,1987033,Harrison Catering Services @ Heathland SchooL,Takeaway/sandwich shop,Eastcote Lane,Harrow,,,HA2 9AG,Harrow,5,2026-01-29,FHRS,False,,,"Eastcote Lane, Harrow, HA2 9AG"
2026-09-12,1986689,Parikrama Indian & Napalese Takeaway,Takeaway/sandwich shop,32 Lower High Street,,,Wednesbury,WS10 7AQ,Sandwell,AwaitingInspection,,FHRS,False,,,"32 Lower High Street, Wednesbury, WS10 7AQ"
2026-09-12,131842,AUDLEY FAST FOOD,Takeaway/sandwich shop,,58 Church Street,Audley,Newcastle Under Lyme Stafford,ST7 8DA,Newcastle-Under-Lyme,5,2024-12-03,FHRS,False,,,"58 Church Street, Audley, Newcastle Under Lyme Stafford, ST7 8DA"
2026-09-12,1987198,SMASH CASTLE,Takeaway/sandwich shop,,132 High Street,Newcastle Under Lyme,Staffordshire,ST5 1PT,Newcastle-Under-Lyme,AwaitingInspection,,FHRS,False,,,"132 High Street, Newcastle Under Lyme, Staffordshire, ST5 1PT"
2026-09-12,1986777,Geeza Munch,Takeaway/sandwich shop,62 Muir Street,Motherwell,North Lanarkshire,,ML1 1BN,North Lanarkshire,Awaiting Inspection,,FHIS,False,,,"62 Muir Street, Motherwell, North Lanarkshire, ML1 1BN"
2026-09-12,1986739,Fresh Mint,Takeaway/sandwich shop,MINT,86 Manchester Road,Denton,Tameside,M34 3PR,Tameside,AwaitingInspection,,FHRS,False,,,"MINT, 86 Manchester Road, Denton, Tameside, M34 3PR"
2026-09-12,1986735,Hungry Station,Takeaway/sandwich shop,Topcus,174 Market Street,Droylsden,Tameside,M43 7FG,Tameside,AwaitingInspection,,FHRS,False,,,"Topcus, 174 Market Street, Droylsden, Tameside, M43 7FG"
2026-09-12,1986734,Rajas Balti Bar,Takeaway/sandwich shop,Rajas Balti Bar,17 Market Street,Stalybridge,Tameside,SK15 2AL,Tameside,AwaitingInspection,,FHRS,False,,,"Rajas Balti Bar, 17 Market Street, Stalybridge, Tameside, SK15 2AL"
2026-09-12,1986736,Royal Perified Peri Peri Grill,Takeaway/sandwich shop,Penny Meadow Convenience Store,47 Penny Meadow,Ashton-under-lyne,Tameside,OL6 6HE,Tameside,AwaitingInspection,,FHRS,False,,,"Penny Meadow Convenience Store, 47 Penny Meadow, Ashton-under-lyne, Tameside, OL6 6HE"
2026-09-12,1987122,Shaldon Village Chippy,Takeaway/sandwich shop,50 Fore Street Shaldon,,,,TQ14 0EA,Teignbridge,AwaitingInspection,,FHRS,False,,,"50 Fore Street Shaldon, TQ14 0EA"
2026-09-12,1986946,Asia Village (Momonotmomos),Takeaway/sandwich shop,Unit 35,Watford Market,Watford House Lane,Watford,WD17 1BJ,Watford,AwaitingInspection,,FHRS,False,,,"Unit 35, Watford Market, Watford House Lane, Watford, WD17 1BJ"
2026-09-12,1986763,Great Wall Bordon limited,Takeaway/sandwich shop,Great Wall 11 Wittcomb Terrace Petersfield Road,Whitehill,Bordon,Hampshire,GU35 9BT,East Hampshire,2,2026-08-12,FHRS,False,,,"Great Wall 11 Wittcomb Terrace Petersfield Road, Whitehill, Bordon, Hampshire, GU35 9BT"
2026-09-12,1986759,New China House,Takeaway/sandwich shop,New China House 9 South Lane,Clanfield,Waterlooville,Hampshire,,East Hampshire,AwaitingInspection,,FHRS,False,,,"New China House 9 South Lane, Clanfield, Waterlooville, Hampshire"
2026-09-12,1963279,Ceylonese,Takeaway/sandwich shop,,94 High Street,Blaina,Blaenau Gwent,NP13 3BN,Blaenau Gwent,AwaitingInspection,,FHRS,True,,,"94 High Street, Blaina, Blaenau Gwent, NP13 3BN"
2026-09-12,1987099,Mr Pizza & Kebab,Takeaway/sandwich shop,,38 Castle Street,Tredegar,Blaenau Gwent,NP22 3DQ,Blaenau Gwent,AwaitingInspection,,FHRS,False,,,"38 Castle Street, Tredegar, Blaenau Gwent, NP22 3DQ"
2026-09-12,1987097,Sun Do Chinese Take Away,Takeaway/sandwich shop,,15 Church Street,Ebbw Vale,Blaenau Gwent,NP23 6BE,Blaenau Gwent,4,2026-07-29,FHRS,False,,,"15 Church Street, Ebbw Vale, Blaenau Gwent, NP23 6BE"
2026-09-12,1987100,Tredegar Balti House,Takeaway/sandwich shop,,14-14a Castle Street,Tredegar,Blaenau Gwent,NP22 3DF,Blaenau Gwent,AwaitingInspection,,FHRS,False,,,"14-14a Castle Street, Tredegar, Blaenau Gwent, NP22 3DF"
2026-09-12,769990,Chargrilled Peri Peri,Takeaway/sandwich shop,,3 The Centre,Weston-Super-Mare,,BS23 1US,North Somerset,AwaitingInspection,,FHRS,True,,,"3 The Centre, Weston-Super-Mare, BS23 1US"
2026-09-12,1986787,CHARRD,Takeaway/sandwich shop,12 St Petersgate,Stockport,,,SK1 1HD,Stockport,AwaitingInspection,,FHRS,False,,,"12 St Petersgate, Stockport, SK1 1HD"
2026-09-12,1986794,Deos Cuisine,Takeaway/sandwich shop,,,,,,Stockport,AwaitingInspection,,FHRS,False,,,
2026-09-12,1986785,The Moor Top,Takeaway/sandwich shop,Moor Top,172 Heaton Moor Road,Heaton Moor,Stockport,SK4 4DU,Stockport,AwaitingInspection,,FHRS,False,,,"Moor Top, 172 Heaton Moor Road, Heaton Moor, Stockport, SK4 4DU"
2026-09-12,1986949,"Authentic Sri Lankan Home Kitchen, Ceylon Coco Bite",Takeaway/sandwich shop,,,,,,Three Rivers,AwaitingInspection,,FHRS,False,,,
2026-09-12,1963279,Ceylonese,Takeaway/sandwich shop,,94 High Street,Blaina,Blaenau Gwent,NP13 3BN,Blaenau Gwent,AwaitingInspection,,FHRS,True,,,"94 High Street, Blaina, Blaenau Gwent, NP13 3BN"
2026-09-12,1987099,Mr Pizza & Kebab,Takeaway/sandwich shop,,38 Castle Street,Tredegar,Blaenau Gwent,NP22 3DQ,Blaenau Gwent,AwaitingInspection,,FHRS,False,,,"38 Castle Street, Tredegar, Blaenau Gwent, NP22 3DQ"
2026-09-12,1987097,Sun Do Chinese Take Away,Takeaway/sandwich shop,,15 Church Street,Ebbw Vale,Blaenau Gwent,NP23 6BE,Blaenau Gwent,4,2026-07-29,FHRS,False,,,"15 Church Street, Ebbw Vale, Blaenau Gwent, NP23 6BE"
2026-09-12,1987100,Tredegar Balti House,Takeaway/sandwich shop,,14-14a Castle Street,Tredegar,Blaenau Gwent,NP22 3DF,Blaenau Gwent,AwaitingInspection,,FHRS,False,,,"14-14a Castle Street, Tredegar, Blaenau Gwent, NP22 3DF"
2026-09-12,1987077,Stack Kitchen At Baggeridge,Takeaway/sandwich shop,7 Baggeridge Craft Village,Gospel End,DUDLEY,,DY3 4BB,South Staffordshire,AwaitingInspection,,FHRS,False,,,"7 Baggeridge Craft Village, Gospel End, DUDLEY, DY3 4BB"
2026-09-12,1987171,Edin Bite,Takeaway/sandwich shop,40 Southhouse Road,Edinburgh,,,EH17 8EW,Edinburgh (City of),Awaiting Inspection,2026-09-10,FHIS,False,,,"40 Southhouse Road, Edinburgh, EH17 8EW"
2026-09-12,1987165,Edinburgh curry house,Takeaway/sandwich shop,47 Ferry Road,Edinburgh,,,EH6 4AF,Edinburgh (City of),Awaiting Inspection,2026-09-09,FHIS,False,,,"47 Ferry Road, Edinburgh, EH6 4AF"
2026-09-12,1987166,Jim’s Recipe Ltd,Takeaway/sandwich shop,54a Clerk Street,Edinburgh,,,EH8 9JB,Edinburgh (City of),Awaiting Inspection,2026-09-09,FHIS,False,,,"54a Clerk Street, Edinburgh, EH8 9JB"
2026-09-12,1987168,Maisie's Bakes,Takeaway/sandwich shop,186 Portobello High Street,Edinburgh,,,EH15 1EX,Edinburgh (City of),Awaiting Inspection,2026-09-09,FHIS,False,,,"186 Portobello High Street, Edinburgh, EH15 1EX"
2026-09-12,1987172,Paradise Palms,Takeaway/sandwich shop,41 Lothian Street,Edinburgh,,,EH1 1HB,Edinburgh (City of),Awaiting Inspection,,FHIS,False,,,"41 Lothian Street, Edinburgh, EH1 1HB"
2026-09-12,1986929,Smash and Waffle Land,Takeaway/sandwich shop,Shop Unit,8 Pentrebane Street,Caerphilly,,CF83 1FR,Caerffili,AwaitingInspection,,FHRS,False,,,"Shop Unit, 8 Pentrebane Street, Caerphilly, CF83 1FR"
2026-09-12,1984363,China City Chinese Take Away,Takeaway/sandwich shop,China City Chinese Takeaway,180 - 182 North Gate,Newark On Trent,,NG24 1HL,Newark and Sherwood,AwaitingInspection,,FHRS,False,,,"China City Chinese Takeaway, 180 - 182 North Gate, Newark On Trent, NG24 1HL"
2026-09-15,606359,Smokin Flavour,Takeaway/sandwich shop,,169 Newland Avenue,Kingston Upon Hull,,HU5 2EP,Hull City,AwaitingInspection,,FHRS,False,,,"169 Newland Avenue, Kingston Upon Hull, HU5 2EP"
2026-09-15,1987363,Giggling Squid,Takeaway/sandwich shop,Unit 9,British Wharf,Landmann Way,London,SE14 5RS,Lewisham,AwaitingInspection,,FHRS,False,,,"Unit 9, British Wharf, Landmann Way, London, SE14 5RS"
2026-09-15,1987382,Sweets Town & Grill,Takeaway/sandwich shop,164 Sydenham Road,London,,,SE26 5JZ,Lewisham,5,2026-07-21,FHRS,False,,,"164 Sydenham Road, London, SE26 5JZ"
2026-09-15,1987252,Boba Time,Takeaway/sandwich shop,Pentagon Shopping Centre,Military Road,Chatham,Medway,ME4 4HY,Medway,AwaitingInspection,,FHRS,False,,,"Pentagon Shopping Centre, Military Road, Chatham, Medway, ME4 4HY"
2026-09-15,1987545,Happy Valley Chinese Takeaway,Takeaway/sandwich shop,110 Borstal Street,Borstal,Rochester,Medway,ME1 3JS,Medway,AwaitingInspection,,FHRS,False,,,"110 Borstal Street, Borstal, Rochester, Medway, ME1 3JS"
2026-09-15,1987268,Peking Chef,Takeaway/sandwich shop,177 High Street,Rainham,Gillingham,Medway,ME8 8AY,Medway,AwaitingInspection,,FHRS,True,,,"177 High Street, Rainham, Gillingham, Medway, ME8 8AY"
2026-09-15,1987257,Peking Chef,Takeaway/sandwich shop,177 High Street,Rainham,Gillingham,Medway,ME8 8AY,Medway,AwaitingInspection,,FHRS,False,,,"177 High Street, Rainham, Gillingham, Medway, ME8 8AY"
2026-09-15,1891629,Sushi Tachi Limited,Takeaway/sandwich shop,39 Eastcheap,London,,,EC3M 1DT,City of London Corporation,5,2026-08-26,FHRS,False,,,"39 Eastcheap, London, EC3M 1DT"
2026-09-15,1987323,A O Krispy,Takeaway/sandwich shop,3A Wards End,Halifax,Calderdale,,HX1 1DD,Calderdale,AwaitingInspection,,FHRS,False,,,"3A Wards End, Halifax, Calderdale, HX1 1DD"
2026-09-15,1987336,Brunch And Bite Co,Takeaway/sandwich shop,4 Wheatley Lane,Lee Mount,Halifax,Calderdale,HX3 5EU,Calderdale,AwaitingInspection,,FHRS,False,,,"4 Wheatley Lane, Lee Mount, Halifax, Calderdale, HX3 5EU"
2026-09-15,1987334,Golden Thai Hot Wings Cafe,Takeaway/sandwich shop,The Hatch,39A Bradford Road,Brighouse,Calderdale,HD6 1RW,Calderdale,AwaitingInspection,,FHRS,False,,,"The Hatch, 39A Bradford Road, Brighouse, Calderdale, HD6 1RW"
2026-09-15,1987324,Lawton's,Takeaway/sandwich shop,18A Bridge Gate,Hebden Bridge,Calderdale,,HX7 8EX,Calderdale,AwaitingInspection,,FHRS,False,,,"18A Bridge Gate, Hebden Bridge, Calderdale, HX7 8EX"
2026-09-15,1987418,chezzy burger,Takeaway/sandwich shop,82 Witton Street,,Northwich,Cheshire,CW9 5AE,Cheshire West and Chester,AwaitingInspection,,FHRS,False,,,"82 Witton Street, Northwich, Cheshire, CW9 5AE"
2026-09-15,1987407,MARMARIS PIZZA & KEBAB,Takeaway/sandwich shop,71 Lydyett Lane,Barnton,Northwich,Cheshire,CW8 4JS,Cheshire West and Chester,AwaitingInspection,,FHRS,False,,,"71 Lydyett Lane, Barnton, Northwich, Cheshire, CW8 4JS"
2026-09-15,1987249,Pizza King Express BBQ House,Takeaway/sandwich shop,31B Violet Avenue,Edlington,Doncaster,,DN12 1NP,Doncaster,AwaitingInspection,,FHRS,False,,,"31B Violet Avenue, Edlington, Doncaster, DN12 1NP"
2026-09-15,1987232,Apla souvlaki,Takeaway/sandwich shop,1 Station Approach Longford Road,,Bognor Regis,West Sussex,PO21 1BS,Arun,AwaitingInspection,,FHRS,False,,,"1 Station Approach Longford Road, Bognor Regis, West Sussex, PO21 1BS"
2026-09-15,1987620,Incheon,Takeaway/sandwich shop,,1a Ayr Road,Irvine,North Ayrshire,KA12 8DJ,North Ayrshire,Awaiting Inspection,,FHIS,False,,,"1a Ayr Road, Irvine, North Ayrshire, KA12 8DJ"
2026-09-15,1987546,Cofaidh Ltd,Takeaway/sandwich shop,,Ford Road,Broadford,Isle of Skye,IV49 9AB,Highland,Awaiting Inspection,,FHIS,False,,,"Ford Road, Broadford, Isle of Skye, IV49 9AB"
2026-09-15,1987563,Harbour Fish & Chips,Takeaway/sandwich shop,,32 High Street,Avoch,Highland,IV9 8PT,Highland,Awaiting Inspection,,FHIS,False,,,"32 High Street, Avoch, Highland, IV9 8PT"
2026-09-15,1987549,Highland Grill,Takeaway/sandwich shop,,118 Grampian Road,Aviemore,Highland,PH22 1RH,Highland,Awaiting Inspection,,FHIS,False,,,"118 Grampian Road, Aviemore, Highland, PH22 1RH"
2026-09-15,1987466,Forum Fish Bar and Pizza,Takeaway/sandwich shop,292 Walsgrave Road,,,Coventry,CV2 4BL,Coventry,AwaitingInspection,,FHRS,False,,,"292 Walsgrave Road, Coventry, CV2 4BL"
2026-09-15,1987217,FCB Artisan Espresso Bar,Takeaway/sandwich shop,The Flying Coffee Bean Guildford Railway Station Station View,,Guildford,Surrey,,Guildford,5,2026-08-07,FHRS,False,,,"The Flying Coffee Bean Guildford Railway Station Station View, Guildford, Surrey"
2026-09-15,1987230,Wing Hung,Takeaway/sandwich shop,29 Kings Road,,Shalford,Surrey,GU4 8JX,Guildford,AwaitingInspection,,FHRS,True,,,"29 Kings Road, Shalford, Surrey, GU4 8JX"
2026-09-15,1987296,Donersty (K2),Takeaway/sandwich shop,Kitchen 2,2 Phoenix Industrial Estate,Apsley Way,London,NW2 7LN,Brent,AwaitingInspection,,FHRS,False,,,"Kitchen 2, 2 Phoenix Industrial Estate, Apsley Way, London, NW2 7LN"
2026-09-15,1486803,Pizza Expert,Takeaway/sandwich shop,Unit 15,87 Ealing Road,Wembley,,HA0 4BD,Brent,AwaitingInspection,,FHRS,False,,,"Unit 15, 87 Ealing Road, Wembley, HA0 4BD"
2026-09-15,1987301,Sushi Gourmet,Takeaway/sandwich shop,@ Sainsbury's,1 Nash Way,Harrow,,HA3 0JA,Brent,5,2025-09-29,FHRS,False,,,"@ Sainsbury's, 1 Nash Way, Harrow, HA3 0JA"
2026-09-15,1560817,Wraps & Wings Brent Cross Multiple Brands,Takeaway/sandwich shop,Kitchen 7,Unit A,964 North Circular Road,Neasden,NW2 7JR,Brent,AwaitingInspection,,FHRS,False,,,"Kitchen 7, Unit A, 964 North Circular Road, Neasden, NW2 7JR"
2026-09-15,1987288,Moza,Takeaway/sandwich shop,2 Wellesley Avenue,Iver,Buckinghamshire,,SL0 9AY,Buckinghamshire,AwaitingInspection,,FHRS,True,,,"2 Wellesley Avenue, Iver, Buckinghamshire, SL0 9AY"
2026-09-15,1987519,Spring Chop Suey,Takeaway/sandwich shop,10 Main Street,Stapenhill,Burton upon Trent,,DE15 9AP,East Staffordshire,AwaitingInspection,,FHRS,False,,,"10 Main Street, Stapenhill, Burton upon Trent, DE15 9AP"
2026-09-15,1987525,Cluckin’ Good,Takeaway/sandwich shop,,2b Beaconsfield Street,,Nottingham,NG7 6FD,Nottingham City,AwaitingInspection,,FHRS,False,,,"2b Beaconsfield Street, Nottingham, NG7 6FD"
2026-09-15,1987521,Mash & Smash,Takeaway/sandwich shop,,12 Broxtowe Lane,,Nottingham,NG8 5NP,Nottingham City,AwaitingInspection,,FHRS,False,,,"12 Broxtowe Lane, Nottingham, NG8 5NP"
2026-09-15,1987526,Simply Pizza & Chicken Simply Peri Peri and Burger,Takeaway/sandwich shop,,201 Alfreton Road,,Nottingham,NG7 3NW,Nottingham City,AwaitingInspection,,FHRS,False,,,"201 Alfreton Road, Nottingham, NG7 3NW"
2026-09-15,1987529,The Dinnerbox Nottingham,Takeaway/sandwich shop,,370b Aspley Lane,,Nottingham,NG8 5RS,Nottingham City,AwaitingInspection,,FHRS,False,,,"370b Aspley Lane, Nottingham, NG8 5RS"
2026-09-15,1987531,Vibez Kitchen,Takeaway/sandwich shop,,1-5 Main Street,,Nottingham,NG6 8QH,Nottingham City,AwaitingInspection,,FHRS,False,,,"1-5 Main Street, Nottingham, NG6 8QH"
2026-09-16,1987715,Biryani Bandits,Takeaway/sandwich shop,32 Suffolk Parade,Cheltenham,Gloucestershire,,GL50 2AE,Cheltenham,AwaitingInspection,,FHRS,False,,,"32 Suffolk Parade, Cheltenham, Gloucestershire, GL50 2AE"
2026-09-16,1988157,Shaheds Tandoori,Takeaway/sandwich shop,215 Fenwick Road,Giffnock,,East Renfrewshire,G46 6JD,East Renfrewshire,Awaiting Inspection,2026-08-26,FHIS,False,,,"215 Fenwick Road, Giffnock, East Renfrewshire, G46 6JD"
2026-09-16,1988161,Spice Magic,Takeaway/sandwich shop,116 Busby Road,Clarkston,,East Renfrewshire,G76 8BG,East Renfrewshire,Awaiting Inspection,2026-09-04,FHIS,False,,,"116 Busby Road, Clarkston, East Renfrewshire, G76 8BG"
2026-09-16,1988155,The Atlantis Chippy & Grill,Takeaway/sandwich shop,16B Busby Road,Clarkston,,East Renfrewshire,G76 7XL,East Renfrewshire,Awaiting Inspection,2026-08-18,FHIS,False,,,"16B Busby Road, Clarkston, East Renfrewshire, G76 7XL"
2026-09-16,1988133,OliVerrilli Ltd,Takeaway/sandwich shop,Spaces Business Centre 15-17 Ingate Place,,London,,SW8 3NS,Wandsworth,AwaitingInspection,,FHRS,False,,,"Spaces Business Centre 15-17 Ingate Place, London, SW8 3NS"
2026-09-16,1988051,PistaMisù also T/as PistaMisu,Takeaway/sandwich shop,,18C Harkness Street,Manchester,,M12 6BT,Manchester,AwaitingInspection,,FHRS,False,,,"18C Harkness Street, Manchester, M12 6BT"
2026-09-16,834676,Peking Garden Chinese Take Away,Takeaway/sandwich shop,3 Waterside Street,Waterside,Coleraine,Londonderry,BT51 3DP,Causeway Coast and Glens,5,2022-03-02,FHRS,False,,,"3 Waterside Street, Waterside, Coleraine, Londonderry, BT51 3DP"
2026-09-16,1988113,The Bushy Pass,Takeaway/sandwich shop,122A High Street,,Hampton,Richmond Upon Thames,TW12 2ST,Richmond-Upon-Thames,AwaitingInspection,,FHRS,False,,,"122A High Street, Hampton, Richmond Upon Thames, TW12 2ST"
2026-09-16,1987847,Aughton Starbucks,Takeaway/sandwich shop,Petrol Filling Station,136 Liverpool Road,Aughton,Lancashire,L39 3LW,West Lancashire,AwaitingInspection,,FHRS,False,,,"Petrol Filling Station, 136 Liverpool Road, Aughton, Lancashire, L39 3LW"
2026-09-16,1987812,7th Heaven,Takeaway/sandwich shop,184 Allerton Road,,Liverpool,,L18 5HU,Liverpool,AwaitingInspection,,FHRS,False,,,"184 Allerton Road, Liverpool, L18 5HU"
2026-09-16,1988023,Dixy Chicken,Takeaway/sandwich shop,,81-83 Stafford Street,Hanley,Stoke-On-Trent,ST1 1LS,Stoke-On-Trent,AwaitingInspection,,FHRS,False,,,"81-83 Stafford Street, Hanley, Stoke-On-Trent, ST1 1LS"
2026-09-16,1988015,Dixy Chicken Burslem,Takeaway/sandwich shop,,80 Waterloo Road,Stoke-On-Trent,,ST6 3EX,Stoke-On-Trent,AwaitingInspection,,FHRS,False,,,"80 Waterloo Road, Stoke-On-Trent, ST6 3EX"
2026-09-16,1988016,Hench,Takeaway/sandwich shop,,25 Piccadilly,Hanley,Stoke-On-Trent,ST1 1EN,Stoke-On-Trent,AwaitingInspection,,FHRS,True,,,"25 Piccadilly, Hanley, Stoke-On-Trent, ST1 1EN"
2026-09-16,1988024,Meir Chinese Takeaway,Takeaway/sandwich shop,,20 Sandon Road,Meir,Stoke-On-Trent,ST3 7DL,Stoke-On-Trent,AwaitingInspection,,FHRS,False,,,"20 Sandon Road, Meir, Stoke-On-Trent, ST3 7DL"
2026-09-16,1987952,Dessert Haven,Takeaway/sandwich shop,7A Waterside,Crayford,Dartford,Kent,DA1 4JJ,Bexley,AwaitingInspection,,FHRS,False,,,"7A Waterside, Crayford, Dartford, Kent, DA1 4JJ"
2026-09-16,1987950,Paya Sidcup,Takeaway/sandwich shop,4 Gloucester Parade,Blackfen Road,Sidcup,Kent,DA15 8PS,Bexley,AwaitingInspection,,FHRS,False,,,"4 Gloucester Parade, Blackfen Road, Sidcup, Kent, DA15 8PS"
2026-09-16,1987760,Flaming Frangos,Takeaway/sandwich shop,13 Vere Street,,Barry,Vale Of Glamorgan,CF63 2HX,Bro Morgannwg,AwaitingInspection,,FHRS,False,,,"13 Vere Street, Barry, Vale Of Glamorgan, CF63 2HX"
2026-09-16,1988006,Cornish Bakery (Northbound),Takeaway/sandwich shop,Taunton Deane Motorway Services,,Trull,Taunton,TA3 7PF,Somerset,AwaitingInspection,,FHRS,False,,,"Taunton Deane Motorway Services, Trull, Taunton, TA3 7PF"
2026-09-16,1988003,Cornish Bakery (Southbound),Takeaway/sandwich shop,Taunton Deane Motorway Services,,Trull,Taunton,TA3 7PF,Somerset,AwaitingInspection,,FHRS,False,,,"Taunton Deane Motorway Services, Trull, Taunton, TA3 7PF"
2026-09-16,1987993,Fu Bang Takeaway,Takeaway/sandwich shop,,89 East Reach,Taunton,Somerset,TA1 3HF,Somerset,AwaitingInspection,,FHRS,False,,,"89 East Reach, Taunton, Somerset, TA1 3HF"
2026-09-16,1987999,Ttacos,Takeaway/sandwich shop,,,,,,Somerset,AwaitingInspection,,FHRS,False,,,
2026-09-16,1876871,A.I Kitchen,Takeaway/sandwich shop,46-48 Burnley Road,Accrington,Lancashire,,BB5 1AF,Hyndburn,5,2026-06-17,FHRS,False,53.7555877,-2.3618184,"46-48 Burnley Road, Accrington, Lancashire, BB5 1AF"
2026-09-16,910609,Akash Accrington,Takeaway/sandwich shop,87 Whalley Road,Accrington,Lancashire,,BB5 1AS,Hyndburn,4,2025-08-05,FHRS,False,53.755321,-2.364503,"87 Whalley Road, Accrington, Lancashire, BB5 1AS"
2026-09-16,88931,Amico Pizza,Takeaway/sandwich shop,64A Ormerod Street,Accrington,,,BB5 0QG,Hyndburn,3,2025-10-22,FHRS,False,53.746783,-2.373088,"64A Ormerod Street, Accrington, BB5 0QG"
2026-09-16,1205381,Appetite,Takeaway/sandwich shop,150 Union Road,Oswaldtwistle,Lancashire,,BB5 3DR,Hyndburn,5,2024-12-02,FHRS,False,53.745864,-2.393686,"150 Union Road, Oswaldtwistle, Lancashire, BB5 3DR"
2026-09-16,726771,Asha Indian Takeaway,Takeaway/sandwich shop,58 Whalley Road,Accrington,Lancashire,,BB5 1AR,Hyndburn,5,2026-03-03,FHRS,False,53.755547,-2.364247,"58 Whalley Road, Accrington, Lancashire, BB5 1AR"
2026-09-16,98388,Azad Takeaway,Takeaway/sandwich shop,180 Blackburn Road,Accrington,,,BB5 0AQ,Hyndburn,4,2024-12-20,FHRS,False,53.753016,-2.37742,"180 Blackburn Road, Accrington, BB5 0AQ"
2026-09-16,1797593,Barmy Sarnies,Takeaway/sandwich shop,13 Stanley Street,Accrington,Lancashire,,BB5 6PR,Hyndburn,5,2025-02-18,FHRS,False,53.7537276,-2.3616676,"13 Stanley Street, Accrington, Lancashire, BB5 6PR"
2026-09-16,80924,Barnes Square Chip Shop & Chinese Takeaway,Takeaway/sandwich shop,9 Barnes Square,Clayton Le Moors,Accrington,,BB5 5NX,Hyndburn,4,2026-07-17,FHRS,False,53.774662,-2.385231,"9 Barnes Square, Clayton Le Moors, Accrington, BB5 5NX"
2026-09-16,1926474,BeiJing House,Takeaway/sandwich shop,70 Glebe Street,Great Harwood,Lancashire,,BB6 7AA,Hyndburn,AwaitingInspection,,FHRS,False,53.784407,-2.406219,"70 Glebe Street, Great Harwood, Lancashire, BB6 7AA"
2026-09-16,1109220,Big Papa's Takeaway,Takeaway/sandwich shop,206 Union Road,Oswaldtwistle,Lancashire,,BB5 3EG,Hyndburn,4,2026-03-03,FHRS,False,53.744295,-2.395051,"206 Union Road, Oswaldtwistle, Lancashire, BB5 3EG"
2026-09-16,111423,Brook Street Chippy,Takeaway/sandwich shop,7 Brook Street,Rishton,Blackburn,,BB1 4DL,Hyndburn,5,2025-07-08,FHRS,False,53.769011,-2.416751,"7 Brook Street, Rishton, Blackburn, BB1 4DL"
2026-09-16,1756456,Cafe Britania Ltd,Takeaway/sandwich shop,44 Ormerod Street,Accrington,Lancashire,,BB5 0PF,Hyndburn,5,2024-10-17,FHRS,False,53.7481432,-2.3714305,"44 Ormerod Street, Accrington, Lancashire, BB5 0PF"
2026-09-16,150603,Canton Takeaway,Takeaway/sandwich shop,40 Dill Hall Lane,Dill Hall,Church,,BB5 4DU,Hyndburn,5,2026-01-07,FHRS,False,53.759152,-2.384042,"40 Dill Hall Lane, Dill Hall, Church, BB5 4DU"
2026-09-16,1931153,Cantonese Kitchen,Takeaway/sandwich shop,140 Union Road,Oswaldtwistle,Lancashire,,BB5 3DR,Hyndburn,5,2026-03-13,FHRS,False,53.745863,-2.393686,"140 Union Road, Oswaldtwistle, Lancashire, BB5 3DR"
2026-09-16,101817,Caspian Pizza House,Takeaway/sandwich shop,276 Union Road,Oswaldtwistle,Lancashire,,BB5 3JB,Hyndburn,5,2025-02-21,FHRS,False,53.743193,-2.396587,"276 Union Road, Oswaldtwistle, Lancashire, BB5 3JB"
2026-09-16,1451227,Chaiiwala,Takeaway/sandwich shop,Frontier Park Service Station,Whitebirk Roundabout,J6 M65,,BB1 3AL,Hyndburn,5,2026-01-13,FHRS,False,,,"Frontier Park Service Station, Whitebirk Roundabout, J6 M65, BB1 3AL"
2026-09-16,1765131,Chicken Inn also trading as Jumpworks Takeaway,Takeaway/sandwich shop,55-57 Whalley Road,Accrington,Lancashire,,BB5 1AS,Hyndburn,3,2026-07-28,FHRS,False,53.755321,-2.364503,"55-57 Whalley Road, Accrington, Lancashire, BB5 1AS"
2026-09-16,1756452,Chillout Kebab,Takeaway/sandwich shop,96 Blackburn Road,Accrington,Lancashire,,BB5 1LL,Hyndburn,3,2025-02-26,FHRS,False,53.7537078,-2.3681634,"96 Blackburn Road, Accrington, Lancashire, BB5 1LL"
2026-09-16,1705414,China Star,Takeaway/sandwich shop,31 Moscow Mill Street,Oswaldtwistle,Lancashire,,BB5 0EP,Hyndburn,5,2026-01-30,FHRS,False,53.747776,-2.38873,"31 Moscow Mill Street, Oswaldtwistle, Lancashire, BB5 0EP"
2026-09-16,1052652,Chinese Chippy,Takeaway/sandwich shop,110 Burnley Road,Accrington,Lancashire,,BB5 6DW,Hyndburn,5,2024-10-31,FHRS,False,53.7566982,-2.3601461,"110 Burnley Road, Accrington, Lancashire, BB5 6DW"
2026-09-16,68054,Chung Seng,Takeaway/sandwich shop,15 Hermitage Street,Rishton,Blackburn,,BB1 4ND,Hyndburn,5,2024-10-25,FHRS,False,53.769273,-2.408379,"15 Hermitage Street, Rishton, Blackburn, BB1 4ND"
2026-09-16,110809,Cinnamon Spice,Takeaway/sandwich shop,85 Whalley Road,Accrington,,,BB5 1AS,Hyndburn,5,2026-06-30,FHRS,False,53.755321,-2.364503,"85 Whalley Road, Accrington, BB5 1AS"
2026-09-16,1158254,Crazy Pancho's,Takeaway/sandwich shop,23 Whalley Road,Clayton Le Moors,Lancashire,,BB5 5EE,Hyndburn,3,2025-11-07,FHRS,False,53.768307,-2.37698,"23 Whalley Road, Clayton Le Moors, Lancashire, BB5 5EE"
2026-09-16,1876865,Crispy Cottage / Greeky / Guac It / Bao & Noodle,Takeaway/sandwich shop,376 Blackburn Road,Accrington,Lancashire,,BB5 1SA,Hyndburn,3,2025-10-15,FHRS,False,53.752735,-2.38412,"376 Blackburn Road, Accrington, Lancashire, BB5 1SA"
2026-09-16,1973651,Crunchy Plus Chicken,Takeaway/sandwich shop,62 Queen Street,Great Harwood,Lancashire,,BB6 7AL,Hyndburn,1,2026-07-21,FHRS,False,53.7860336303711,-2.40345692634583,"62 Queen Street, Great Harwood, Lancashire, BB6 7AL"
2026-09-16,1714390,Crust n Grill,Takeaway/sandwich shop,184 Haywood Road,Accrington,Lancashire,,BB5 5BP,Hyndburn,3,2026-06-30,FHRS,False,53.7635608,-2.3674408,"184 Haywood Road, Accrington, Lancashire, BB5 5BP"
2026-09-16,1746774,Deen's Takeaway,Takeaway/sandwich shop,,,,,,Hyndburn,5,2024-10-15,FHRS,False,,,
2026-09-16,1393375,Deli Bake,Takeaway/sandwich shop,48 Queen Street,Great Harwood,Lancashire,,BB6 7QQ,Hyndburn,1,2026-07-23,FHRS,False,53.7860883,-2.4052174,"48 Queen Street, Great Harwood, Lancashire, BB6 7QQ"
2026-09-16,1723179,Dessert Palace,Takeaway/sandwich shop,195 Blackburn Road,Accrington,,,BB5 0AF,Hyndburn,0,2026-08-06,FHRS,False,53.7530872,-2.3732604,"195 Blackburn Road, Accrington, BB5 0AF"
2026-09-16,1797599,Dixi World,Takeaway/sandwich shop,118-120 Blackburn Road,Accrington,Lancashire,,BB5 0AD,Hyndburn,4,2025-09-16,FHRS,False,53.753767,-2.369919,"118-120 Blackburn Road, Accrington, Lancashire, BB5 0AD"
2026-09-16,111239,Dixie Chick N Hut,Takeaway/sandwich shop,17 Church Street,Accrington,Lancashire,,BB5 2EN,Hyndburn,4,2025-12-18,FHRS,False,53.7520217895508,-2.36444401741028,"17 Church Street, Accrington, Lancashire, BB5 2EN"
2026-09-16,939179,Domino's Pizza,Takeaway/sandwich shop,92-98 Queen Street,Great Harwood,,,BB6 7AL,Hyndburn,5,2025-04-16,FHRS,False,53.786034,-2.403457,"92-98 Queen Street, Great Harwood, BB6 7AL"
2026-09-16,922309,Domino's Pizza,Takeaway/sandwich shop,Hyndburn Road,Accrington,Lancashire,,BB5 1QF,Hyndburn,5,2025-01-21,FHRS,False,53.754479,-2.369409,"Hyndburn Road, Accrington, Lancashire, BB5 1QF"
2026-09-16,1200968,Eastern Promise,Takeaway/sandwich shop,314 Blackburn Road,Accrington,,,BB5 0AQ,Hyndburn,4,2026-03-13,FHRS,False,53.753016,-2.37742,"314 Blackburn Road, Accrington, BB5 0AQ"
2026-09-16,1941260,Follies Pizzeria Ltd,Takeaway/sandwich shop,63 Abbey Street,Accrington,Lancashire,,BB5 1EH,Hyndburn,4,2026-07-28,FHRS,False,53.7522998,-2.3612458,"63 Abbey Street, Accrington, Lancashire, BB5 1EH"
2026-09-16,1790098,Fortune Kitchen,Takeaway/sandwich shop,73 Whalley Road,Clayton Le Moors,Lancashire,,BB5 5ED,Hyndburn,5,2025-01-15,FHRS,False,53.769665,-2.379222,"73 Whalley Road, Clayton Le Moors, Lancashire, BB5 5ED"
2026-09-16,1808969,Fortune Takeaway,Takeaway/sandwich shop,51 Whalley Road,Accrington,Lancashire,,BB5 1AS,Hyndburn,3,2025-03-27,FHRS,False,53.7559585571289,-2.3653130531311,"51 Whalley Road, Accrington, Lancashire, BB5 1AS"
2026-09-16,1926469,Freddys Chicken & Pizza,Takeaway/sandwich shop,68 Blackburn Road,Accrington,Lancashire,,BB5 1LE,Hyndburn,5,2026-03-24,FHRS,False,53.7534512,-2.3668367,"68 Blackburn Road, Accrington, Lancashire, BB5 1LE"
2026-09-16,1487030,Golden Apple,Takeaway/sandwich shop,103 Avenue Parade,Accrington,Lancashire,,BB5 6PN,Hyndburn,5,2024-11-04,FHRS,False,53.7549591064453,-2.36001110076904,"103 Avenue Parade, Accrington, Lancashire, BB5 6PN"
2026-09-16,1904523,Grandad's Kitchen Ltd,Takeaway/sandwich shop,100 Abbey Street,Accrington,Lancashire,,BB5 1EE,Hyndburn,5,2026-01-15,FHRS,False,53.7510411,-2.3613563,"100 Abbey Street, Accrington, Lancashire, BB5 1EE"
2026-09-16,1229039,Great Harwood Rovers Football Club,Takeaway/sandwich shop,Great Harwood Pavillion,Harwood Lane,Great Harwood,,BB6 7TB,Hyndburn,5,2026-03-12,FHRS,False,53.7911720275879,-2.39300203323364,"Great Harwood Pavillion, Harwood Lane, Great Harwood, BB6 7TB"
2026-09-16,1077041,Greggs @ Frontier Park,Takeaway/sandwich shop,Blackburn Road,,,,BB1 3AL,Hyndburn,5,2024-12-09,FHRS,False,53.7493286132813,-2.4652099609375,"Blackburn Road, BB1 3AL"
2026-09-16,1857367,Grill & Gravy,Takeaway/sandwich shop,25 Blackburn Road,Great Harwood,Lancashire,,BB6 7DF,Hyndburn,5,2025-09-02,FHRS,False,53.784651,-2.408726,"25 Blackburn Road, Great Harwood, Lancashire, BB6 7DF"
2026-09-16,1451232,Happy Eating,Takeaway/sandwich shop,63 Blackburn Road,Great Harwood,Lancashire,,BB6 7DF,Hyndburn,5,2025-09-25,FHRS,False,53.7842425,-2.4088116,"63 Blackburn Road, Great Harwood, Lancashire, BB6 7DF"
2026-09-16,1797594,Harwood Deli,Takeaway/sandwich shop,14A St Huberts Street,Great Harwood,Lancashire,,BB6 7BE,Hyndburn,3,2025-11-06,FHRS,False,53.7857155,-2.4021946,"14A St Huberts Street, Great Harwood, Lancashire, BB6 7BE"
2026-09-16,1926465,Henry Street Fish Bar,Takeaway/sandwich shop,72 Henry Street,Church,Lancashire,,BB5 4EP,Hyndburn,3,2026-03-31,FHRS,False,53.754907,-2.387598,"72 Henry Street, Church, Lancashire, BB5 4EP"
2026-09-16,1848279,Hungry Fox,Takeaway/sandwich shop,67a Abbey Street,Accrington,Lancashire,,BB5 1EH,Hyndburn,5,2025-08-14,FHRS,False,53.7522282,-2.361139,"67a Abbey Street, Accrington, Lancashire, BB5 1EH"
2026-09-16,751129,Hurns Bakers,Takeaway/sandwich shop,83 Nuttall Street,Accrington,Lancashire,,BB5 2HL,Hyndburn,4,2024-12-17,FHRS,False,53.747825,-2.364499,"83 Nuttall Street, Accrington, Lancashire, BB5 2HL"
2026-09-16,73597,Infant Street Fish and Chip Shop,Takeaway/sandwich shop,1 Infant Street,Accrington,,,BB5 1DZ,Hyndburn,5,2025-02-21,FHRS,False,53.753528,-2.363017,"1 Infant Street, Accrington, BB5 1DZ"
2026-09-16,93838,Jade Chinese Takeaway,Takeaway/sandwich shop,122 Richmond Hill Street,Accrington,,,BB5 0QT,Hyndburn,4,2025-11-26,FHRS,False,53.748854,-2.372029,"122 Richmond Hill Street, Accrington, BB5 0QT"
2026-09-16,1983853,Jaffas,Takeaway/sandwich shop,94-96 Blackburn Road,Accrington,Lancashire,,BB5 1LL,Hyndburn,AwaitingInspection,,FHRS,False,53.753675,-2.367977,"94-96 Blackburn Road, Accrington, Lancashire, BB5 1LL"
2026-09-16,1640352,Jalals,Takeaway/sandwich shop,10 Blackburn Road,Great Harwood,Lancashire,,BB6 7DE,Hyndburn,4,2025-09-16,FHRS,False,53.78464,-2.409105,"10 Blackburn Road, Great Harwood, Lancashire, BB6 7DE"
2026-09-16,1864260,Jamrox,Takeaway/sandwich shop,223 Blackburn Road,Accrington,Lancashire,,BB5 0AL,Hyndburn,5,2025-11-26,FHRS,False,53.7528703,-2.3745054,"223 Blackburn Road, Accrington, Lancashire, BB5 0AL"
2026-09-16,101504,Kwong Ming,Takeaway/sandwich shop,410 Blackburn Road,Accrington,,,BB5 1SA,Hyndburn,5,2026-03-05,FHRS,False,53.752735,-2.38412,"410 Blackburn Road, Accrington, BB5 1SA"
2026-09-16,1395690,Lala's Takeaway,Takeaway/sandwich shop,382 Blackburn Road,Accrington,Lancashire,,BB5 1SA,Hyndburn,4,2026-03-13,FHRS,False,53.752735,-2.38412,"382 Blackburn Road, Accrington, Lancashire, BB5 1SA"
2026-09-16,1229037,Los Pollos Hermanos,Takeaway/sandwich shop,25 Whalley Road,Accrington,,,BB5 1AS,Hyndburn,3,2026-06-16,FHRS,False,53.7547492,-2.3637717,"25 Whalley Road, Accrington, BB5 1AS"
2026-09-16,1697697,Love Chico's,Takeaway/sandwich shop,Shop 3 251 Union Road,Oswaldtwistle,Lancashire,,BB5 3HU,Hyndburn,2,2026-07-29,FHRS,False,53.7425706,-2.3969377,"Shop 3 251 Union Road, Oswaldtwistle, Lancashire, BB5 3HU"
2026-09-16,1002280,Lucky Rain,Takeaway/sandwich shop,72 Blackburn Road,Great Harwood,Lancashire,,BB6 7DE,Hyndburn,5,2024-10-10,FHRS,False,53.7846412658691,-2.40910506248474,"72 Blackburn Road, Great Harwood, Lancashire, BB6 7DE"
2026-09-16,903830,Mai's Takeaway,Takeaway/sandwich shop,6 George Street,Rishton,Lancashire,,BB1 4JF,Hyndburn,5,2026-02-11,FHRS,False,53.767714,-2.414067,"6 George Street, Rishton, Lancashire, BB1 4JF"
2026-09-16,1876868,Masterfu's Cantonese Chinese Takeaway (Clayton),Takeaway/sandwich shop,4 Milton Street,Clayton-Le-Moors,Lancashire,,BB5 5QE,Hyndburn,4,2025-11-04,FHRS,True,53.7785168,-2.3845677,"4 Milton Street, Clayton-Le-Moors, Lancashire, BB5 5QE"
2026-09-16,92543,Megna Indian Takeaway,Takeaway/sandwich shop,100 Queen Street,Great Harwood,Blackburn,,BB6 7AL,Hyndburn,4,2024-06-13,FHRS,True,53.786035,-2.403457,"100 Queen Street, Great Harwood, Blackburn, BB6 7AL"
2026-09-16,1962218,Montanaz,Takeaway/sandwich shop,50 Whalley Road,Accrington,Lancashire,,BB5 1AR,Hyndburn,AwaitingInspection,,FHRS,False,53.7554251,-2.3640991,"50 Whalley Road, Accrington, Lancashire, BB5 1AR"
2026-09-16,1973647,Monte Cristo Express,Takeaway/sandwich shop,145 Manchester Road,Accrington,Lancashire,,BB5 2NY,Hyndburn,5,2026-07-28,FHRS,False,53.7438084,-2.3544559,"145 Manchester Road, Accrington, Lancashire, BB5 2NY"
2026-09-16,1661061,Mr Panda,Takeaway/sandwich shop,8 Knuzden Brook,Oswaldtwistle,Lancashire,,BB1 2EA,Hyndburn,4,2026-06-01,FHRS,False,53.7440431,-2.4408681,"8 Knuzden Brook, Oswaldtwistle, Lancashire, BB1 2EA"
2026-09-16,1848283,Naafiah Grill and Pizza,Takeaway/sandwich shop,198 Blackburn Road,Accrington,Lancashire,,BB5 0AQ,Hyndburn,4,2025-09-01,FHRS,False,53.753016,-2.377419,"198 Blackburn Road, Accrington, Lancashire, BB5 0AQ"
2026-09-16,907913,New Food City,Takeaway/sandwich shop,21 Whalley Road,Clayton Le Moors,Lancashire,,BB5 5EE,Hyndburn,5,2025-06-06,FHRS,False,53.768306,-2.37698,"21 Whalley Road, Clayton Le Moors, Lancashire, BB5 5EE"
2026-09-16,1584623,New Jump Works Take Away @ Jumpworks,Takeaway/sandwich shop,Sydney Street,Accrington,Lancashire,,BB5 6EG,Hyndburn,5,2025-11-25,FHRS,True,53.755991,-2.359837,"Sydney Street, Accrington, Lancashire, BB5 6EG"
2026-09-16,83311,New Kam Po House,Takeaway/sandwich shop,489A Manchester Road,Accrington,,,BB5 2QJ,Hyndburn,4,2025-03-28,FHRS,False,53.73542,-2.346837,"489A Manchester Road, Accrington, BB5 2QJ"
2026-09-16,88396,Omar's Takeaway,Takeaway/sandwich shop,76 Nuttall Street,Accrington,,,BB5 2HL,Hyndburn,5,2024-10-29,FHRS,False,53.747825,-2.364499,"76 Nuttall Street, Accrington, BB5 2HL"
2026-09-16,101769,Ossy Sandwich Shop,Takeaway/sandwich shop,216B Union Road,Oswaldtwistle,Accrington,,BB5 3EG,Hyndburn,5,2026-07-07,FHRS,False,53.744593,-2.394736,"216B Union Road, Oswaldtwistle, Accrington, BB5 3EG"
2026-09-16,1520855,Park Chippy,Takeaway/sandwich shop,428 Blackburn Road,Accrington,Lancashire,,BB5 0DE,Hyndburn,2,2026-03-23,FHRS,False,53.7528076171875,-2.38663792610168,"428 Blackburn Road, Accrington, Lancashire, BB5 0DE"
2026-09-16,111400,Perfect Plaice,Takeaway/sandwich shop,122 Union Road,Oswaldtwistle,Accrington,,BB5 3DR,Hyndburn,5,2026-08-24,FHRS,False,53.745864,-2.393686,"122 Union Road, Oswaldtwistle, Accrington, BB5 3DR"
2026-09-16,1912134,Petraz,Takeaway/sandwich shop,33-35 Whalley Road,Accrington,Lancashire,,BB5 1AS,Hyndburn,3,2026-01-13,FHRS,False,53.7548801,-2.3639524,"33-35 Whalley Road, Accrington, Lancashire, BB5 1AS"
2026-09-16,1596999,Pizza & Kebab Land,Takeaway/sandwich shop,14a Queen Street,Great Harwood,Lancashire,,BB6 7QQ,Hyndburn,5,2025-02-24,FHRS,False,53.7859793,-2.4071044,"14a Queen Street, Great Harwood, Lancashire, BB6 7QQ"
2026-09-16,1983855,Pizza Bites,Takeaway/sandwich shop,74 Blackburn Road,Accrington,Lancashire,,BB5 1LE,Hyndburn,5,2026-08-18,FHRS,False,53.753418,-2.366731,"74 Blackburn Road, Accrington, Lancashire, BB5 1LE"
2026-09-16,1683083,Pizza GOGO,Takeaway/sandwich shop,233 Blackburn Road,Accrington,Lancashire,,BB5 0AL,Hyndburn,5,2025-09-19,FHRS,False,53.752842,-2.3749146,"233 Blackburn Road, Accrington, Lancashire, BB5 0AL"
2026-09-16,1683078,Pizza Palace (Lancs) Ltd,Takeaway/sandwich shop,294 Union Road,Oswaldtwistle,Lancashire,,BB5 3JD,Hyndburn,5,2026-02-25,FHRS,False,53.7424829,-2.3987323,"294 Union Road, Oswaldtwistle, Lancashire, BB5 3JD"
2026-09-16,1019873,Pizza Time,Takeaway/sandwich shop,277 Whalley Road,Clayton Le Moors,Lancashire,,BB5 5QU,Hyndburn,4,2025-04-30,FHRS,False,53.7751693725586,-2.38343000411987,"277 Whalley Road, Clayton Le Moors, Lancashire, BB5 5QU"
2026-09-16,1941255,Pizza Uno,Takeaway/sandwich shop,344 Union Road,Oswaldtwistle,Lancashire,,BB5 3JD,Hyndburn,4,2026-06-02,FHRS,False,53.741649,-2.4008319,"344 Union Road, Oswaldtwistle, Lancashire, BB5 3JD"
2026-09-16,1030639,Plantation Street Chippy,Takeaway/sandwich shop,57 Plantation Street,Accrington,Lancashire,,BB5 6RZ,Hyndburn,5,2026-03-17,FHRS,False,53.7522181,-2.3585154,"57 Plantation Street, Accrington, Lancashire, BB5 6RZ"
2026-09-16,1628025,Proper Butties,Takeaway/sandwich shop,362 Burnley Road,Accrington,,,BB5 6HG,Hyndburn,5,2025-06-16,FHRS,False,53.7625816,-2.3492445,"362 Burnley Road, Accrington, BB5 6HG"
2026-09-16,92486,Queens Spicy Chef,Takeaway/sandwich shop,61 Queen Street,Great Harwood,Blackburn,,BB6 7QP,Hyndburn,4,2024-12-13,FHRS,False,53.786414,-2.405631,"61 Queen Street, Great Harwood, Blackburn, BB6 7QP"
2026-09-16,1962226,R&J's Brunch,Takeaway/sandwich shop,21a Peel Street,Accrington,Lancashire,,BB5 1EA,Hyndburn,AwaitingInspection,,FHRS,False,53.753627,-2.36323,"21a Peel Street, Accrington, Lancashire, BB5 1EA"
2026-09-16,1487023,RCCG Open Heaven Accrington,Takeaway/sandwich shop,Royds Street,,,,BB5 2JH,Hyndburn,0,2026-06-14,FHRS,False,53.7486170001161,-2.36406599980523,"Royds Street, BB5 2JH"
2026-09-16,1857375,Ree's Rolls,Takeaway/sandwich shop,8 High Street,Rishton,Lancashire,,BB1 4LA,Hyndburn,5,2025-10-07,FHRS,False,53.7686707,-2.4129234,"8 High Street, Rishton, Lancashire, BB1 4LA"
2026-09-16,1661052,Richmond Grill Limited,Takeaway/sandwich shop,90-92 Richmond Road,Accrington,Lancashire,,BB5 0HY,Hyndburn,4,2025-07-09,FHRS,False,53.7480916,-2.3764493,"90-92 Richmond Road, Accrington, Lancashire, BB5 0HY"
2026-09-16,1765122,Rios,Takeaway/sandwich shop,7-8 Barnes Square,Clayton Le Moors,Lancashire,,BB5 5NX,Hyndburn,4,2024-12-09,FHRS,False,53.7748235,-2.3848449,"7-8 Barnes Square, Clayton Le Moors, Lancashire, BB5 5NX"
2026-09-16,1770171,Rumbletums,Takeaway/sandwich shop,119 Whalley Road,Clayton Le Moors,Lancashire,,BB5 5ED,Hyndburn,5,2024-11-12,FHRS,False,53.7700117,-2.3797711,"119 Whalley Road, Clayton Le Moors, Lancashire, BB5 5ED"
2026-09-16,459379,Sahad Sweet Centre and Kebab House,Takeaway/sandwich shop,201 Blackburn Road,Accrington,,,BB5 0AF,Hyndburn,1,2026-06-02,FHRS,False,53.753065,-2.373341,"201 Blackburn Road, Accrington, BB5 0AF"
2026-09-16,98375,Santa's,Takeaway/sandwich shop,37 Abbey Street,Accrington,,,BB5 1EN,Hyndburn,5,2026-01-20,FHRS,False,53.753173,-2.36174,"37 Abbey Street, Accrington, BB5 1EN"
2026-09-16,104633,Shaha Joli Indian Take Away Ltd,Takeaway/sandwich shop,16 Whalley Road,Clayton Le Moors,Accrington,,BB5 5DT,Hyndburn,5,2025-09-03,FHRS,False,53.768594,-2.376892,"16 Whalley Road, Clayton Le Moors, Accrington, BB5 5DT"
2026-09-16,1002284,Simply Indian Takeaway,Takeaway/sandwich shop,152 Union Road,Oswaldtwistle,Lancashire,,BB5 3EG,Hyndburn,4,2025-01-30,FHRS,False,53.7445945739746,-2.39473605155945,"152 Union Road, Oswaldtwistle, Lancashire, BB5 3EG"
2026-09-16,1947394,Smash & Eat,Takeaway/sandwich shop,66 Blackburn Road,Accrington,Lancashire,,BB5 1LE,Hyndburn,3,2026-05-08,FHRS,False,53.75341796875,-2.36673092842102,"66 Blackburn Road, Accrington, Lancashire, BB5 1LE"
2026-09-16,1892326,Smash Guys,Takeaway/sandwich shop,1 Peel Street,Accrington,Lancashire,,BB5 1HB,Hyndburn,3,2026-01-16,FHRS,False,53.7530299,-2.3635118,"1 Peel Street, Accrington, Lancashire, BB5 1HB"
2026-09-16,1242230,Spring Garden,Takeaway/sandwich shop,346 Union Road,Oswaldtwistle,Lancashire,,BB5 3JD,Hyndburn,4,2025-02-03,FHRS,False,53.7416309,-2.4008772,"346 Union Road, Oswaldtwistle, Lancashire, BB5 3JD"
2026-09-16,1019866,Star East,Takeaway/sandwich shop,1 Catlow Hall Street,Oswaldtwistle,Lancashire,,BB5 3EU,Hyndburn,4,2026-03-30,FHRS,False,53.7421569824219,-2.39225602149963,"1 Catlow Hall Street, Oswaldtwistle, Lancashire, BB5 3EU"
2026-09-16,1931152,Suarez tasty bites,Takeaway/sandwich shop,102 High Street,Rishton,Lancashire,,BB1 4LQ,Hyndburn,5,2026-01-20,FHRS,False,53.7682897,-2.4165303,"102 High Street, Rishton, Lancashire, BB1 4LQ"
2026-09-16,1077040,Subway,Takeaway/sandwich shop,1a Frontier Park,Frontier Avenue,Blackburn,,BB1 3AL,Hyndburn,5,2025-01-14,FHRS,False,53.7537391,-2.4405432,"1a Frontier Park, Frontier Avenue, Blackburn, BB1 3AL"
2026-09-16,878585,Sunny,Takeaway/sandwich shop,90 High Street,Rishton,Lancashire,,BB1 4JZ,Hyndburn,4,2025-12-10,FHRS,False,53.768212,-2.413784,"90 High Street, Rishton, Lancashire, BB1 4JZ"
2026-09-16,1962219,Taste of Italy,Takeaway/sandwich shop,200-202 Union Road,Oswaldtwistle,Lancashire,,BB5 3EG,Hyndburn,4,2026-07-16,FHRS,False,53.744312,-2.3948632,"200-202 Union Road, Oswaldtwistle, Lancashire, BB5 3EG"
2026-09-16,108598,Tasty Grill,Takeaway/sandwich shop,384 Blackburn Road,Accrington,,,BB5 1SA,Hyndburn,5,2024-08-28,FHRS,False,53.752735,-2.38412,"384 Blackburn Road, Accrington, BB5 1SA"
2026-09-16,1824862,The Chicken Shop 2025 Ltd,Takeaway/sandwich shop,44 Queen Street,Great Harwood,Lancashire,,BB6 7QQ,Hyndburn,4,2025-05-23,FHRS,False,53.7860877,-2.4053844,"44 Queen Street, Great Harwood, Lancashire, BB6 7QQ"
2026-09-16,700185,The Chippy,Takeaway/sandwich shop,255 Union Road,Oswaldtwistle,Lancashire,,BB5 3HU,Hyndburn,5,2024-11-07,FHRS,False,53.742852,-2.396554,"255 Union Road, Oswaldtwistle, Lancashire, BB5 3HU"
2026-09-16,1756451,The Cod's Pollocks,Takeaway/sandwich shop,230 Whalley Road,Accrington,Lancashire,,BB5 5AA,Hyndburn,5,2024-08-14,FHRS,False,53.7619992,-2.3696114,"230 Whalley Road, Accrington, Lancashire, BB5 5AA"
2026-09-16,1808964,The Greasy Spoon,Takeaway/sandwich shop,20 High Street,Rishton,Lancashire,,BB1 4LA,Hyndburn,4,2025-02-11,FHRS,False,53.768453,-2.414227,"20 High Street, Rishton, Lancashire, BB1 4LA"
2026-09-16,1109219,The Little Crown,Takeaway/sandwich shop,318 Whalley Road,Clayton Le Moors,Lancashire,,BB5 5QX,Hyndburn,5,2024-02-13,FHRS,False,53.776924,-2.383203,"318 Whalley Road, Clayton Le Moors, Lancashire, BB5 5QX"
2026-09-16,1628018,The New Zorbas Takeaway,Takeaway/sandwich shop,167-169 Whalley Road,Clayton Le Moors,Lancashire,,BB5 5HD,Hyndburn,4,2025-03-18,FHRS,False,53.7712818,-2.3817095,"167-169 Whalley Road, Clayton Le Moors, Lancashire, BB5 5HD"
2026-09-16,1983865,The Snack Box / Little Bee Play Cafe,Takeaway/sandwich shop,503 Manchester Road,Accrington,Lancashire,,BB5 2QJ,Hyndburn,AwaitingInspection,,FHRS,False,53.7355971,-2.3470496,"503 Manchester Road, Accrington, Lancashire, BB5 2QJ"
2026-09-16,1217755,The Village Chippy,Takeaway/sandwich shop,14 Station Road,Huncoat,,,BB5 6LS,Hyndburn,5,2026-08-04,FHRS,False,53.7726031,-2.3461417,"14 Station Road, Huncoat, BB5 6LS"
2026-09-16,1630277,The Village Pizzeria,Takeaway/sandwich shop,3 Blackburn Road,Accrington,Lancashire,,BB5 1HF,Hyndburn,4,2025-07-16,FHRS,False,53.752559,-2.362614,"3 Blackburn Road, Accrington, Lancashire, BB5 1HF"
2026-09-16,1633872,Thong Thai Takeaway,Takeaway/sandwich shop,9 Peel Street,Accrington,Lancashire,,BB5 1EA,Hyndburn,4,2025-12-17,FHRS,False,53.753626,-2.363229,"9 Peel Street, Accrington, Lancashire, BB5 1EA"
2026-09-16,1835720,Toni's,Takeaway/sandwich shop,37 Blackburn Road,Great Harwood,Lancashire,,BB6 7DF,Hyndburn,4,2025-06-24,FHRS,False,53.7849356,-2.4085148,"37 Blackburn Road, Great Harwood, Lancashire, BB6 7DF"
2026-09-16,1926466,Tonyz,Takeaway/sandwich shop,74 Nuttall Street,Accrington,Lancashire,,BB5 2HL,Hyndburn,3,2026-06-11,FHRS,False,53.747825,-2.364499,"74 Nuttall Street, Accrington, Lancashire, BB5 2HL"
2026-09-16,1962228,Toppings Desserts,Takeaway/sandwich shop,414-416 Blackburn Road,Accrington,Lancashire,,BB5 0DE,Hyndburn,4,2026-09-03,FHRS,False,53.7527634,-2.3855298,"414-416 Blackburn Road, Accrington, Lancashire, BB5 0DE"
2026-09-16,1866575,Toppings Takeaway,Takeaway/sandwich shop,414-416 Blackburn Road,Accrington,Lancashire,,BB5 0DE,Hyndburn,4,2026-09-03,FHRS,False,53.7527634,-2.3855298,"414-416 Blackburn Road, Accrington, Lancashire, BB5 0DE"
2026-09-16,1876866,Urban Crust,Takeaway/sandwich shop,49 Whalley Road,Accrington,Lancashire,,BB5 1AS,Hyndburn,3,2026-07-07,FHRS,False,53.7552204,-2.3643497,"49 Whalley Road, Accrington, Lancashire, BB5 1AS"
2026-09-16,1962229,West End Fish and Chips,Takeaway/sandwich shop,370 Blackburn Road,Oswaldtwistle,Lancashire,,BB5 4LZ,Hyndburn,4,2026-08-03,FHRS,False,53.7502242,-2.4086173,"370 Blackburn Road, Oswaldtwistle, Lancashire, BB5 4LZ"
2026-09-16,1596993,Yankeez also trading as 'K Chicken',Takeaway/sandwich shop,75 Abbey Street,Accrington,Lancashire,,BB5 1EH,Hyndburn,1,2026-03-25,FHRS,False,53.752051,-2.361123,"75 Abbey Street, Accrington, Lancashire, BB5 1EH"
2026-09-16,1947393,Yano Cha,Takeaway/sandwich shop,3 Peel Street,Accrington,Lancashire,,BB5 1HB,Hyndburn,2,2026-05-29,FHRS,False,53.7530659,-2.3634969,"3 Peel Street, Accrington, Lancashire, BB5 1HB"
2026-09-16,1941258,Yarnis,Takeaway/sandwich shop,116 Blackburn Road,Accrington,Lancashire,,BB5 0AD,Hyndburn,AwaitingInspection,,FHRS,False,53.753767,-2.369919,"116 Blackburn Road, Accrington, Lancashire, BB5 0AD"
2026-09-16,67630,Yates Bakery,Takeaway/sandwich shop,70 Henry Street,Church,Accrington,,BB5 4EP,Hyndburn,4,2024-11-01,FHRS,False,53.754907,-2.387598,"70 Henry Street, Church, Accrington, BB5 4EP"
2026-09-16,1723176,York Street Chippy,Takeaway/sandwich shop,2 York Street,Accrington,Lancashire,,BB5 1DN,Hyndburn,3,2025-07-22,FHRS,False,53.7578779,-2.3682556,"2 York Street, Accrington, Lancashire, BB5 1DN"
2026-09-16,1983859,Your Knuzden Chippy,Takeaway/sandwich shop,33a Windsor Road,Knuzden Brook,Oswaldtwistle,,BB1 2DQ,Hyndburn,AwaitingInspection,,FHRS,False,,,"33a Windsor Road, Knuzden Brook, Oswaldtwistle, BB1 2DQ"
2026-09-16,1608493,Yuit Loung,Takeaway/sandwich shop,55 Marlborough Road,Accrington,Lancashire,,BB5 6BL,Hyndburn,3,2025-02-26,FHRS,False,53.7601808,-2.3646658,"55 Marlborough Road, Accrington, Lancashire, BB5 6BL"
2026-09-16,1617793,Zam Zam Spice,Takeaway/sandwich shop,52 Queen Street,Great Harwood,Lancashire,,BB6 7QQ,Hyndburn,3,2026-08-03,FHRS,False,53.786008,-2.405931,"52 Queen Street, Great Harwood, Lancashire, BB6 7QQ"
2026-09-16,1987966,Huainan Beef Soup,Takeaway/sandwich shop,,27 Pepper Street,London,,E14 9RP,Tower Hamlets,AwaitingInspection,,FHRS,False,,,"27 Pepper Street, London, E14 9RP"
2026-09-16,1987975,Parkside Pour,Takeaway/sandwich shop,,52 Jodrell Road,London,,E3 2LA,Tower Hamlets,5,2026-09-10,FHRS,False,,,"52 Jodrell Road, London, E3 2LA"
2026-09-16,1987976,"Smashio, The Sushi Co",Takeaway/sandwich shop,,6B Pepper Street,London,,E14 9RP,Tower Hamlets,AwaitingInspection,,FHRS,False,,,"6B Pepper Street, London, E14 9RP"
2026-09-16,84174,Boss Pizza Oldham,Takeaway/sandwich shop,,317 Abbey Hills Road,Oldham,,OL4 5LX,Oldham,AwaitingInspection,,FHRS,True,,,"317 Abbey Hills Road, Oldham, OL4 5LX"
2026-09-16,1987820,Munch,Takeaway/sandwich shop,15 Bastion Road,,Prestatyn,,LL19 7ES,Denbighshire,AwaitingInspection,,FHRS,False,,,"15 Bastion Road, Prestatyn, LL19 7ES"
2026-09-16,1987817,Onest Deli,Takeaway/sandwich shop,Back Row,,Denbigh,,LL16 3TE,Denbighshire,AwaitingInspection,,FHRS,False,,,"Back Row, Denbigh, LL16 3TE"
2026-09-16,1987821,Simply Fish and Chips Curry Corner Winghing Wah,Takeaway/sandwich shop,36A Tynewydd Road,,Rhyl,Denbighshire,LL18 3SP,Denbighshire,AwaitingInspection,,FHRS,False,,,"36A Tynewydd Road, Rhyl, Denbighshire, LL18 3SP"
2026-09-16,1987816,Zozan kebab,Takeaway/sandwich shop,36-38 Vale Road,,Rhyl,,LL18 2BU,Denbighshire,AwaitingInspection,,FHRS,False,,,"36-38 Vale Road, Rhyl, LL18 2BU"
2026-09-16,1987683,Great Bear Coffee,Takeaway/sandwich shop,,,,,,South Oxfordshire,AwaitingInspection,,FHRS,False,,,
2026-09-16,1987681,Ocean Fish & Chips,Takeaway/sandwich shop,21-21a Fane Drive,Berinsfield,Wallingford,,OX10 7ND,South Oxfordshire,AwaitingInspection,,FHRS,False,,,"21-21a Fane Drive, Berinsfield, Wallingford, OX10 7ND"
2026-09-16,1987760,Flaming Frangos,Takeaway/sandwich shop,13 Vere Street,,Barry,Vale Of Glamorgan,CF63 2HX,Vale of Glamorgan,AwaitingInspection,,FHRS,False,,,"13 Vere Street, Barry, Vale Of Glamorgan, CF63 2HX"
2026-09-16,1987985,Royal Dragon,Takeaway/sandwich shop,,568 Burton Road,Derby,,DE23 6DG,Derby City,AwaitingInspection,,FHRS,False,,,"568 Burton Road, Derby, DE23 6DG"
2026-09-16,1518756,Fireaway Pizza /So Be Burger,Takeaway/sandwich shop,169 Plumstead Road,Norwich,,,NR1 4AB,Norwich City,AwaitingInspection,,FHRS,True,,,"169 Plumstead Road, Norwich, NR1 4AB"
2026-09-16,1988090,Golden Triangle,Takeaway/sandwich shop,47 Portersfield Road,Norwich,,,NR2 3JU,Norwich City,AwaitingInspection,,FHRS,False,,,"47 Portersfield Road, Norwich, NR2 3JU"
2026-09-16,1988085,Gujjus Veg Kitchen,Takeaway/sandwich shop,,,,,,Norwich City,AwaitingInspection,,FHRS,False,,,
2026-09-16,1988084,Kubrito Foods,Takeaway/sandwich shop,349A Aylsham Road,Norwich,,,NR3 2RX,Norwich City,AwaitingInspection,,FHRS,False,,,"349A Aylsham Road, Norwich, NR3 2RX"
2026-09-16,1988086,Todys Pizza,Takeaway/sandwich shop,,,,,,Norwich City,AwaitingInspection,,FHRS,False,,,
2026-09-16,1960957,Raunds BBQ Turkish Grill,Takeaway/sandwich shop,3 Brook Street,Raunds,Wellingborough,,NN9 6LL,North Northamptonshire,AwaitingInspection,,FHRS,False,,,"3 Brook Street, Raunds, Wellingborough, NN9 6LL"
2026-09-16,1987667,Sufi Grill And Pizza,Takeaway/sandwich shop,135B High Street,Plaistow,London,,E13 9HH,Newham,AwaitingInspection,,FHRS,False,,,"135B High Street, Plaistow, London, E13 9HH"
2026-09-16,1987652,The Chips Shack,Takeaway/sandwich shop,274 - 276 Neville Road,Forest Gate,London,,E7 9QN,Newham,AwaitingInspection,,FHRS,False,,,"274 - 276 Neville Road, Forest Gate, London, E7 9QN"
2026-09-16,1987650,Yo To Go,Takeaway/sandwich shop,1 Armada Way,Beckton,London,,E6 7ER,Newham,AwaitingInspection,,FHRS,False,,,"1 Armada Way, Beckton, London, E6 7ER"
2026-09-16,1987794,Ely Pavilion Community Shop,Takeaway/sandwich shop,Colin Way,,Cardiff,,CF5 5AJ,Caerdydd,AwaitingInspection,,FHRS,False,,,"Colin Way, Cardiff, CF5 5AJ"
2026-09-16,1987678,Lecker Chakula,Takeaway/sandwich shop,,,,,,Vale of White Horse,AwaitingInspection,,FHRS,False,,,
2026-09-16,1987676,The Rainbow Chippy,Takeaway/sandwich shop,7 London Street,Faringdon,Oxon,,SN7 7AE,Vale of White Horse,AwaitingInspection,,FHRS,False,,,"7 London Street, Faringdon, Oxon, SN7 7AE"
2026-09-16,1988102,Table 234,Takeaway/sandwich shop,18 Weir Road,,Wimbledon,Merton,SW19 8UG,Merton,AwaitingInspection,,FHRS,False,,,"18 Weir Road, Wimbledon, Merton, SW19 8UG"
2026-09-16,1987813,Yo! To Go!,Takeaway/sandwich shop,Tesco,Syke Street,Haslingden,Rossendale,BB4 6LY,Rossendale,AwaitingInspection,,FHRS,False,,,"Tesco, Syke Street, Haslingden, Rossendale, BB4 6LY"
2026-09-16,1987820,Munch,Takeaway/sandwich shop,15 Bastion Road,,Prestatyn,,LL19 7ES,Sir Ddinbych,AwaitingInspection,,FHRS,False,,,"15 Bastion Road, Prestatyn, LL19 7ES"
2026-09-16,1987817,Onest Deli,Takeaway/sandwich shop,Back Row,,Denbigh,,LL16 3TE,Sir Ddinbych,AwaitingInspection,,FHRS,False,,,"Back Row, Denbigh, LL16 3TE"
2026-09-16,1987821,Simply Fish and Chips Curry Corner Winghing Wah,Takeaway/sandwich shop,36A Tynewydd Road,,Rhyl,Denbighshire,LL18 3SP,Sir Ddinbych,AwaitingInspection,,FHRS,False,,,"36A Tynewydd Road, Rhyl, Denbighshire, LL18 3SP"
2026-09-16,1987816,Zozan kebab,Takeaway/sandwich shop,36-38 Vale Road,,Rhyl,,LL18 2BU,Sir Ddinbych,AwaitingInspection,,FHRS,False,,,"36-38 Vale Road, Rhyl, LL18 2BU"
2026-09-16,1988037,Bundem,Takeaway/sandwich shop,9-11 Genotin Road,Enfield,,,EN1 2AA,Enfield,AwaitingInspection,,FHRS,False,,,"9-11 Genotin Road, Enfield, EN1 2AA"
2026-09-16,1988033,Medis BBQ,Takeaway/sandwich shop,158 Lancaster Road,ENFIELD,,,EN2 0JT,Enfield,AwaitingInspection,,FHRS,False,,,"158 Lancaster Road, ENFIELD, EN2 0JT"
2026-09-16,1987794,Ely Pavilion Community Shop,Takeaway/sandwich shop,Colin Way,,Cardiff,,CF5 5AJ,Cardiff,AwaitingInspection,,FHRS,False,,,"Colin Way, Cardiff, CF5 5AJ"
2026-09-16,1987859,KFC Brighton Marina,Takeaway/sandwich shop,Brighton Marina Village,Brighton Marina,Brighton,,BN2 5UT,Brighton and Hove,AwaitingInspection,,FHRS,False,,,"Brighton Marina Village, Brighton Marina, Brighton, BN2 5UT"
2026-09-16,1987860,Lotus House,Takeaway/sandwich shop,191 Elm Grove,Brighton,,,BN2 3EL,Brighton and Hove,AwaitingInspection,,FHRS,False,,,"191 Elm Grove, Brighton, BN2 3EL"
2026-09-16,1987864,Sobe Burger,Takeaway/sandwich shop,62 Western Road,Hove,,,BN3 1JD,Brighton and Hove,AwaitingInspection,,FHRS,False,,,"62 Western Road, Hove, BN3 1JD"
2026-09-16,461705,High Street Chippie,Takeaway/sandwich shop,,45 High Street,Wath-Upon-Dearne,Rotherham South Yorkshire,S63 7QB,Rotherham,5,2024-03-12,FHRS,False,,,"45 High Street, Wath-Upon-Dearne, Rotherham South Yorkshire, S63 7QB"
2026-09-17,1988383,KFC Eastbourne - Lottbridge Drove,Takeaway/sandwich shop,1 Lottbridge Drove,,Eastbourne,East Sussex,BN22 7SG,Eastbourne,AwaitingInspection,,FHRS,False,,,"1 Lottbridge Drove, Eastbourne, East Sussex, BN22 7SG"
2026-09-17,1988392,BIB Bakehouse 2 Ltd,Takeaway/sandwich shop,43 River Street,Birmingham,,,B5 5SA,Birmingham,AwaitingInspection,,FHRS,False,,,"43 River Street, Birmingham, B5 5SA"
2026-09-17,1988578,Classic fish bar,Takeaway/sandwich shop,319 Wyndhurst Road,Birmingham,,,B33 9DL,Birmingham,AwaitingInspection,,FHRS,False,,,"319 Wyndhurst Road, Birmingham, B33 9DL"
2026-09-17,1988477,Classic HK Kitchen,Takeaway/sandwich shop,510  Bristol Road,Selly Oak,Birmingham,,B29 6BD,Birmingham,AwaitingInspection,,FHRS,True,,,"510  Bristol Road, Selly Oak, Birmingham, B29 6BD"
2026-09-17,1988423,Crunch Pizza,Takeaway/sandwich shop,578 Kingstanding Road,Birmingham,,,B44 9SD,Birmingham,4,2026-01-05,FHRS,False,,,"578 Kingstanding Road, Birmingham, B44 9SD"
2026-09-17,1988501,Dessert station,Takeaway/sandwich shop,6 West Heath Road,Northfield,Birmingham,,B31 3TG,Birmingham,AwaitingInspection,,FHRS,False,,,"6 West Heath Road, Northfield, Birmingham, B31 3TG"
2026-09-17,1988408,Frankies Pizzeria,Takeaway/sandwich shop,36 Glebe Farm Road,Birmingham,,,B33 9LZ,Birmingham,AwaitingInspection,,FHRS,False,,,"36 Glebe Farm Road, Birmingham, B33 9LZ"
2026-09-17,1988496,Funky Fries,Takeaway/sandwich shop,Andalusia Food Park,Warwick Road,South Yardley,Birmingham,B11 2HP,Birmingham,AwaitingInspection,,FHRS,False,,,"Andalusia Food Park, Warwick Road, South Yardley, Birmingham, B11 2HP"
2026-09-17,1988495,Funky Fries Limited - R/O,Takeaway/sandwich shop,11 Deakins Road,Birmingham,,,B25 8DX,Birmingham,AwaitingInspection,,FHRS,False,,,"11 Deakins Road, Birmingham, B25 8DX"
2026-09-17,1988437,Handi Roti,Takeaway/sandwich shop,264 Alum Rock Road,Birmingham,,,B8 3DD,Birmingham,AwaitingInspection,,FHRS,False,,,"264 Alum Rock Road, Birmingham, B8 3DD"
2026-09-17,1988514,Harborne fish bar,Takeaway/sandwich shop,2 Northfield Road,Harborne,Birmingham,,B17 0SS,Birmingham,AwaitingInspection,,FHRS,False,,,"2 Northfield Road, Harborne, Birmingham, B17 0SS"
2026-09-17,1988429,Tasty Kitchen,Takeaway/sandwich shop,Flat 4,Severn Court,Alwynn Walk,Birmingham,B23 7YY,Birmingham,AwaitingInspection,,FHRS,False,,,"Flat 4, Severn Court, Alwynn Walk, Birmingham, B23 7YY"
2026-09-17,1988515,Tenderism,Takeaway/sandwich shop,267-269  Lichfield Road,Nechells,Birmingham,,B6 7QP,Birmingham,AwaitingInspection,,FHRS,False,,,"267-269  Lichfield Road, Nechells, Birmingham, B6 7QP"
2026-09-17,1988434,THE PRODUCT OF ANDHRA,Takeaway/sandwich shop,121-153 Miller Street,Birmingham,,,B6 4NG,Birmingham,AwaitingInspection,,FHRS,False,,,"121-153 Miller Street, Birmingham, B6 4NG"
2026-09-17,1988481,Tianning Sushi,Takeaway/sandwich shop,B102 The Arcadian,70 Hurst Street,Birmingham,,B5 4TD,Birmingham,AwaitingInspection,,FHRS,False,,,"B102 The Arcadian, 70 Hurst Street, Birmingham, B5 4TD"
2026-09-17,1988486,TIFFEN KITCHEN,Takeaway/sandwich shop,712 Chester Road,Erdington,Birmingham,,B23 5TE,Birmingham,AwaitingInspection,,FHRS,False,,,"712 Chester Road, Erdington, Birmingham, B23 5TE"
2026-09-17,1272500,Urban Kitchen,Takeaway/sandwich shop,148-151 Bromsgrove Street,Birmingham,,,B5 6RG,Birmingham,0,2020-07-27,FHRS,False,,,"148-151 Bromsgrove Street, Birmingham, B5 6RG"
2026-09-17,1988440,WOK'S,Takeaway/sandwich shop,484 Brays Road,Birmingham,,,B26 2RT,Birmingham,AwaitingInspection,,FHRS,False,,,"484 Brays Road, Birmingham, B26 2RT"
2026-09-17,1988317,Chicken Cottage Morley,Takeaway/sandwich shop,Chicken Cottage,79 Queen Street,Morley,Leeds,LS27 8DX,Leeds,AwaitingInspection,,FHRS,False,,,"Chicken Cottage, 79 Queen Street, Morley, Leeds, LS27 8DX"
2026-09-17,1988299,Favourdelights Afro Caribbean Cuisine,Takeaway/sandwich shop,2B Whingate,Armley,Leeds,,LS12 3BL,Leeds,AwaitingInspection,,FHRS,False,,,"2B Whingate, Armley, Leeds, LS12 3BL"
2026-09-17,1986337,Mondo Pizza,Takeaway/sandwich shop,2 The Parade,Hough Lane,Bramley,Leeds,LS13 3RB,Leeds,AwaitingInspection,,FHRS,False,,,"2 The Parade, Hough Lane, Bramley, Leeds, LS13 3RB"
2026-09-17,1988315,Pekkish,Takeaway/sandwich shop,79 Queen Street,Morley,Leeds,,LS27 8DX,Leeds,AwaitingInspection,,FHRS,False,,,"79 Queen Street, Morley, Leeds, LS27 8DX"
2026-09-17,1988304,Renoshake,Takeaway/sandwich shop,53A Bradford Road,Stanningley,Pudsey,,LS28 6AT,Leeds,AwaitingInspection,,FHRS,False,,,"53A Bradford Road, Stanningley, Pudsey, LS28 6AT"
2026-09-17,1988300,Shahjahan Takeaway,Takeaway/sandwich shop,Shahjahan Take Away,164 Roundhay Road,Leeds,,LS8 5PL,Leeds,AwaitingInspection,,FHRS,True,,,"Shahjahan Take Away, 164 Roundhay Road, Leeds, LS8 5PL"
2026-09-17,1988270,Medo Kebab,Takeaway/sandwich shop,18 GREEN ROAD,,,KINROSS,KY13 8TU,Perth and Kinross,Awaiting Inspection,,FHIS,False,,,"18 GREEN ROAD, KINROSS, KY13 8TU"
2026-09-17,1988337,Flora's Bakes,Takeaway/sandwich shop,,,,,,Stevenage,AwaitingInspection,,FHRS,False,,,
2026-09-17,1988335,Tasty Bakes,Takeaway/sandwich shop,,,,,,Stevenage,AwaitingInspection,,FHRS,False,,,
2026-09-17,1955350,Big Bills Kitchen,Takeaway/sandwich shop,,Beckside Lane,Bradford,,BD7 2JX,Bradford,AwaitingInspection,,FHRS,False,,,"Beckside Lane, Bradford, BD7 2JX"
2026-09-17,1273605,"Choni’s Inc, You Want Beef?",Takeaway/sandwich shop,,76 Manningham Lane,Bradford,,BD1 3EP,Bradford,AwaitingInspection,,FHRS,False,,,"76 Manningham Lane, Bradford, BD1 3EP"
2026-09-17,328268,Khatoons Bradford,Takeaway/sandwich shop,Units 1 To 5 Thornton Road Industrial Estate,Hockney Road,Bradford,,BD8 9HQ,Bradford,AwaitingInspection,,FHRS,False,,,"Units 1 To 5 Thornton Road Industrial Estate, Hockney Road, Bradford, BD8 9HQ"
2026-09-17,1988249,Pizza Club,Takeaway/sandwich shop,35 Main Street,Broughshane Upper,Broughshane,Antrim,BT42 4JW,Mid and East Antrim,AwaitingInspection,,FHRS,False,,,"35 Main Street, Broughshane Upper, Broughshane, Antrim, BT42 4JW"
2026-09-17,1988598,Hillfoot Chippy,Takeaway/sandwich shop,152 Hillfoot Road,Ayr,South Ayrshire,,KA7 3LB,South Ayrshire,Awaiting Inspection,2026-09-16,FHIS,False,,,"152 Hillfoot Road, Ayr, South Ayrshire, KA7 3LB"
2026-09-17,1988173,Halimah's,Takeaway/sandwich shop,,144 Whitworth Road,Rochdale,,OL12 0JG,Rochdale,AwaitingInspection,,FHRS,False,,,"144 Whitworth Road, Rochdale, OL12 0JG"
2026-09-17,1154044,Mother Hubbarbs,Takeaway/sandwich shop,Units G43-G44,Middleton Shopping Centre,Middleton,Rochdale,M24 4EL,Rochdale,AwaitingInspection,,FHRS,False,,,"Units G43-G44, Middleton Shopping Centre, Middleton, Rochdale, M24 4EL"
2026-09-17,1988198,Mealmaster,Takeaway/sandwich shop,103 Mill Street,Macclesfield,,Cheshire,SK11 6NN,Cheshire East,AwaitingInspection,,FHRS,False,,,"103 Mill Street, Macclesfield, Cheshire, SK11 6NN"
2026-09-17,1988273,Quick N Tasty Sarnie Shop,Takeaway/sandwich shop,,13a Davison Drive,Hartlepool,,TS24 9BW,Hartlepool,AwaitingInspection,,FHRS,False,,,"13a Davison Drive, Hartlepool, TS24 9BW"
2026-09-17,1988593,Jass foods,Takeaway/sandwich shop,337 Foleshill Road,,,Coventry,CV1 4JS,Coventry,AwaitingInspection,,FHRS,False,,,"337 Foleshill Road, Coventry, CV1 4JS"
2026-09-17,1988255,Spicy Village,Takeaway/sandwich shop,,130 Dukes Road,Rutherglen,Glasgow,G73 5AF,South Lanarkshire,Pass,2026-09-08,FHIS,False,,,"130 Dukes Road, Rutherglen, Glasgow, G73 5AF"
2026-09-17,1988369,Golden Phoenix,Takeaway/sandwich shop,4 Chapel Brow,Leyland,Lancashire,,PR25 3NE,South Ribble,AwaitingInspection,,FHRS,False,,,"4 Chapel Brow, Leyland, Lancashire, PR25 3NE"
2026-09-29,1989129,Crumbs Sandwich Bar And Bakery,Takeaway/sandwich shop,265 Ongar Road,Brentwood,Essex,,CM15 9DZ,Brentwood,AwaitingInspection,,FHRS,False,51.627931,0.296338,"265 Ongar Road, Brentwood, Essex, CM15 9DZ"
2026-09-29,1991182,Bunzo,Takeaway/sandwich shop,256 High Street,Aldershot,Hampshire,,GU12 4LP,Rushmoor,AwaitingInspection,,FHRS,False,51.246718,-0.75515,"256 High Street, Aldershot, Hampshire, GU12 4LP"
2026-09-29,1990370,Oh My Cod,Takeaway/sandwich shop,282 Lower Farnham Road,Aldershot,Hampshire,,GU11 3RD,Rushmoor,5,2026-08-25,FHRS,False,51.234853,-0.75812,"282 Lower Farnham Road, Aldershot, Hampshire, GU11 3RD"
2026-09-29,1986210,B Kitchen,Takeaway/sandwich shop,231-232 STRAND,,LONDON,,WC2R 1DA,Westminster,AwaitingInspection,,FHRS,False,51.5134517,-0.1120007,"231-232 STRAND, LONDON, WC2R 1DA"
2026-09-29,1986202,Holbunz,Takeaway/sandwich shop,PITCH 669 CHURCH STREET,,LONDON,,NW8 8PT,Westminster,AwaitingInspection,,FHRS,False,,,"PITCH 669 CHURCH STREET, LONDON, NW8 8PT"
2026-09-29,1988722,Molly tea,Takeaway/sandwich shop,21 LISLE STREET,,LONDON,,WC2H 7BA,Westminster,5,2026-09-14,FHRS,False,51.5117217,-0.1303177,"21 LISLE STREET, LONDON, WC2H 7BA"
2026-09-29,1966153,RONI'S MARYLEBONE,Takeaway/sandwich shop,18b THAYER STREET,,LONDON,United Kingdom,W1U 3JU,Westminster,AwaitingInspection,,FHRS,False,51.51716,-0.1515,"18b THAYER STREET, LONDON, United Kingdom, W1U 3JU"
2026-09-29,1988734,Saltwater,Takeaway/sandwich shop,3 BERWICK STREET,,LONDON,,W1F 0DR,Westminster,AwaitingInspection,,FHRS,False,51.5129346,-0.1342025,"3 BERWICK STREET, LONDON, W1F 0DR"
2026-09-29,1962986,Trophy,Takeaway/sandwich shop,12 D'ARBLAY STREET,,LONDON,,W1F 8DU,Westminster,AwaitingInspection,,FHRS,False,51.51465,-0.1363231,"12 D'ARBLAY STREET, LONDON, W1F 8DU"
2026-09-29,1992044,Battleswicks fish and chips,Takeaway/sandwich shop,,3 Battleswick,Basildon,Essex,SS14 3JX,Basildon,AwaitingInspection,,FHRS,False,,,"3 Battleswick, Basildon, Essex, SS14 3JX"
2026-09-29,1990512,Fusion Flavour Kitchen,Takeaway/sandwich shop,,,,,,Coventry,AwaitingInspection,,FHRS,False,,,
2026-09-29,1990503,GOLDEN DRAGON,Takeaway/sandwich shop,246 LOCKHURST LANE,,,COVENTRY,CV6 5NJ,Coventry,AwaitingInspection,,FHRS,False,52.4319412,-1.5041815,"246 LOCKHURST LANE, COVENTRY, CV6 5NJ"
2026-09-29,1990506,O’Palatable,Takeaway/sandwich shop,136 Far Gosford Street,,,Coventry,CV1 5DY,Coventry,AwaitingInspection,,FHRS,False,52.4075274,-1.4964865,"136 Far Gosford Street, Coventry, CV1 5DY"
2026-09-29,1990499,Saawu Laban,Takeaway/sandwich shop,Empire Plaza 150 Far Gosford Street,,,Coventry,CV1 5DU,Coventry,AwaitingInspection,,FHRS,False,52.4071906,-1.497637,"Empire Plaza 150 Far Gosford Street, Coventry, CV1 5DU"
2026-09-29,1990515,Sophiestreat limited,Takeaway/sandwich shop,,,,,,Coventry,AwaitingInspection,,FHRS,False,,,
2026-09-29,1990510,Sophystreat,Takeaway/sandwich shop,,,,,,Coventry,AwaitingInspection,,FHRS,False,,,
2026-09-29,1991753,Green Cedar,Takeaway/sandwich shop,,,,,,Haringey,5,2026-07-15,FHRS,False,,,
2026-09-29,1991758,Momo365,Takeaway/sandwich shop,Unit B4,Wood Green Shopping City,High Road,Wood Green,N22 6YQ,Haringey,5,2026-09-12,FHRS,False,51.5944843,-0.1086717,"Unit B4, Wood Green Shopping City, High Road, Wood Green, N22 6YQ"
2026-09-29,1991755,Mumma G Cookhouse & Seafood Boil,Takeaway/sandwich shop,118 Alexandra Park Road,Hornsey,London,,N10 2AH,Haringey,5,2026-09-11,FHRS,False,51.598551,-0.137607,"118 Alexandra Park Road, Hornsey, London, N10 2AH"
2026-09-29,515430,Indiano Pizza,Takeaway/sandwich shop,631 Lea Bridge Road,,Leyton,London,E10 6AJ,Waltham Forest,0,2026-08-11,FHRS,False,51.576892,-0.011159,"631 Lea Bridge Road, Leyton, London, E10 6AJ"
2026-09-29,1992106,Smashies,Takeaway/sandwich shop,546 Burnley Road,Crawshawbooth,Rossendale,Lancashire,BB4 8NE,Rossendale,AwaitingInspection,,FHRS,False,,,"546 Burnley Road, Crawshawbooth, Rossendale, Lancashire, BB4 8NE"
2026-09-29,1990075,Feast On Fire,Takeaway/sandwich shop,129 North Road,,Cardiff,,CF14 3AD,Caerdydd,AwaitingInspection,,FHRS,False,51.4978705,-3.1930846,"129 North Road, Cardiff, CF14 3AD"
2026-09-29,1990081,Kabab slemany,Takeaway/sandwich shop,44 Broadway,Adamsdown,Cardiff,,CF24 1NG,Caerdydd,AwaitingInspection,,FHRS,False,51.4874958,-3.1569936,"44 Broadway, Adamsdown, Cardiff, CF24 1NG"
2026-09-29,1991916,THE CLOVES,Takeaway/sandwich shop,749 Newport Road,Llanrumney,Cardiff,,CF3 4AJ,Caerdydd,AwaitingInspection,,FHRS,False,51.5084004,-3.1332012,"749 Newport Road, Llanrumney, Cardiff, CF3 4AJ"
2026-09-29,1988654,Lazzez Takeaway,Takeaway/sandwich shop,Bun Shine,3 Lower Gate,Paddock,Huddersfield,HD3 4ET,Kirklees,AwaitingInspection,,FHRS,False,53.6433909,-1.8135918,"Bun Shine, 3 Lower Gate, Paddock, Huddersfield, HD3 4ET"
2026-09-29,1988660,Pinos Aspley,Takeaway/sandwich shop,Pinos,58 Wakefield Road,Aspley,Huddersfield,HD1 3AJ,Kirklees,AwaitingInspection,,FHRS,False,53.6438495,-1.7740966,"Pinos, 58 Wakefield Road, Aspley, Huddersfield, HD1 3AJ"
2026-09-29,229295,Sharkeys Fish Bar,Takeaway/sandwich shop,21A Byram Street,Huddersfield,,,HD1 1DR,Kirklees,5,2023-04-06,FHRS,False,53.648595,-1.782088,"21A Byram Street, Huddersfield, HD1 1DR"
2026-09-29,228204,Sharkeys Fish Bar,Takeaway/sandwich shop,5 Southfield Road,Almondbury,Huddersfield,,HD5 8RY,Kirklees,4,2025-08-14,FHRS,False,53.635398,-1.748885,"5 Southfield Road, Almondbury, Huddersfield, HD5 8RY"
2026-09-29,1988663,Subway,Takeaway/sandwich shop,Subway Unit J2,Leeds Road Retail Park,Leeds Road,Huddersfield,HD1 6PF,Kirklees,AwaitingInspection,,FHRS,False,53.6580383,-1.7675287,"Subway Unit J2, Leeds Road Retail Park, Leeds Road, Huddersfield, HD1 6PF"
2026-09-29,1991607,The hot Cluck co.,Takeaway/sandwich shop,Zs Kitchen,123 Halifax Old Road,Birkby,Huddersfield,HD1 6HJ,Kirklees,AwaitingInspection,,FHRS,False,53.6586744,-1.7858201,"Zs Kitchen, 123 Halifax Old Road, Birkby, Huddersfield, HD1 6HJ"
2026-09-29,1988930,Kebab Place,Takeaway/sandwich shop,1365 London Road,Norbury,London,,SW16 4BE,Croydon,5,2026-09-10,FHRS,False,51.4076957702637,-0.121862001717091,"1365 London Road, Norbury, London, SW16 4BE"
2026-09-29,1989986,D’S Shawarma,Takeaway/sandwich shop,,44 Crown Bank,Hanley,Stoke-On-Trent,ST1 1DE,Stoke-On-Trent,AwaitingInspection,,FHRS,False,53.0255972,-2.1758033,"44 Crown Bank, Hanley, Stoke-On-Trent, ST1 1DE"
2026-09-29,1989983,Tojo's,Takeaway/sandwich shop,Eagle Works,Leek New Road,Stoke-On-Trent,,ST6 2LX,Stoke-On-Trent,AwaitingInspection,,FHRS,False,,,"Eagle Works, Leek New Road, Stoke-On-Trent, ST6 2LX"
2026-09-29,1989975,American fried Chicken,Takeaway/sandwich shop,,77 Market Street,Farnworth,Bolton,BL4 7NS,Bolton,AwaitingInspection,,FHRS,False,53.5498,-2.394504,"77 Market Street, Farnworth, Bolton, BL4 7NS"
2026-09-29,1991476,Charsi Karai & Kabli,Takeaway/sandwich shop,,55 Market Street,Farnworth,Bolton,BL4 7NS,Bolton,AwaitingInspection,,FHRS,False,53.5498,-2.394504,"55 Market Street, Farnworth, Bolton, BL4 7NS"
2026-09-29,1991473,Ciao bella italia,Takeaway/sandwich shop,,Unit 1 80 George Street,Farnworth,Bolton,BL4 9RJ,Bolton,AwaitingInspection,,FHRS,False,53.5436056,-2.412372,"Unit 1 80 George Street, Farnworth, Bolton, BL4 9RJ"
2026-09-29,1989971,Ciao Bella Italia,Takeaway/sandwich shop,Unit 1,80 George Street,Farnworth,Bolton,BL4 9RJ,Bolton,AwaitingInspection,,FHRS,False,53.544374,-2.41214,"Unit 1, 80 George Street, Farnworth, Bolton, BL4 9RJ"
2026-09-29,1991477,Juice House Bolton,Takeaway/sandwich shop,,409 Derby Street,Bolton,,BL3 6LT,Bolton,AwaitingInspection,,FHRS,False,53.5659797,-2.4451874,"409 Derby Street, Bolton, BL3 6LT"
2026-09-29,1991470,Pizza parlour,Takeaway/sandwich shop,,839 Moss Bank Way,Bolton,,BL1 5SN,Bolton,AwaitingInspection,,FHRS,False,53.591356,-2.477591,"839 Moss Bank Way, Bolton, BL1 5SN"
2026-09-29,1989976,Shang Hai,Takeaway/sandwich shop,,234 Chorley Old Road,Bolton,,BL1 3BW,Bolton,AwaitingInspection,,FHRS,False,53.586017,-2.449827,"234 Chorley Old Road, Bolton, BL1 3BW"
2026-09-29,1986578,Finger Lickin Crew,Takeaway/sandwich shop,,,,,,Windsor and Maidenhead,AwaitingInspection,,FHRS,False,,,
2026-09-29,1986572,Kalpanas Kitchen,Takeaway/sandwich shop,,,,,,Windsor and Maidenhead,AwaitingInspection,,FHRS,False,,,
2026-09-29,1826890,KITCHEN BBQ,Takeaway/sandwich shop,Kitchen BBQ,57 Station Parade,Station Hill,Cookham,SL6 9BR,Windsor and Maidenhead,5,2025-06-23,FHRS,False,,,"Kitchen BBQ, 57 Station Parade, Station Hill, Cookham, SL6 9BR"
2026-09-29,1987065,Mr Leungs Takeaway,Takeaway/sandwich shop,Mr Leung Chinese Take Away,120 Wessex Way,Maidenhead,,SL6 3DL,Windsor and Maidenhead,AwaitingInspection,,FHRS,True,51.509588,-0.752943,"Mr Leung Chinese Take Away, 120 Wessex Way, Maidenhead, SL6 3DL"
2026-09-29,1991589,Subway,Takeaway/sandwich shop,22 - 24 King Street,Maidenhead,,,SL6 1EF,Windsor and Maidenhead,AwaitingInspection,,FHRS,False,51.521416,-0.723201,"22 - 24 King Street, Maidenhead, SL6 1EF"
2026-09-29,1991075,Fusion Pizza Limited,Takeaway/sandwich shop,,13 Florence Street,Neath,Neath Port Talbot,SA11 1PA,Neath Port Talbot,1,2026-06-30,FHRS,False,51.6576792,-3.8066285,"13 Florence Street, Neath, Neath Port Talbot, SA11 1PA"
2026-09-29,1991081,Golden Grill,Takeaway/sandwich shop,,1A Pentre Street,Glynneath,Neath,SA11 5HD,Neath Port Talbot,2,2026-06-17,FHRS,False,51.7424484,-3.6327863,"1A Pentre Street, Glynneath, Neath, SA11 5HD"
2026-09-29,1991088,Resolven Fish Bar,Takeaway/sandwich shop,,10 Commercial Road,Resolven,Neath Port Talbot,SA11 4HY,Neath Port Talbot,1,2026-04-30,FHRS,False,51.712545,-3.696803,"10 Commercial Road, Resolven, Neath Port Talbot, SA11 4HY"
2026-09-29,1978285,Slice N Spice,Takeaway/sandwich shop,,44 Commercial Road,Taibach,Port Talbot,SA13 1LG,Neath Port Talbot,AwaitingInspection,,FHRS,False,51.585139,-3.7705213,"44 Commercial Road, Taibach, Port Talbot, SA13 1LG"
2026-09-29,1991078,Sunny Side Up,Takeaway/sandwich shop,,1 Cambrian Place,Port Talbot,Neath Port Talbot,SA13 1HD,Neath Port Talbot,5,2026-06-18,FHRS,False,51.589948,-3.774457,"1 Cambrian Place, Port Talbot, Neath Port Talbot, SA13 1HD"
2026-09-29,1991091,The Crispy Shell,Takeaway/sandwich shop,Resolven Rugby Club,Perth Y Dion,Resolven,Neath,SA11 4NJ,Neath Port Talbot,AwaitingInspection,,FHRS,False,,,"Resolven Rugby Club, Perth Y Dion, Resolven, Neath, SA11 4NJ"
2026-09-29,586899,Drews 66 Kitchen,Takeaway/sandwich shop,,362 Hollinwood Avenue,Chadderton,Oldham,M40 0JB,Oldham,5,2026-09-17,FHRS,False,53.523905,-2.169833,"362 Hollinwood Avenue, Chadderton, Oldham, M40 0JB"
2026-09-29,143763,Love a Bite,Takeaway/sandwich shop,,147 Drury Lane,Chadderton,Oldham,OL9 8EU,Oldham,AwaitingInspection,,FHRS,False,53.52487,-2.146925,"147 Drury Lane, Chadderton, Oldham, OL9 8EU"
2026-09-29,1021789,Vibes,Takeaway/sandwich shop,,95 Huddersfield Road,Oldham,,OL1 3NQ,Oldham,AwaitingInspection,,FHRS,False,53.5459022521973,-2.09340810775757,"95 Huddersfield Road, Oldham, OL1 3NQ"
2026-09-29,1988823,Golden Carp Chippy,Takeaway/sandwich shop,Unit 8,Matchborough Centre,Matchborough Way,Redditch,B98 0EP,Redditch,AwaitingInspection,,FHRS,False,52.2958892,-1.8963114,"Unit 8, Matchborough Centre, Matchborough Way, Redditch, B98 0EP"
2026-09-29,1988831,Lazzio Pizza,Takeaway/sandwich shop,36 Marsden Road,Redditch,Worcestershire,,B98 7BL,Redditch,AwaitingInspection,,FHRS,True,52.302055,-1.936741,"36 Marsden Road, Redditch, Worcestershire, B98 7BL"
2026-09-29,1973709,Rasoi Cottage,Takeaway/sandwich shop,21 Castleditch Lane,Redditch,Worcestershire,,B98 7YB,Redditch,AwaitingInspection,,FHRS,True,52.283324,-1.938446,"21 Castleditch Lane, Redditch, Worcestershire, B98 7YB"
2026-09-29,1989156,Baked by Brownie,Takeaway/sandwich shop,,,,,,Westmorland and Furness,AwaitingInspection,,FHRS,False,,,
2026-09-29,1989157,Bonbon Haus,Takeaway/sandwich shop,,,,,,Westmorland and Furness,AwaitingInspection,,FHRS,False,,,
2026-09-29,1989160,Sizzle in,Takeaway/sandwich shop,,7 Storey Square,Dalton-In-Furness,Cumbria,LA15 8HL,Westmorland and Furness,AwaitingInspection,,FHRS,False,54.158678,-3.1731548,"7 Storey Square, Dalton-In-Furness, Cumbria, LA15 8HL"
2026-09-29,1989167,Zest Bistro Kitchen,Takeaway/sandwich shop,,36 Cavendish Street,Barrow-In-Furness,Cumbria,LA14 1PZ,Westmorland and Furness,AwaitingInspection,,FHRS,False,54.113654,-3.226621,"36 Cavendish Street, Barrow-In-Furness, Cumbria, LA14 1PZ"
2026-09-29,1989164,Zest Bistro Kitchen,Takeaway/sandwich shop,,36 Cavendish Street,Barrow-In-Furness,Cumbria,LA14 1PZ,Westmorland and Furness,AwaitingInspection,,FHRS,False,54.113654,-3.226621,"36 Cavendish Street, Barrow-In-Furness, Cumbria, LA14 1PZ"
2026-09-29,1990805,BPM Coffee Co,Takeaway/sandwich shop,,,,,,East Suffolk,AwaitingInspection,,FHRS,False,,,
2026-09-29,1990801,FRY&BBQ,Takeaway/sandwich shop,7 Main Road,Kesgrave,Ipswich,Suffolk,IP5 1AQ,East Suffolk,AwaitingInspection,,FHRS,False,52.064388,1.2215065,"7 Main Road, Kesgrave, Ipswich, Suffolk, IP5 1AQ"
2026-09-29,1990810,Lan Tin,Takeaway/sandwich shop,77 Raglan Street,Lowestoft,Suffolk,,NR32 2JU,East Suffolk,AwaitingInspection,,FHRS,True,52.478175,1.748995,"77 Raglan Street, Lowestoft, Suffolk, NR32 2JU"
2026-09-29,1667782,7 Bone Reading,Takeaway/sandwich shop,UNIT 57 MILFORD ROAD,,READING,,RG1 8LG,Reading,5,2026-03-13,FHRS,False,51.4623276,-0.9820119,"UNIT 57 MILFORD ROAD, READING, RG1 8LG"
2026-09-29,748895,Ben's Cookies at The Oracle,Takeaway/sandwich shop,L41 THE LOWER MALL THE ORACLE BRIDGE STREET,,READING,,RG1 2AQ,Reading,AwaitingInspection,,FHRS,False,,,"L41 THE LOWER MALL THE ORACLE BRIDGE STREET, READING, RG1 2AQ"
2026-09-29,1827406,Greggs,Takeaway/sandwich shop,15-16 BROAD STREET MALL BROAD STREET,,READING,,RG1 7QE,Reading,AwaitingInspection,,FHRS,False,51.4548107,-0.975875,"15-16 BROAD STREET MALL BROAD STREET, READING, RG1 7QE"
2026-09-29,280457,Greggs,Takeaway/sandwich shop,82 CHRISTCHURCH ROAD,,READING,,RG2 7AZ,Reading,5,2025-09-02,FHRS,False,51.4426412,-0.9551264,"82 CHRISTCHURCH ROAD, READING, RG2 7AZ"
2026-09-29,1948481,Jayashree,Takeaway/sandwich shop,40 ALBANY ROAD,,READING,,RG30 2UN,Reading,5,2026-03-23,FHRS,False,51.4556737,-0.9955883,"40 ALBANY ROAD, READING, RG30 2UN"
2026-09-29,1990126,Kebabish,Takeaway/sandwich shop,399 OXFORD ROAD,,READING,,RG30 1HA,Reading,AwaitingInspection,,FHRS,False,51.4566107,-0.995798,"399 OXFORD ROAD, READING, RG30 1HA"
2026-09-29,1990121,Kings Grill,Takeaway/sandwich shop,16 Kings Road,,Reading,,RG1 3AA,Reading,AwaitingInspection,,FHRS,True,51.4547861,-0.9679599,"16 Kings Road, Reading, RG1 3AA"
2026-09-29,1753657,Milanoz King Pizza,Takeaway/sandwich shop,136 WOKINGHAM ROAD,,READING,,RG6 1JL,Reading,3,2026-06-08,FHRS,False,51.4492704,-0.9383545,"136 WOKINGHAM ROAD, READING, RG6 1JL"
2026-09-29,280352,Millie's Cookies The Oracle,Takeaway/sandwich shop,U28 THE UPPER MALL THE ORACLE BRIDGE STREET,,READING,,,Reading,4,2025-10-23,FHRS,False,,,"U28 THE UPPER MALL THE ORACLE BRIDGE STREET, READING"
2026-09-29,1990142,Mosaic's Peri Peri,Takeaway/sandwich shop,51 WOKINGHAM ROAD READING,,,,RG6 1LH,Reading,AwaitingInspection,,FHRS,False,51.4491997,-0.9376669,"51 WOKINGHAM ROAD READING, RG6 1LH"
2026-09-29,1050909,Sushi Daily at Waitrose,Takeaway/sandwich shop,51 CHURCH STREET,CAVERSHAM,READING,,RG4 8AY,Reading,5,2026-03-18,FHRS,False,51.4672541,-0.9736245,"51 CHURCH STREET, CAVERSHAM, READING, RG4 8AY"
2026-09-29,1734393,Sushi Daily at Waitrose,Takeaway/sandwich shop,980 OXFORD ROAD,TILEHURST,READING,,RG30 6WR,Reading,5,2025-10-29,FHRS,False,51.4657281,-1.0191212,"980 OXFORD ROAD, TILEHURST, READING, RG30 6WR"
2026-09-29,1104076,The Eggfree Cake Box,Takeaway/sandwich shop,73 WOKINGHAM ROAD,,READING,,RG6 1LH,Reading,5,2026-02-26,FHRS,False,51.4488555,-0.937213,"73 WOKINGHAM ROAD, READING, RG6 1LH"
2026-09-29,1990128,Turkish Mangal,Takeaway/sandwich shop,TURKISH MANGAL 228 NORTHUMBERLAND AVENUE,,READING,,RG2 7QA,Reading,AwaitingInspection,,FHRS,False,51.4329621,-0.96277,"TURKISH MANGAL 228 NORTHUMBERLAND AVENUE, READING, RG2 7QA"
2026-09-29,1990747,Yardmanstyle Takeaway,Takeaway/sandwich shop,230B SHINFIELD ROAD,,READING,,RG2 8EX,Reading,AwaitingInspection,,FHRS,False,51.4285235,-0.946288,"230B SHINFIELD ROAD, READING, RG2 8EX"
2026-09-29,1990053,Orson Bros Ltd,Takeaway/sandwich shop,,,,,,Melton,AwaitingInspection,,FHRS,False,,,
2026-09-29,1990480,Greggs Plc,Takeaway/sandwich shop,1 Faverdale Retail Park,Faverdale Industrial Estate,Faverdale,Darlington,,Darlington,AwaitingInspection,,FHRS,False,,,"1 Faverdale Retail Park, Faverdale Industrial Estate, Faverdale, Darlington"
2026-09-29,1990785,AFC Shortlands,Takeaway/sandwich shop,Queens Mead Recreation Ground Queens Mead Road,,Bromley,,,Bromley,AwaitingInspection,,FHRS,False,,,"Queens Mead Recreation Ground Queens Mead Road, Bromley"
2026-09-29,1990226,LAWFORD CHIPPY/JYOTI MAMA’S KITCHEN,Takeaway/sandwich shop,1 Holbrook Road,Long Lawford,,Rugby Warwickshire,CV23 9AJ,Rugby,AwaitingInspection,,FHRS,True,52.3812494,-1.3016766,"1 Holbrook Road, Long Lawford, Rugby Warwickshire, CV23 9AJ"
2026-09-29,1990225,Serious Jerk,Takeaway/sandwich shop,23 The Green,Bilton,,Rugby Warwickshire,CV22 7LZ,Rugby,AwaitingInspection,,FHRS,False,52.3592243,-1.2910581,"23 The Green, Bilton, Rugby Warwickshire, CV22 7LZ"
2026-09-29,330371,Mr Brunch,Takeaway/sandwich shop,,191b Newark Road,Lincoln,Lincolnshire,LN5 8NL,Lincoln City,AwaitingInspection,,FHRS,False,53.2081604003906,-0.550130009651184,"191b Newark Road, Lincoln, Lincolnshire, LN5 8NL"
2026-09-29,1990329,Authentic Sri Lankan,Takeaway/sandwich shop,,,,,,Ashford,AwaitingInspection,,FHRS,False,,,
2026-09-29,1990334,Singleton Pizza and Kebab,Takeaway/sandwich shop,,,,,,Ashford,AwaitingInspection,,FHRS,False,,,
2026-09-29,1991297,Pizzeria Buongiorno,Takeaway/sandwich shop,11E Market Place,Diss,Norfolk,,IP22 4AB,South Norfolk,AwaitingInspection,,FHRS,False,52.3763619,1.108838,"11E Market Place, Diss, Norfolk, IP22 4AB"
2026-09-29,1991292,Singtong Thai Restaurant,Takeaway/sandwich shop,5 St Nicholas Street,Diss,Norfolk,,IP22 4LB,South Norfolk,AwaitingInspection,,FHRS,False,52.3774398,1.1082083,"5 St Nicholas Street, Diss, Norfolk, IP22 4LB"
2026-09-29,1989634,Subway,Takeaway/sandwich shop,2 Dereham Road,Costessey,Norfolk,,NR5 0SY,South Norfolk,AwaitingInspection,,FHRS,False,52.642343,1.231292,"2 Dereham Road, Costessey, Norfolk, NR5 0SY"
2026-09-29,1990756,Art Of Siam Thai Cuisine,Takeaway/sandwich shop,105 Stockport Road,Marple,Stockport,,SK6 6AF,Stockport,AwaitingInspection,,FHRS,False,53.395103,-2.067933,"105 Stockport Road, Marple, Stockport, SK6 6AF"
2026-09-29,1990760,Chefs Masala,Takeaway/sandwich shop,Flat 1 At,Unit 2,Mill Street,Woodley,SK6 1QH,Stockport,AwaitingInspection,,FHRS,False,,,"Flat 1 At, Unit 2, Mill Street, Woodley, SK6 1QH"
2026-09-29,1990775,Chopstix Noodle Bar,Takeaway/sandwich shop,18 - 20 Merseyway,Stockport,,,SK1 1PJ,Stockport,AwaitingInspection,,FHRS,False,53.4121389,-2.1591567,"18 - 20 Merseyway, Stockport, SK1 1PJ"
2026-09-29,1991791,Pinko's,Takeaway/sandwich shop,UNIT 4,ARGYLL ROAD SHOPPING CENTRE ARGYLL ROAD,,PERTH,PH1 3BZ,Perth and Kinross,Awaiting Inspection,2026-09-23,FHIS,False,56.413149,-3.4501517,"UNIT 4, ARGYLL ROAD SHOPPING CENTRE ARGYLL ROAD, PERTH, PH1 3BZ"
2026-09-29,1991364,Mansfield Fish Bar,Takeaway/sandwich shop,153 Newgate Lane,,Mansfield,Nottinghamshire,NG18 2QD,Mansfield,AwaitingInspection,,FHRS,False,53.14416,-1.1828002,"153 Newgate Lane, Mansfield, Nottinghamshire, NG18 2QD"
2026-09-29,1991075,Fusion Pizza Limited,Takeaway/sandwich shop,,13 Florence Street,Neath,Neath Port Talbot,SA11 1PA,Castell-nedd Port Talbot,1,2026-06-30,FHRS,False,51.6576792,-3.8066285,"13 Florence Street, Neath, Neath Port Talbot, SA11 1PA"
2026-09-29,1991081,Golden Grill,Takeaway/sandwich shop,,1A Pentre Street,Glynneath,Neath,SA11 5HD,Castell-nedd Port Talbot,2,2026-06-17,FHRS,False,51.7424484,-3.6327863,"1A Pentre Street, Glynneath, Neath, SA11 5HD"
2026-09-29,1991088,Resolven Fish Bar,Takeaway/sandwich shop,,10 Commercial Road,Resolven,Neath Port Talbot,SA11 4HY,Castell-nedd Port Talbot,1,2026-04-30,FHRS,False,51.712545,-3.696803,"10 Commercial Road, Resolven, Neath Port Talbot, SA11 4HY"
2026-09-29,1978285,Slice N Spice,Takeaway/sandwich shop,,44 Commercial Road,Taibach,Port Talbot,SA13 1LG,Castell-nedd Port Talbot,AwaitingInspection,,FHRS,False,51.585139,-3.7705213,"44 Commercial Road, Taibach, Port Talbot, SA13 1LG"
2026-09-29,1991078,Sunny Side Up,Takeaway/sandwich shop,,1 Cambrian Place,Port Talbot,Neath Port Talbot,SA13 1HD,Castell-nedd Port Talbot,5,2026-06-18,FHRS,False,51.589948,-3.774457,"1 Cambrian Place, Port Talbot, Neath Port Talbot, SA13 1HD"
2026-09-29,1991091,The Crispy Shell,Takeaway/sandwich shop,Resolven Rugby Club,Perth Y Dion,Resolven,Neath,SA11 4NJ,Castell-nedd Port Talbot,AwaitingInspection,,FHRS,False,,,"Resolven Rugby Club, Perth Y Dion, Resolven, Neath, SA11 4NJ"
2026-09-29,1991245,Shirebrook Xpress,Takeaway/sandwich shop,72 Market Street,Shirebrook,Mansfield,,NG20 8AD,Bolsover,AwaitingInspection,,FHRS,False,53.203162,-1.211758,"72 Market Street, Shirebrook, Mansfield, NG20 8AD"
2026-09-29,1991242,Venezia Pizza,Takeaway/sandwich shop,93 Wharf Road,Pinxton,Nottingham,,NG16 6LH,Bolsover,5,2026-09-16,FHRS,False,53.088766,-1.3181,"93 Wharf Road, Pinxton, Nottingham, NG16 6LH"
2026-09-29,1990487,Home Grown Bakes,Takeaway/sandwich shop,,,,,,Stevenage,AwaitingInspection,,FHRS,False,,,
2026-09-29,1990488,Uncle Jim's Food & Drink,Takeaway/sandwich shop,,,,,,Stevenage,AwaitingInspection,,FHRS,False,,,
2026-09-29,1990236,Ducky's Kitchen,Takeaway/sandwich shop,Ducky's Kitchen,62 Galston Road,Hurlford,Kilmarnock,KA1 5HY,East Ayrshire,Pass,2026-09-08,FHIS,False,55.6014239,-4.4482387,"Ducky's Kitchen, 62 Galston Road, Hurlford, Kilmarnock, KA1 5HY"
2026-09-29,1990235,Original Kebab Plus,Takeaway/sandwich shop,Original Kebab Plus,26 Glaisnock Street,Cumnock,East Ayrshire,KA18 1DA,East Ayrshire,Awaiting Inspection,,FHIS,False,55.4535586,-4.264821,"Original Kebab Plus, 26 Glaisnock Street, Cumnock, East Ayrshire, KA18 1DA"
2026-09-29,1989774,Case and Brewer,Takeaway/sandwich shop,1 Victoria Road,,Dorchester,,DT1 1SB,Dorset,5,2026-09-04,FHRS,False,50.711474,-2.4422889,"1 Victoria Road, Dorchester, DT1 1SB"
2026-09-29,1989782,Village Pizzas WK,Takeaway/sandwich shop,,,,,,Dorset,AwaitingInspection,,FHRS,False,,,
2026-09-29,1989773,Wildewood bakery,Takeaway/sandwich shop,10 Evergreens,,Ashley Heath,Dorset,BH24 2JZ,Dorset,AwaitingInspection,,FHRS,False,50.8393943,-1.8385945,"10 Evergreens, Ashley Heath, Dorset, BH24 2JZ"
2026-09-29,1989199,Chicken Shack,Takeaway/sandwich shop,230 Corporation Road,Newport,South Wales,,NP19 0DZ,Newport,AwaitingInspection,,FHRS,False,51.5855271,-2.9800829,"230 Corporation Road, Newport, South Wales, NP19 0DZ"
2026-09-29,1989205,Chilli Express,Takeaway/sandwich shop,12 Risca Road,Newport,South Wales,,NP20 4JW,Newport,AwaitingInspection,,FHRS,False,51.5835169,-3.0103639,"12 Risca Road, Newport, South Wales, NP20 4JW"
2026-09-29,1991941,Dixy Chicken Market Street,Takeaway/sandwich shop,Dixy Chicken,26 Market Street,Wolverhampton,West Midlands,WV1 3AG,Wolverhampton,AwaitingInspection,,FHRS,False,52.5851008,-2.1259799,"Dixy Chicken, 26 Market Street, Wolverhampton, West Midlands, WV1 3AG"
2026-09-29,1991944,Kitchen Of Punjab Ltd,Takeaway/sandwich shop,J A B Property (Midlands) Ltd,Colliery Road,Wolverhampton,West Midlands,WV1 2RD,Wolverhampton,AwaitingInspection,,FHRS,False,,,"J A B Property (Midlands) Ltd, Colliery Road, Wolverhampton, West Midlands, WV1 2RD"
2026-09-29,1991948,Manos Pizza & Grill,Takeaway/sandwich shop,22 Finchfield Road West,Wolverhampton,West Midlands,,WV3 8AZ,Wolverhampton,AwaitingInspection,,FHRS,False,52.5801578,-2.1715801,"22 Finchfield Road West, Wolverhampton, West Midlands, WV3 8AZ"
2026-09-29,1959366,Saffron Sausage,Takeaway/sandwich shop,145A Lunt Road,Wolverhampton,West Midlands,,WV14 7BB,Wolverhampton,AwaitingInspection,,FHRS,False,52.572642,-2.058696,"145A Lunt Road, Wolverhampton, West Midlands, WV14 7BB"
2026-09-29,1991852,Ocean Fish Bar,Takeaway/sandwich shop,,Beach Road,Hemsby,Great Yarmouth Norfolk,NR29 4HS,Great Yarmouth,AwaitingInspection,,FHRS,False,52.695743560791,1.70440495014191,"Beach Road, Hemsby, Great Yarmouth Norfolk, NR29 4HS"
2026-09-29,1991857,The Fry Shop,Takeaway/sandwich shop,,The Green,Ormesby St Margaret W Scratby,Norfolk,NR29 3JT,Great Yarmouth,AwaitingInspection,,FHRS,False,52.672695,1.687191,"The Green, Ormesby St Margaret W Scratby, Norfolk, NR29 3JT"
2026-09-29,1989856,CRAVING HUNTERS,Takeaway/sandwich shop,,266 Lodge Causeway,Fishponds,Bristol,BS16 3RD,Bristol,AwaitingInspection,,FHRS,False,51.472193,-2.524937,"266 Lodge Causeway, Fishponds, Bristol, BS16 3RD"
2026-09-29,1991677,Spud dock,Takeaway/sandwich shop,Unit 2 Cargo,2 Museum Street,Redcliff,Bristol,BS1 6ZA,Bristol,AwaitingInspection,,FHRS,False,51.4472473,-2.5986016,"Unit 2 Cargo, 2 Museum Street, Redcliff, Bristol, BS1 6ZA"
2026-09-29,1991628,Prime Doner And Kebab,Takeaway/sandwich shop,34 Duke Street,Chelmsford,Essex,,CM1 1HY,Chelmsford,AwaitingInspection,,FHRS,False,51.736588,0.467731,"34 Duke Street, Chelmsford, Essex, CM1 1HY"
2026-09-29,1989806,Smoke And Pepper,Takeaway/sandwich shop,Former BHS,Store Room,13 - 18 The Meadows,High Street,CM2 6FD,Chelmsford,AwaitingInspection,,FHRS,False,51.7317613,0.476413,"Former BHS, Store Room, 13 - 18 The Meadows, High Street, CM2 6FD"
2026-09-29,1989339,Pizza Blaze,Takeaway/sandwich shop,Unit B Swan Court Coventry Road,,Kingsbury,Warwickshire,B78 2LN,North Warwickshire,AwaitingInspection,,FHRS,False,52.5647938,-1.6815013,"Unit B Swan Court Coventry Road, Kingsbury, Warwickshire, B78 2LN"
2026-09-29,1991238,Secret Thai Garden,Takeaway/sandwich shop,11 Quebec Street,,Dereham,Norfolk,NR19 2DJ,Breckland,AwaitingInspection,,FHRS,False,52.6814092,0.9398198,"11 Quebec Street, Dereham, Norfolk, NR19 2DJ"
2026-09-29,1991345,Gav's Fish And Chips,Takeaway/sandwich shop,Catch Porthleven,Fore Street,Porthleven,Helston,TR13 9HJ,Cornwall,5,2026-09-10,FHRS,False,,,"Catch Porthleven, Fore Street, Porthleven, Helston, TR13 9HJ"
2026-09-29,642196,Shipshape,Takeaway/sandwich shop,Fore Street,Kingsand,Torpoint,Cornwall,PL10 1NA,Cornwall,4,2026-09-04,FHRS,False,50.333895,-4.201566,"Fore Street, Kingsand, Torpoint, Cornwall, PL10 1NA"
2026-09-29,1989174,Pepes Piri Piri Hatfield,Takeaway/sandwich shop,14 Town Centre,Hatfield,Hertfordshire,,AL10 0JZ,Welwyn Hatfield,5,2026-09-14,FHRS,False,51.763872,-0.2251499,"14 Town Centre, Hatfield, Hertfordshire, AL10 0JZ"
2026-09-29,1991197,Bubble Bee,Takeaway/sandwich shop,6 Queen Street,Enniskillen,Enniskillen,Fermanagh,BT74 7JR,Fermanagh and Omagh,AwaitingInspection,,FHRS,False,54.347524,-7.643423,"6 Queen Street, Enniskillen, Enniskillen, Fermanagh, BT74 7JR"
2026-09-29,1991198,Yummy House,Takeaway/sandwich shop,80 Market Street,,Omagh,,BT79 0AA,Fermanagh and Omagh,AwaitingInspection,,FHRS,False,54.6006465,-7.2965697,"80 Market Street, Omagh, BT79 0AA"
2026-09-29,1989124,Gambles,Takeaway/sandwich shop,,94 Lowmoor Road,,,NG17 7BJ,Ashfield,AwaitingInspection,,FHRS,False,53.101666,-1.245277,"94 Lowmoor Road, NG17 7BJ"
2026-09-29,1989120,Kat’s Treats,Takeaway/sandwich shop,,101 Unwin Road,,,NG17 4HN,Ashfield,AwaitingInspection,,FHRS,False,53.1297619,-1.241675,"101 Unwin Road, NG17 4HN"
2026-09-29,1989101,Dalziel Pod,Takeaway/sandwich shop,Dalziel Building,7 Scott Street,Motherwell,North Lanarkshire,ML1 1PN,North Lanarkshire,Pass,2026-09-15,FHIS,False,55.791466,-3.988564,"Dalziel Building, 7 Scott Street, Motherwell, North Lanarkshire, ML1 1PN"
2026-09-29,1991121,Lucky China,Takeaway/sandwich shop,136e Manse Road,Newmains,North Lanarkshire,,ML2 9BD,North Lanarkshire,Awaiting Inspection,,FHIS,False,55.7823017,-3.8828911,"136e Manse Road, Newmains, North Lanarkshire, ML2 9BD"
2026-09-29,1991122,Panda Express,Takeaway/sandwich shop,Unit 3 152 Main St,Holytown,,,ML1 4TJ,North Lanarkshire,Awaiting Inspection,,FHIS,False,55.8223357,-3.9712833,"Unit 3 152 Main St, Holytown, ML1 4TJ"
2026-09-29,1989100,Tikka Tikka,Takeaway/sandwich shop,6 Hume Road,Seafar,Cumbernauld,,G67 1AP,North Lanarkshire,Pass,2026-09-08,FHIS,False,55.9536438,-3.9844755,"6 Hume Road, Seafar, Cumbernauld, G67 1AP"
2026-09-29,1990462,Afrowak Luxe,Takeaway/sandwich shop,,,,,,Sunderland,AwaitingInspection,,FHRS,False,,,
2026-09-29,1990468,Aizas,Takeaway/sandwich shop,1 Stockton Terrace,Sunderland,,,SR2 9RQ,Sunderland,AwaitingInspection,,FHRS,False,54.8857353,-1.367887,"1 Stockton Terrace, Sunderland, SR2 9RQ"
2026-09-29,1990457,Aroma,Takeaway/sandwich shop,Unit 4,Fountain House,Coach Road Estate,Usworth,NE37 2HF,Sunderland,AwaitingInspection,,FHRS,False,54.9187623,-1.5263893,"Unit 4, Fountain House, Coach Road Estate, Usworth, NE37 2HF"
2026-09-29,1990460,Chunky Monkey's,Takeaway/sandwich shop,22 Eddison Road,Swan Industrial Estate,Washington,,NE38 8JH,Sunderland,AwaitingInspection,,FHRS,False,54.8970263,-1.5064988,"22 Eddison Road, Swan Industrial Estate, Washington, NE38 8JH"
2026-09-29,1990451,Crispy Cod,Takeaway/sandwich shop,44 Avondale Avenue,Penshaw,Houghton-le-Spring,,DH4 7QS,Sunderland,AwaitingInspection,,FHRS,False,54.8745399,-1.4927949,"44 Avondale Avenue, Penshaw, Houghton-le-Spring, DH4 7QS"
2026-09-29,1990464,Crust N' Craving,Takeaway/sandwich shop,31 Windsor Terrace,Grangetown,Sunderland,,SR2 9QF,Sunderland,AwaitingInspection,,FHRS,False,54.8864028,-1.3683598,"31 Windsor Terrace, Grangetown, Sunderland, SR2 9QF"
2026-09-29,1990461,Honeyscotch Cakes Limited,Takeaway/sandwich shop,,,,,,Sunderland,AwaitingInspection,,FHRS,False,,,
2026-09-29,1990476,Philadelphia Sandwich Shop,Takeaway/sandwich shop,3B Thompsons Buildings,Houghton-le-Spring,,,DH4 4JF,Sunderland,AwaitingInspection,,FHRS,False,54.8644871,-1.4827785,"3B Thompsons Buildings, Houghton-le-Spring, DH4 4JF"
2026-09-29,1990445,Pied,Takeaway/sandwich shop,,,,,,Sunderland,AwaitingInspection,,FHRS,False,,,
2026-09-29,1990465,Wings Reloaded,Takeaway/sandwich shop,4 - 5 Park Lane,Sunderland,,,SR1 3NX,Sunderland,AwaitingInspection,,FHRS,False,54.9033905,-1.3847807,"4 - 5 Park Lane, Sunderland, SR1 3NX"
2026-09-29,1989430,Cafe 55,Takeaway/sandwich shop,55 High Street,Measham,Swadlincote,Derby,DE12 7HR,North West Leicestershire,AwaitingInspection,,FHRS,False,52.7059302,-1.5070794,"55 High Street, Measham, Swadlincote, Derby, DE12 7HR"
2026-09-29,1991777,Athena Fish Bar,Takeaway/sandwich shop,,296 Nottingham Road,,Nottingham,NG7 7DG,Nottingham City,AwaitingInspection,,FHRS,False,52.9791705,-1.1706471,"296 Nottingham Road, Nottingham, NG7 7DG"
2026-09-29,1991779,Eeazyzz,Takeaway/sandwich shop,,27 Broad Street,,Nottingham,NG1 3AP,Nottingham City,AwaitingInspection,,FHRS,False,52.954785,-1.144994,"27 Broad Street, Nottingham, NG1 3AP"
2026-09-29,1991771,McDonald’s,Takeaway/sandwich shop,,1 Nuthall Road,,Nottingham,NG8 5AZ,Nottingham City,AwaitingInspection,,FHRS,False,52.968109,-1.183638,"1 Nuthall Road, Nottingham, NG8 5AZ"
2026-09-29,1991772,McDonald’s,Takeaway/sandwich shop,7-8 Chettles Trade Park,Midland Way,,Nottingham,NG7 3AG,Nottingham City,AwaitingInspection,,FHRS,False,52.9578935,-1.1840807,"7-8 Chettles Trade Park, Midland Way, Nottingham, NG7 3AG"
2026-09-29,1989191,Panchos Fish and Grill,Takeaway/sandwich shop,,367-369 Mansfield Road,,Nottingham,NG5 2DA,Nottingham City,AwaitingInspection,,FHRS,False,52.972558,-1.152596,"367-369 Mansfield Road, Nottingham, NG5 2DA"
2026-09-29,1947357,Rush Grill & Pizza,Takeaway/sandwich shop,,68 Lenton Boulevard,,Nottingham,NG7 2EN,Nottingham City,AwaitingInspection,,FHRS,False,52.94987,-1.174531,"68 Lenton Boulevard, Nottingham, NG7 2EN"
2026-09-29,1989190,Sundesi,Takeaway/sandwich shop,,519 Mansfield Road,,Nottingham,NG5 2JL,Nottingham City,AwaitingInspection,,FHRS,False,52.98078,-1.147118,"519 Mansfield Road, Nottingham, NG5 2JL"
2026-09-29,1988693,Mooboo Sevenoaks,Takeaway/sandwich shop,1 London Road,Sevenoaks,Kent,,TN13 1AH,Sevenoaks,5,2026-09-07,FHRS,False,51.2696955,0.1927395,"1 London Road, Sevenoaks, Kent, TN13 1AH"
2026-09-29,1991655,Cravin Crrispy Arbroath,Takeaway/sandwich shop,5 Brothock Bridge Arbroath,,,,DD11 1NF,Angus,Awaiting Inspection,2026-09-17,FHIS,False,56.5580418,-2.5837231,"5 Brothock Bridge Arbroath, DD11 1NF"
2026-09-29,1991650,Dragon Bites,Takeaway/sandwich shop,86 Montrose Street Brechin,,,,DD9 7DF,Angus,Pass,2026-05-28,FHIS,False,56.7276588,-2.648909,"86 Montrose Street Brechin, DD9 7DF"
2026-09-29,1991653,Subway,Takeaway/sandwich shop,Asda Westway Retail Park Arbroath,,,,DD11 2NQ,Angus,Awaiting Inspection,,FHIS,False,,,"Asda Westway Retail Park Arbroath, DD11 2NQ"
2026-09-29,1989639,Foulsham Kebab House,Takeaway/sandwich shop,Station House,1 Station Road,Foulsham,Norfolk,NR20 5RD,Broadland,AwaitingInspection,,FHRS,False,52.7777904,1.0045328,"Station House, 1 Station Road, Foulsham, Norfolk, NR20 5RD"
2026-09-29,1991306,Horsford House Kebab \& Pizza,Takeaway/sandwich shop,92 Holt Road,Horsford,Norfolk,,NR10 3DE,Broadland,AwaitingInspection,,FHRS,False,52.696694,1.2458977,"92 Holt Road, Horsford, Norfolk, NR10 3DE"
2026-09-29,1991302,Lenwade Carvery Deli,Takeaway/sandwich shop,65A Fakenham Road,Great Witchingham,Norfolk,,NR9 5AE,Broadland,AwaitingInspection,,FHRS,False,52.7224106,1.1037208,"65A Fakenham Road, Great Witchingham, Norfolk, NR9 5AE"
2026-09-29,1988719,Bubble And Bean,Takeaway/sandwich shop,,,,,,East Devon,AwaitingInspection,,FHRS,False,,,
2026-09-29,1990607,Sims Chippy,Takeaway/sandwich shop,192 Beechcroft Road,Swindon,,,SN2 7QQ,Swindon,AwaitingInspection,,FHRS,False,51.589672,-1.765071,"192 Beechcroft Road, Swindon, SN2 7QQ"
2026-09-29,1992038,Brazuca Bites,Takeaway/sandwich shop,,,,,,Vale of White Horse,AwaitingInspection,,FHRS,False,,,
2026-09-29,1988673,Havana Bites,Takeaway/sandwich shop,,,,,,Stroud,AwaitingInspection,,FHRS,False,,,
2026-09-29,1988674,KANEL,Takeaway/sandwich shop,,,,,,Stroud,AwaitingInspection,,FHRS,False,,,
2026-09-29,1992392,0161 Flamin Fusion also T/as Dua-licious,Takeaway/sandwich shop,,42 Higher Ardwick,Manchester,,M12 6DA,Manchester,AwaitingInspection,,FHRS,False,,,"42 Higher Ardwick, Manchester, M12 6DA"
2026-09-29,1992350,B Kitchen,Takeaway/sandwich shop,,58-66 Market Street,Manchester,,M1 1PW,Manchester,AwaitingInspection,,FHRS,False,,,"58-66 Market Street, Manchester, M1 1PW"
2026-09-29,1992446,Biryani 4u and fresh juices,Takeaway/sandwich shop,,374 Cheetham Hill Road,Manchester,,M8 9LS,Manchester,AwaitingInspection,,FHRS,False,,,"374 Cheetham Hill Road, Manchester, M8 9LS"
2026-09-29,1992522,Bloom Garden,Takeaway/sandwich shop,,47-49 BLOOM STREET,MANCHESTER,,M1 3LY,Manchester,AwaitingInspection,,FHRS,False,,,"47-49 BLOOM STREET, MANCHESTER, M1 3LY"
2026-09-29,1992359,Buka villa,Takeaway/sandwich shop,,2 Hulme Hall Lane,Manchester,,M40 8AZ,Manchester,AwaitingInspection,,FHRS,False,,,"2 Hulme Hall Lane, Manchester, M40 8AZ"
2026-09-29,1992356,Desi Point,Takeaway/sandwich shop,,63 BURY NEW ROAD,MANCHESTER,,M8 8FX,Manchester,3,2026-06-12,FHRS,False,,,"63 BURY NEW ROAD, MANCHESTER, M8 8FX"
2026-09-29,1992424,Divine Bites Ltd,Takeaway/sandwich shop,,80 OLD CHURCH STREET,MANCHESTER,,M40 2JF,Manchester,AwaitingInspection,,FHRS,False,,,"80 OLD CHURCH STREET, MANCHESTER, M40 2JF"
2026-09-29,1992447,Freshers,Takeaway/sandwich shop,,129 WILBRAHAM ROAD,MANCHESTER,,M14 9DS,Manchester,AwaitingInspection,,FHRS,False,,,"129 WILBRAHAM ROAD, MANCHESTER, M14 9DS"
2026-09-29,1992339,G2 grand grill,Takeaway/sandwich shop,,72 CHURCH ROAD,MANCHESTER,,M22 4NW,Manchester,AwaitingInspection,,FHRS,False,,,"72 CHURCH ROAD, MANCHESTER, M22 4NW"
2026-09-29,1992578,Hondo Ramen,Takeaway/sandwich shop,,42 HIGHER ARDWICK,MANCHESTER,,M12 6DA,Manchester,AwaitingInspection,,FHRS,False,,,"42 HIGHER ARDWICK, MANCHESTER, M12 6DA"
2026-09-29,1992487,Hot & Fast,Takeaway/sandwich shop,,245 CHARLESTOWN ROAD,MANCHESTER,,M9 7BD,Manchester,AwaitingInspection,,FHRS,False,,,"245 CHARLESTOWN ROAD, MANCHESTER, M9 7BD"
2026-09-29,1992636,Hot Tingz,Takeaway/sandwich shop,,58-60 HIGHER ARDWICK,MANCHESTER,,M12 6DA,Manchester,AwaitingInspection,,FHRS,False,,,"58-60 HIGHER ARDWICK, MANCHESTER, M12 6DA"
2026-09-29,1992492,HUNGO ALSO T/AS HUNGERZ,Takeaway/sandwich shop,,53 KINGSWAY,MANCHESTER,,M12 9LL,Manchester,AwaitingInspection,,FHRS,False,,,"53 KINGSWAY, MANCHESTER, M12 9LL"
2026-09-29,1992621,Jannahs Kitchen,Takeaway/sandwich shop,,34 PORTWAY,MANCHESTER,,M22 1UB,Manchester,AwaitingInspection,,FHRS,False,,,"34 PORTWAY, MANCHESTER, M22 1UB"
2026-09-29,1992504,Lahori Chatkhara,Takeaway/sandwich shop,,84 WILMSLOW ROAD,MANCHESTER,,M14 5AL,Manchester,AwaitingInspection,,FHRS,False,,,"84 WILMSLOW ROAD, MANCHESTER, M14 5AL"
2026-09-29,1992479,M20 Street Food,Takeaway/sandwich shop,,469A PRINCESS ROAD,MANCHESTER,,M20 1BH,Manchester,AwaitingInspection,,FHRS,False,,,"469A PRINCESS ROAD, MANCHESTER, M20 1BH"
2026-09-29,1992381,Melt N Drip,Takeaway/sandwich shop,,1 Brook Avenue,Manchester,,M19 3DQ,Manchester,AwaitingInspection,,FHRS,False,,,"1 Brook Avenue, Manchester, M19 3DQ"
2026-09-29,1992635,Momo nepal,Takeaway/sandwich shop,PICCADILLY STREET FOOD MARKET,PICCADILLY GARDENS,MANCHESTER,,M1 1RG,Manchester,AwaitingInspection,,FHRS,False,,,"PICCADILLY STREET FOOD MARKET, PICCADILLY GARDENS, MANCHESTER, M1 1RG"
2026-09-29,1992540,Nabe & Don,Takeaway/sandwich shop,,42 HIGHER ARDWICK,MANCHESTER,,M12 6DA,Manchester,AwaitingInspection,,FHRS,False,,,"42 HIGHER ARDWICK, MANCHESTER, M12 6DA"
2026-09-29,1992560,Nom noms,Takeaway/sandwich shop,,430 WILBRAHAM ROAD,MANCHESTER,,M21 0AS,Manchester,AwaitingInspection,,FHRS,False,,,"430 WILBRAHAM ROAD, MANCHESTER, M21 0AS"
2026-09-29,1992663,Pan Rhythm,Takeaway/sandwich shop,,102A WILMSLOW ROAD,MANCHESTER,,M14 5AJ,Manchester,AwaitingInspection,,FHRS,False,,,"102A WILMSLOW ROAD, MANCHESTER, M14 5AJ"
2026-09-29,1992541,Patty Buns Peri Peri,Takeaway/sandwich shop,,826 HYDE ROAD,MANCHESTER,,M18 7JD,Manchester,AwaitingInspection,,FHRS,False,,,"826 HYDE ROAD, MANCHESTER, M18 7JD"
2026-09-29,1992382,PattyHungers,Takeaway/sandwich shop,,58-60 Higher Ardwick,Manchester,,M12 6DA,Manchester,AwaitingInspection,,FHRS,False,,,"58-60 Higher Ardwick, Manchester, M12 6DA"
2026-09-29,1992407,Peri Dixy Chicken,Takeaway/sandwich shop,,935-937 STOCKPORT ROAD,MANCHESTER,,M19 3NP,Manchester,AwaitingInspection,,FHRS,False,,,"935-937 STOCKPORT ROAD, MANCHESTER, M19 3NP"
2026-09-29,1992402,Punjab Chai,Takeaway/sandwich shop,,618B STOCKPORT ROAD,MANCHESTER,,M13 0RQ,Manchester,1,2026-07-22,FHRS,False,,,"618B STOCKPORT ROAD, MANCHESTER, M13 0RQ"
2026-09-29,1992349,Range Desserts Burnage,Takeaway/sandwich shop,,184 BURNAGE LANE,MANCHESTER,,M19 1EF,Manchester,AwaitingInspection,,FHRS,False,,,"184 BURNAGE LANE, MANCHESTER, M19 1EF"
2026-09-29,1992564,Seoul Crave also T/as Bengal Ember,Takeaway/sandwich shop,,42 HIGHER ARDWICK,MANCHESTER,,M12 6DA,Manchester,AwaitingInspection,,FHRS,False,,,"42 HIGHER ARDWICK, MANCHESTER, M12 6DA"
2026-09-29,1992428,Shakes & Bites,Takeaway/sandwich shop,,4 Princess Parade,Manchester,,M14 7FS,Manchester,AwaitingInspection,,FHRS,False,,,"4 Princess Parade, Manchester, M14 7FS"
2026-09-29,1992457,Straight Outta Manchester,Takeaway/sandwich shop,,78 PORTLAND STREET,MANCHESTER,,M1 4QX,Manchester,1,2026-07-17,FHRS,False,,,"78 PORTLAND STREET, MANCHESTER, M1 4QX"
2026-09-29,1992355,Sushi Pod,Takeaway/sandwich shop,,484 WILBRAHAM ROAD,MANCHESTER,,M21 9AS,Manchester,AwaitingInspection,,FHRS,False,,,"484 WILBRAHAM ROAD, MANCHESTER, M21 9AS"
2026-09-29,1990319,"TasteMyKrousty also T/as Tasty Krousty, So Krousty, My Krousty",Takeaway/sandwich shop,KITCHEN 7B,42 HIGHER ARDWICK,MANCHESTER,,M12 6DA,Manchester,AwaitingInspection,,FHRS,False,,,"KITCHEN 7B, 42 HIGHER ARDWICK, MANCHESTER, M12 6DA"
2026-09-29,1992461,The Dutch Fishmen,Takeaway/sandwich shop,,49 Manchester Road,Manchester,,M21 9PW,Manchester,AwaitingInspection,,FHRS,False,,,"49 Manchester Road, Manchester, M21 9PW"
2026-09-29,1992498,The Grumpy Baker - Oxford Road,Takeaway/sandwich shop,,131 OXFORD ROAD,MANCHESTER,,M1 7DY,Manchester,AwaitingInspection,,FHRS,False,,,"131 OXFORD ROAD, MANCHESTER, M1 7DY"
2026-09-29,1992464,The Scran Guys Bridge Street,Takeaway/sandwich shop,,71-73 Bridge Street,Manchester,,M3 2RH,Manchester,AwaitingInspection,,FHRS,False,,,"71-73 Bridge Street, Manchester, M3 2RH"
2026-09-29,1816233,XiaoDongBei,Takeaway/sandwich shop,,42 Higher Ardwick,Manchester,,M12 6DA,Manchester,AwaitingInspection,,FHRS,False,,,"42 Higher Ardwick, Manchester, M12 6DA"
2026-09-29,1988925,Clyde Catch,Takeaway/sandwich shop,74B Belville Street,Greenock,,,PA15 4SY,Inverclyde,Awaiting Inspection,2026-09-15,FHIS,False,55.9417113,-4.738284,"74B Belville Street, Greenock, PA15 4SY"
2026-09-29,1991577,Rebenos,Takeaway/sandwich shop,4 Hampden Square,Coldharbour,Fairford Leys,Buckinghamshire,HP19 7HT,Buckinghamshire,AwaitingInspection,,FHRS,False,51.8170797,-0.8404221,"4 Hampden Square, Coldharbour, Fairford Leys, Buckinghamshire, HP19 7HT"
2026-09-29,1990395,Golden Plaice,Takeaway/sandwich shop,Restaurant 129 South Farm Road,,Worthing,West Sussex,BN14 7AX,Worthing,AwaitingInspection,,FHRS,True,50.8246657,-0.3798786,"Restaurant 129 South Farm Road, Worthing, West Sussex, BN14 7AX"
2026-09-29,1957370,Istanbul Kebab also T/A Pizza Hot Express and Italian Kitchen,Takeaway/sandwich shop,12 Brighton Road,,Worthing,West Sussex,BN11 3ED,Worthing,AwaitingInspection,,FHRS,False,50.8118946,-0.365658,"12 Brighton Road, Worthing, West Sussex, BN11 3ED"
2026-09-29,1989841,Home Snacks,Takeaway/sandwich shop,Unit 10,Watchmoor Trade Centre,Watchmoor Road,Camberley,GU15 3AJ,Surrey Heath,AwaitingInspection,,FHRS,False,51.3278548,-0.7605807,"Unit 10, Watchmoor Trade Centre, Watchmoor Road, Camberley, GU15 3AJ"
2026-09-29,1988905,Taylor's Bagels,Takeaway/sandwich shop,UNIT 4 BOROUGH PARADE,,CHIPPENHAM,,SN15 3WL,Wiltshire,AwaitingInspection,,FHRS,False,51.458375,-2.1165587,"UNIT 4 BOROUGH PARADE, CHIPPENHAM, SN15 3WL"
2026-09-29,1990725,Goodfellas,Takeaway/sandwich shop,35 Upper Tything,Worcester,,,WR1 1JZ,Worcester City,AwaitingInspection,,FHRS,False,52.2005996704102,-2.22532391548157,"35 Upper Tything, Worcester, WR1 1JZ"
2026-09-29,1989075,Caribbean Roots Kitchen,Takeaway/sandwich shop,,,,,,Castle Point,AwaitingInspection,,FHRS,False,,,
2026-09-29,1892953,Smash N Masala Pizza,Takeaway/sandwich shop,358 London Road,South Benfleet,Benfleet,Essex,SS7 1BG,Castle Point,AwaitingInspection,,FHRS,False,51.565497,0.564831,"358 London Road, South Benfleet, Benfleet, Essex, SS7 1BG"
2026-09-29,1989718,Asia Palace,Takeaway/sandwich shop,,,78-82 Shore Road,Belfast,BT15 3PZ,Belfast City,AwaitingInspection,,FHRS,False,54.62436,-5.92334,"78-82 Shore Road, Belfast, BT15 3PZ"
2026-09-29,1593364,Ayat spice,Takeaway/sandwich shop,,,301 Holywood Road,Belfast,BT4 2EX,Belfast City,3,2026-05-28,FHRS,False,54.605782,-5.871289,"301 Holywood Road, Belfast, BT4 2EX"
2026-09-29,746549,Rosie's Traditional Fish And Chips,Takeaway/sandwich shop,,,105 Gilnahirk Road,Belfast,BT5 7QL,Belfast City,4,2025-09-18,FHRS,False,54.5833343,-5.8412608,"105 Gilnahirk Road, Belfast, BT5 7QL"
2026-09-29,1991463,Vero pizza,Takeaway/sandwich shop,,,889 Crumlin Road,Belfast,BT14 8AB,Belfast City,AwaitingInspection,,FHRS,False,54.6233,-5.97587,"889 Crumlin Road, Belfast, BT14 8AB"
2026-09-29,1988943,3 Pizze,Takeaway/sandwich shop,,16 Dundas Street,,Grangemouth,FK3 8BX,Falkirk,Awaiting Inspection,,FHIS,False,56.016487,-3.72564,"16 Dundas Street, Grangemouth, FK3 8BX"
2026-09-29,1991264,Berto's & Curries,Takeaway/sandwich shop,,46 Stirling Street,,Denny,FK6 6DJ,Falkirk,Awaiting Inspection,,FHIS,False,56.0239,-3.908033,"46 Stirling Street, Denny, FK6 6DJ"
2026-09-29,1991266,Panku Streetfood,Takeaway/sandwich shop,Asda,9 Dock Road,,Grangemouth,FK3 8TY,Falkirk,Pass,2026-08-31,FHIS,False,56.020642,-3.722809,"Asda, 9 Dock Road, Grangemouth, FK3 8TY"
2026-09-29,1991271,Yo! To Go!,Takeaway/sandwich shop,,Tesco Stores Ltd,Colliery Road,Redding,FK2 9RA,Falkirk,Awaiting Inspection,,FHIS,False,55.98445,-3.73787,"Tesco Stores Ltd, Colliery Road, Redding, FK2 9RA"
2026-09-29,1990274,George's Fish Bar,Takeaway/sandwich shop,422 Green Lanes,LONDON,,,N13 5XG,Enfield,AwaitingInspection,,FHRS,False,51.622139,-0.105061,"422 Green Lanes, LONDON, N13 5XG"
2026-09-29,1988989,FRITÈLO,Takeaway/sandwich shop,,,,,,Canterbury City,AwaitingInspection,,FHRS,False,,,
2026-09-29,1990904,Pizza Gogo,Takeaway/sandwich shop,Pizza GoGo St Albans also t/a The Dessert Shop,116 London Road,St Albans,Hertfordshire,AL1 1NX,St Albans City,AwaitingInspection,,FHRS,False,51.7491674,-0.3346909,"Pizza GoGo St Albans also t/a The Dessert Shop, 116 London Road, St Albans, Hertfordshire, AL1 1NX"
2026-09-29,1991666,Funky Masal Ltd,Takeaway/sandwich shop,Former Market Stall 41 To 42,Borough Market,Market Street,Halifax,HX1 1DZ,Calderdale,AwaitingInspection,,FHRS,False,53.722419,-1.8593758,"Former Market Stall 41 To 42, Borough Market, Market Street, Halifax, HX1 1DZ"
2026-09-29,1989794,KL64 Kitchen Also T/A Royal Spice Kitchen,Takeaway/sandwich shop,,,,,,Reigate and Banstead,AwaitingInspection,,FHRS,False,,,
2026-09-29,1990996,Tawa Kitchen,Takeaway/sandwich shop,,,,,,Kensington and Chelsea,AwaitingInspection,,FHRS,False,,,
2026-09-29,273811,Bacio Pizzeria,Takeaway/sandwich shop,,89 Guisborough Road,Nunthorpe,,TS7 0JS,Redcar and Cleveland,4,2026-08-21,FHRS,False,54.528646,-1.168631,"89 Guisborough Road, Nunthorpe, TS7 0JS"
2026-09-29,1990357,The Rockin Bean,Takeaway/sandwich shop,,,,,,Redcar and Cleveland,AwaitingInspection,,FHRS,False,,,
2026-09-29,1990537,Happy Chopsticks,Takeaway/sandwich shop,30 Lake Lock Road,Stanley,Wakefield,,WF3 4HZ,Wakefield,AwaitingInspection,,FHRS,False,53.712866,-1.478081,"30 Lake Lock Road, Stanley, Wakefield, WF3 4HZ"
2026-09-29,1972287,Bridgford Fish Bar,Takeaway/sandwich shop,39 Radcliffe Road,West Bridgford,Nottinghamshire,,NG2 5FF,Rushcliffe,AwaitingInspection,,FHRS,False,52.938102,-1.13275,"39 Radcliffe Road, West Bridgford, Nottinghamshire, NG2 5FF"
2026-09-29,1989753,Caprinos Pizza,Takeaway/sandwich shop,Caprinos Pizza,73 Chester Road West,Shotton,Flintshire,CH5 1BZ,Sir y Fflint,AwaitingInspection,,FHRS,False,53.2133999,-3.0430779,"Caprinos Pizza, 73 Chester Road West, Shotton, Flintshire, CH5 1BZ"
2026-09-29,1991596,Martyrs Fish Bar,Takeaway/sandwich shop,Street Record Roberts Avenue,Penydarren,Merthyr Tydfil,,,Merthyr Tudful,AwaitingInspection,,FHRS,False,51.7648478655222,-3.36878604031478,"Street Record Roberts Avenue, Penydarren, Merthyr Tydfil"
2026-09-29,1991072,Thai Express,Takeaway/sandwich shop,,9 Picton Arcade,,City Centre,SA1 3BH,Abertawe,AwaitingInspection,,FHRS,True,51.619352,-3.948591,"9 Picton Arcade, City Centre, SA1 3BH"
2026-09-29,1990689,Wolds Coffee Company,Takeaway/sandwich shop,,,,,,West Lindsey,AwaitingInspection,,FHRS,False,,,
2026-09-29,1990579,Pizza Haven Indian Curry Ltd,Takeaway/sandwich shop,149A Edleston Road,Crewe,,,CW2 7HR,Cheshire East,AwaitingInspection,,FHRS,False,53.0919464,-2.4412871,"149A Edleston Road, Crewe, CW2 7HR"
2026-09-29,1990561,LKO Foods,Takeaway/sandwich shop,,,,,,Salford,AwaitingInspection,,FHRS,True,,,
2026-09-29,1736477,Oppa Kitchen,Takeaway/sandwich shop,within Grub on the docks,Green,Media City,,M50 2HF,Salford,AwaitingInspection,,FHRS,False,,,"within Grub on the docks, Green, Media City, M50 2HF"
2026-09-29,1991882,Bunbee - Unit 6,Takeaway/sandwich shop,274 - 276 Neville Road,Forest Gate,London,,E7 9QN,Newham,AwaitingInspection,,FHRS,False,51.538321,0.0329573,"274 - 276 Neville Road, Forest Gate, London, E7 9QN"
2026-09-29,1991891,Bunz,Takeaway/sandwich shop,198 The Grove,Stratford,London,,E15 1NS,Newham,AwaitingInspection,,FHRS,False,51.5442314147949,0.00403399998322129,"198 The Grove, Stratford, London, E15 1NS"
2026-09-29,1987649,Chicking,Takeaway/sandwich shop,Unit 6,Market Place,5 Pilgrims Way,East Ham,E6 1HW,Newham,AwaitingInspection,,FHRS,False,,,"Unit 6, Market Place, 5 Pilgrims Way, East Ham, E6 1HW"
2026-09-29,1991901,Crusty's Pizza / Flame Peri Peri / Pizza Garden / Crusty's Pizza & Flame Peri Peri / Bombay Halal Pizza,Takeaway/sandwich shop,275 Prince Regent Lane,Plaistow,London,,E13 8SD,Newham,AwaitingInspection,,FHRS,False,51.518204,0.032425,"275 Prince Regent Lane, Plaistow, London, E13 8SD"
2026-09-29,1991888,De Flavorzz,Takeaway/sandwich shop,136 High Street North,East Ham,London,,E6 2HT,Newham,AwaitingInspection,,FHRS,False,51.5370775,0.0521956,"136 High Street North, East Ham, London, E6 2HT"
2026-09-29,1991897,Don Churro / El Mexicana / Early Yolk Within Morrisons,Takeaway/sandwich shop,3 Silvertown Square,Canning Town,London,,E16 1GW,Newham,AwaitingInspection,,FHRS,False,51.5149212,0.0104205,"3 Silvertown Square, Canning Town, London, E16 1GW"
2026-09-29,1991900,Hyderabadi Niloufer,Takeaway/sandwich shop,Unit A,34 Plashet Grove,East Ham,London,E6 1AE,Newham,AwaitingInspection,,FHRS,False,51.5368296,0.0360016,"Unit A, 34 Plashet Grove, East Ham, London, E6 1AE"
2026-09-29,1990424,Moe's Grill,Takeaway/sandwich shop,92 High Street,Plaistow,London,,E13 0AJ,Newham,AwaitingInspection,,FHRS,False,51.530004,0.021878,"92 High Street, Plaistow, London, E13 0AJ"
2026-09-29,1991898,New Taz,Takeaway/sandwich shop,29 Balaam Street,Plaistow,London,,E13 8EB,Newham,AwaitingInspection,,FHRS,False,51.523054,0.022377,"29 Balaam Street, Plaistow, London, E13 8EB"
2026-09-29,1990430,Shahi Kitchen - Unit 10,Takeaway/sandwich shop,34 Plashet Grove,East Ham,London,,E6 1AE,Newham,AwaitingInspection,,FHRS,False,51.5368296,0.0360016,"34 Plashet Grove, East Ham, London, E6 1AE"
2026-09-29,1991377,Classic Fish Bar,Takeaway/sandwich shop,88  Walsall Road,,,West Bromwich,B71 3HN,Sandwell,AwaitingInspection,,FHRS,False,52.5425824,-1.9845872,"88  Walsall Road, West Bromwich, B71 3HN"
2026-09-29,1988644,Harbour Fish & Chips,Takeaway/sandwich shop,49 Hobs Road,,,Wednesbury,WS10 9BL,Sandwell,AwaitingInspection,,FHRS,False,52.5598164,-2.0121208,"49 Hobs Road, Wednesbury, WS10 9BL"
2026-09-29,1988649,Italian pizza hub kebab and pasta,Takeaway/sandwich shop,85 Owen Street,Tipton,,West Midlands,DY4 8EX,Sandwell,AwaitingInspection,,FHRS,False,52.5295641,-2.0680674,"85 Owen Street, Tipton, West Midlands, DY4 8EX"
2026-09-29,1929172,Loaf Actually,Takeaway/sandwich shop,Second Floor - 487  Bearwood Road,,,Smethwick,B66 4BE,Sandwell,5,2026-09-09,FHRS,False,52.476809,-1.9696206,"Second Floor - 487  Bearwood Road, Smethwick, B66 4BE"
2026-09-29,1896877,Nevermore Bakery,Takeaway/sandwich shop,,,,,,Sandwell,5,2026-09-04,FHRS,False,,,
2026-09-29,1991384,Pizza 1,Takeaway/sandwich shop,98 Crankhall Lane,,,Wednesbury,WS10 0EQ,Sandwell,AwaitingInspection,,FHRS,False,52.5499458,-1.9937279,"98 Crankhall Lane, Wednesbury, WS10 0EQ"
2026-09-29,1991406,Cobb investments ltd,Takeaway/sandwich shop,Units 1a-1b Cobb Motor Engineers Station Road West,Ash Vale,Ash Vale,Surrey,GU12 5QD,Guildford,AwaitingInspection,,FHRS,False,,,"Units 1a-1b Cobb Motor Engineers Station Road West, Ash Vale, Ash Vale, Surrey, GU12 5QD"
2026-09-29,1991411,REEVAS Persian food,Takeaway/sandwich shop,20 Chapel Street,,Guildford,Surrey,GU1 3UL,Guildford,AwaitingInspection,,FHRS,False,51.23495,-0.573366,"20 Chapel Street, Guildford, Surrey, GU1 3UL"
2026-09-29,1988898,Asia Star / Chilli Basil,Takeaway/sandwich shop,Asia Star / Chilli Basil,Ground Floor Rear,39 Crouch Hill,London,N4 4AP,Islington,AwaitingInspection,,FHRS,False,51.5713912,-0.1181437,"Asia Star / Chilli Basil, Ground Floor Rear, 39 Crouch Hill, London, N4 4AP"
2026-09-29,1991038,B Kitchen @ Tesco,Takeaway/sandwich shop,B Kitchen @ Tesco,Basement And Ground Floors Focus Point,21 Caledonian Road,London,N1 9DX,Islington,AwaitingInspection,,FHRS,False,51.531918,-0.1212283,"B Kitchen @ Tesco, Basement And Ground Floors Focus Point, 21 Caledonian Road, London, N1 9DX"
2026-09-29,1991044,Burger Z / Slang Sandwich / Greek Me / The Shawarma Co,Takeaway/sandwich shop,Burger Z / Slang Sandwich / Greek Me / The Shawarma Co,Ground And First Floor 60,40-60 Brewery Road,London,N7 9NH,Islington,AwaitingInspection,,FHRS,False,,,"Burger Z / Slang Sandwich / Greek Me / The Shawarma Co, Ground And First Floor 60, 40-60 Brewery Road, London, N7 9NH"
2026-09-29,1988897,Pizza Hut,Takeaway/sandwich shop,Pizza Hut,Basement And Ground Floors,169 Upper Street,London,N1 1RG,Islington,AwaitingInspection,,FHRS,False,51.5412117,-0.1030497,"Pizza Hut, Basement And Ground Floors, 169 Upper Street, London, N1 1RG"
2026-09-29,1991043,The African Kitchen Limited,Takeaway/sandwich shop,The African Kitchen Limited,Ground And First Floor 60,40-60 Brewery Road,London,N7 9NH,Islington,AwaitingInspection,,FHRS,False,51.5453692,-0.1211067,"The African Kitchen Limited, Ground And First Floor 60, 40-60 Brewery Road, London, N7 9NH"
2026-09-29,1991033,Yard Sale Pizza,Takeaway/sandwich shop,Yard Sale Pizza,Basement And Ground Floor,23 White Conduit Street,London,N1 9HA,Islington,AwaitingInspection,,FHRS,False,51.5336004,-0.1089608,"Yard Sale Pizza, Basement And Ground Floor, 23 White Conduit Street, London, N1 9HA"
2026-09-29,1988689,Thai kitchen,Takeaway/sandwich shop,1 Boomers Way,,Lisburn,,BT27 3WT,Lisburn and Castlereagh City,AwaitingInspection,,FHRS,False,,,"1 Boomers Way, Lisburn, BT27 3WT"
2026-09-29,1989688,Hungry lane,Takeaway/sandwich shop,Basement,131 Drummond Street,,London,NW1 2HL,Camden,AwaitingInspection,,FHRS,False,51.5269771,-0.136771,"Basement, 131 Drummond Street, London, NW1 2HL"
2026-09-29,1989660,SYED MIZANUR RAHMAN,Takeaway/sandwich shop,,131.B. BASEMENT DRUMMOND TREET.,,London,NW1 2HL,Camden,AwaitingInspection,,FHRS,False,,,"131.B. BASEMENT DRUMMOND TREET., London, NW1 2HL"
2026-09-29,1989662,TACOS & SMASH,Takeaway/sandwich shop,,,,,,Camden,AwaitingInspection,,FHRS,False,,,
2026-09-29,1989643,TURKISH BBQ KEBAB,Takeaway/sandwich shop,,385 Kentish Town Road,,London,NW5 2TJ,Camden,AwaitingInspection,,FHRS,False,51.5516101,-0.1414331,"385 Kentish Town Road, London, NW5 2TJ"
2026-09-29,1989196,Golden Fish And Chips,Takeaway/sandwich shop,13 Church Street,Milton Regis,Sittingbourne,Kent,ME10 2JZ,Swale,5,2026-09-09,FHRS,False,51.346439,0.730399,"13 Church Street, Milton Regis, Sittingbourne, Kent, ME10 2JZ"
2026-09-29,1732999,Cowboys Burger,Takeaway/sandwich shop,Digital  Works,112 Harvers Lane,Sheffield,,S3 8EG,Sheffield,5,2024-06-20,FHRS,False,53.3914716,-1.4721914,"Digital  Works, 112 Harvers Lane, Sheffield, S3 8EG"
2026-09-29,1989094,Big Bytz,Takeaway/sandwich shop,The Snack Bar,68 Weasenham Lane,Wisbech,Cambridgeshire,PE13 2RU,Fenland,AwaitingInspection,,FHRS,False,52.654443,0.1590479,"The Snack Bar, 68 Weasenham Lane, Wisbech, Cambridgeshire, PE13 2RU"
2026-09-29,1405977,Little Luxury Treats,Takeaway/sandwich shop,Arncliffe,45 Sutton Road,Leverington,Wisbech,PE13 5DN,Fenland,5,2022-01-04,FHRS,False,52.6753401,0.1446497,"Arncliffe, 45 Sutton Road, Leverington, Wisbech, PE13 5DN"
2026-09-29,1940991,Overloaded,Takeaway/sandwich shop,85 Norwich Road,Wisbech,Cambridgeshire,,PE13 2AU,Fenland,AwaitingInspection,,FHRS,False,52.6636523,0.166334,"85 Norwich Road, Wisbech, Cambridgeshire, PE13 2AU"
2026-09-29,1989753,Caprinos Pizza,Takeaway/sandwich shop,Caprinos Pizza,73 Chester Road West,Shotton,Flintshire,CH5 1BZ,Flintshire,AwaitingInspection,,FHRS,False,53.2133999,-3.0430779,"Caprinos Pizza, 73 Chester Road West, Shotton, Flintshire, CH5 1BZ"
2026-09-29,1990650,Meenee’s,Takeaway/sandwich shop,St Matthews Hall,Chapel Lane,Stretford,Manchester,M32 9AJ,Trafford,AwaitingInspection,,FHRS,False,53.4433708190918,-2.31166195869446,"St Matthews Hall, Chapel Lane, Stretford, Manchester, M32 9AJ"
2026-09-29,1988779,Minikin Bake Box,Takeaway/sandwich shop,,9 Atlantic Business Centre,Atlantic Street,Broadheath,WA14 5NQ,Trafford,AwaitingInspection,,FHRS,False,53.3980234,-2.3589281,"9 Atlantic Business Centre, Atlantic Street, Broadheath, WA14 5NQ"
2026-09-29,1990647,Pennington,Takeaway/sandwich shop,Flixton Football Club,225 Valley Road,Flixton,Manchester,M41 8RQ,Trafford,AwaitingInspection,,FHRS,False,53.4548231,-2.3987478,"Flixton Football Club, 225 Valley Road, Flixton, Manchester, M41 8RQ"
2026-09-29,1990523,Apache Pizza Bangor,Takeaway/sandwich shop,53-53a High Street,,Bangor,,BT20 5BE,Ards and North Down,AwaitingInspection,,FHRS,False,54.6636069,-5.6649644,"53-53a High Street, Bangor, BT20 5BE"
2026-09-29,1990531,SUSHI KING,Takeaway/sandwich shop,68 Abbey Street,,Bangor,,BT20 4JB,Ards and North Down,AwaitingInspection,,FHRS,False,54.6572056,-5.6731738,"68 Abbey Street, Bangor, BT20 4JB"
2026-09-29,1924678,The Ganges,Takeaway/sandwich shop,69 Court Street,Corporation North,Newtownards,Down,BT23 7NX,Ards and North Down,AwaitingInspection,,FHRS,False,54.591283,-5.694448,"69 Court Street, Corporation North, Newtownards, Down, BT23 7NX"
2026-09-29,1990533,The Shawarma Bangor,Takeaway/sandwich shop,31 High Street,,Bangor,,BT20 5BG,Ards and North Down,AwaitingInspection,,FHRS,False,54.663662,-5.6659533,"31 High Street, Bangor, BT20 5BG"
2026-09-29,1990313,The Conespiracy,Takeaway/sandwich shop,,110 Leeds Old Road,Bradford,,BD3 8JS,Bradford,AwaitingInspection,,FHRS,False,53.8002875,-1.7113909,"110 Leeds Old Road, Bradford, BD3 8JS"
2026-09-29,1989727,Papi Chopa's Pizza,Takeaway/sandwich shop,,,,,,Colchester,AwaitingInspection,,FHRS,False,,,
2026-09-29,1991002,Zebra Crossing,Takeaway/sandwich shop,,,,,,Colchester,AwaitingInspection,,FHRS,False,,,
2026-09-29,1991498,Big Juicy Burgers,Takeaway/sandwich shop,,22-23 High Street,,Loughborough,LE11 2PZ,Charnwood,3,2026-06-30,FHRS,False,52.771175,-1.2050958,"22-23 High Street, Loughborough, LE11 2PZ"
2026-09-29,1991499,Market Flames,Takeaway/sandwich shop,,7-7a Market Place,,Mountsorrel,LE12 7BA,Charnwood,AwaitingInspection,,FHRS,True,52.7305673,-1.1402424,"7-7a Market Place, Mountsorrel, LE12 7BA"
2026-09-29,1991515,Mishi Sushi,Takeaway/sandwich shop,Students Union Building,Union Way,,Loughborough,LE11 3TT,Charnwood,AwaitingInspection,,FHRS,False,52.7693454,-1.2281935,"Students Union Building, Union Way, Loughborough, LE11 3TT"
2026-09-29,1991507,Pizzeria,Takeaway/sandwich shop,,96 Ashby Road,,Loughborough,LE11 3AF,Charnwood,AwaitingInspection,,FHRS,False,52.772183,-1.214552,"96 Ashby Road, Loughborough, LE11 3AF"
2026-09-29,1991511,Taste of China,Takeaway/sandwich shop,,7 Sibson Road,,Birstall,LE4 4DX,Charnwood,5,2026-09-21,FHRS,False,52.677082,-1.12139,"7 Sibson Road, Birstall, LE4 4DX"
2026-09-29,1991510,Tasty Takeaway,Takeaway/sandwich shop,,18A Lonsdale Road,,Thurmaston,LE4 8JF,Charnwood,AwaitingInspection,,FHRS,False,52.674292,-1.095845,"18A Lonsdale Road, Thurmaston, LE4 8JF"
2026-09-29,1989914,Polegate Fish Bar,Takeaway/sandwich shop,31 High Street,,Polegate,East Sussex,BN26 5AB,Wealden,AwaitingInspection,,FHRS,False,50.8206687,0.24348,"31 High Street, Polegate, East Sussex, BN26 5AB"
2026-09-29,1990570,Munchies,Takeaway/sandwich shop,Unit 3,254 Sunderland Road,South Shields,Tyne & Wear,NE34 6QY,South Tyneside,AwaitingInspection,,FHRS,False,54.971997,-1.41095,"Unit 3, 254 Sunderland Road, South Shields, Tyne & Wear, NE34 6QY"
2026-09-29,1989213,Uxbridge Chicken & Burgers ltd.,Takeaway/sandwich shop,,22 Windsor Street,,Uxbridge,UB8 1AB,Hillingdon,AwaitingInspection,,FHRS,False,51.5449841,-0.4806857,"22 Windsor Street, Uxbridge, UB8 1AB"
2026-09-29,1991192,Angel Fish & Chips,Takeaway/sandwich shop,,315 Bolton Road,Bury,,BL8 2PD,Bury,AwaitingInspection,,FHRS,False,53.5887109,-2.3190886,"315 Bolton Road, Bury, BL8 2PD"
2026-09-29,1991191,King’s Castle – Bury,Takeaway/sandwich shop,,166 Walmersley Road,Bury,,BL9 6LL,Bury,AwaitingInspection,,FHRS,False,53.6020179,-2.2900126,"166 Walmersley Road, Bury, BL9 6LL"
2026-09-29,84101,Welcome  House,Takeaway/sandwich shop,,138 Butterstile Lane,Prestwich,Greater Manchester,M25 9TJ,Bury,4,2023-12-18,FHRS,False,53.522644,-2.288277,"138 Butterstile Lane, Prestwich, Greater Manchester, M25 9TJ"
2026-09-29,1991984,Granvilles Sandwich Shop,Takeaway/sandwich shop,The Rowans Hull Road,,,Osgodby,YO8 5HG,North Yorkshire,AwaitingInspection,,FHRS,False,,,"The Rowans Hull Road, Osgodby, YO8 5HG"
2026-09-29,1989892,Nur Jahan,Takeaway/sandwich shop,QUEEN STREET,,,SCARBOROUGH,YO11 1HA,North Yorkshire,AwaitingInspection,,FHRS,False,54.2846295,-0.39933195,"QUEEN STREET, SCARBOROUGH, YO11 1HA"
2026-09-29,1991982,Real Indie Bookshop,Takeaway/sandwich shop,4 PARLIAMENT STREET,,,HARROGATE,HG1 2QZ,North Yorkshire,AwaitingInspection,,FHRS,False,,,"4 PARLIAMENT STREET, HARROGATE, HG1 2QZ"
2026-09-29,1989894,Shiris bites,Takeaway/sandwich shop,92 HIGH STREET,,,KNARESBOROUGH,HG5 0EA,North Yorkshire,AwaitingInspection,,FHRS,False,54.0094888,-1.4687987,"92 HIGH STREET, KNARESBOROUGH, HG5 0EA"
2026-09-29,1989891,TUTTIS PIZZA SELBY LTD,Takeaway/sandwich shop,Tutti's Pizza -16 New Street,,,Selby,YO8 4PT,North Yorkshire,AwaitingInspection,,FHRS,False,,,"Tutti's Pizza -16 New Street, Selby, YO8 4PT"
2026-09-29,1989409,Alleben,Takeaway/sandwich shop,Food Exchange New Covent Garden Market Nine Elms Lane,,London,Wandsworth,SW8 5EL,Wandsworth,AwaitingInspection,,FHRS,False,51.479311,-0.1325742,"Food Exchange New Covent Garden Market Nine Elms Lane, London, Wandsworth, SW8 5EL"
2026-09-29,150244,Empire Chinese Take Away,Takeaway/sandwich shop,,43 Mile End Road,London,,E1 4TP,Tower Hamlets,3,2025-01-23,FHRS,False,51.520551,-0.054549,"43 Mile End Road, London, E1 4TP"
2026-09-29,1990702,Fillings,Takeaway/sandwich shop,,161 Devons Road,London,,E3 3QX,Tower Hamlets,AwaitingInspection,,FHRS,False,51.5197466,-0.0203813,"161 Devons Road, London, E3 3QX"
2026-09-29,1990693,Island Kebabs,Takeaway/sandwich shop,Unit 77 Skylines,East Ferry Road,London,,E14 9TS,Tower Hamlets,AwaitingInspection,,FHRS,False,,,"Unit 77 Skylines, East Ferry Road, London, E14 9TS"
2026-09-29,654246,Main Character Books,Takeaway/sandwich shop,Main Character Books Unit 1,30 Spital Square,London,,E1 6DX,Tower Hamlets,5,2026-09-16,FHRS,False,51.5202062,-0.0771984,"Main Character Books Unit 1, 30 Spital Square, London, E1 6DX"
2026-09-29,1988771,Project Bagel,Takeaway/sandwich shop,,3 Tanners Yard,London,,E2 6QB,Tower Hamlets,AwaitingInspection,,FHRS,False,51.5317057,-0.0601614,"3 Tanners Yard, London, E2 6QB"
2026-09-29,1990707,"Rice is Ready, Chicken King",Takeaway/sandwich shop,133 Railway Arches,Chapman Street,London,,E1 2PH,Tower Hamlets,AwaitingInspection,,FHRS,False,51.5116986,-0.0577781,"133 Railway Arches, Chapman Street, London, E1 2PH"
2026-09-29,1990696,Tanny,Takeaway/sandwich shop,,24 Wentworth Street,London,,E1 7TB,Tower Hamlets,2,2026-06-22,FHRS,False,51.51632,-0.07596,"24 Wentworth Street, London, E1 7TB"
2026-09-29,1989006,Burger Shack,Takeaway/sandwich shop,Bibbys Beach Bar,Ingoldmells,Lincolnshire,,PE25 1LQ,East Lindsey,5,2026-08-02,FHRS,False,,,"Bibbys Beach Bar, Ingoldmells, Lincolnshire, PE25 1LQ"
2026-09-29,1989009,Fat Panda,Takeaway/sandwich shop,Fantasy Island,Sea Lane,Ingoldmells,Lincolnshire,PE25 1RH,East Lindsey,5,2026-08-16,FHRS,False,53.1924943,0.3466217,"Fantasy Island, Sea Lane, Ingoldmells, Lincolnshire, PE25 1RH"
2026-09-29,1989005,Fresh Seafood,Takeaway/sandwich shop,Bibbys Beach Bar,Ingoldmells,Lincolnshire,,PE25 1LQ,East Lindsey,5,2026-08-02,FHRS,False,,,"Bibbys Beach Bar, Ingoldmells, Lincolnshire, PE25 1LQ"
2026-09-29,1989013,Lazarski Pizza Takeaway,Takeaway/sandwich shop,132A Wainfleet Road,Skegness,Lincolnshire,,PE25 3RX,East Lindsey,5,2026-08-25,FHRS,False,53.1444235,0.3260881,"132A Wainfleet Road, Skegness, Lincolnshire, PE25 3RX"
2026-09-29,1989007,Love Donuts,Takeaway/sandwich shop,Bibbys Beach Bar,Ingoldmells,Lincolnshire,,PE25 1LQ,East Lindsey,5,2026-08-02,FHRS,False,,,"Bibbys Beach Bar, Ingoldmells, Lincolnshire, PE25 1LQ"
2026-09-29,1989003,Nellie B's Seaside Delights,Takeaway/sandwich shop,Kiosk 5,Tower Esplanade,Skegness,Lincolnshire,PE25 3HH,East Lindsey,5,2026-08-23,FHRS,False,53.1413329,0.3466827,"Kiosk 5, Tower Esplanade, Skegness, Lincolnshire, PE25 3HH"
2026-09-29,1989707,Delhi Tadka Takeaway & Catering,Takeaway/sandwich shop,Units 7 And 8,Smiths Complex,Coniston Road,Patchway,BS34 5PA,South Gloucestershire,AwaitingInspection,,FHRS,False,51.5323063,-2.5713201,"Units 7 And 8, Smiths Complex, Coniston Road, Patchway, BS34 5PA"
2026-09-29,1992091,Munchies Kebab & Pizza,Takeaway/sandwich shop,34 Abbotswood,Yate,South Gloucestershire,,BS37 4NG,South Gloucestershire,AwaitingInspection,,FHRS,False,,,"34 Abbotswood, Yate, South Gloucestershire, BS37 4NG"
2026-09-29,1991139,Maguires Takeaway,Takeaway/sandwich shop,9 Market Square,Ballymaganlis,Dromore,Down,BT25 1AW,"Armagh City, Banbridge and Craigavon",AwaitingInspection,,FHRS,True,54.414441,-6.148841,"9 Market Square, Ballymaganlis, Dromore, Down, BT25 1AW"
2026-09-29,1991146,Poon's welcome,Takeaway/sandwich shop,155 Bridge Street,Edenderry,Portadown,Armagh,BT63 5AW,"Armagh City, Banbridge and Craigavon",AwaitingInspection,,FHRS,False,54.426807,-6.435514,"155 Bridge Street, Edenderry, Portadown, Armagh, BT63 5AW"
2026-09-29,1991160,Yummy House,Takeaway/sandwich shop,9 Market Street,Crossdened,Keady,Armagh,BT60 3RP,"Armagh City, Banbridge and Craigavon",AwaitingInspection,,FHRS,True,54.2482833862305,-6.70590209960938,"9 Market Street, Crossdened, Keady, Armagh, BT60 3RP"
2026-09-29,1989865,Istanbul Charcoal Grill,Takeaway/sandwich shop,149 Duckworth Street,,Darwen,Blackburn With Darwen,BB3 1AT,Blackburn,AwaitingInspection,,FHRS,False,53.6989878,-2.4710818,"149 Duckworth Street, Darwen, Blackburn With Darwen, BB3 1AT"
2026-09-29,1989868,Shandar Sweets,Takeaway/sandwich shop,63 Whalley New Road,,Blackburn,Blackburn With Darwen,BB1 6JY,Blackburn,AwaitingInspection,,FHRS,True,53.7574416,-2.4721615,"63 Whalley New Road, Blackburn, Blackburn With Darwen, BB1 6JY"
2026-09-29,1992021,Cuppa and Bake Limited,Takeaway/sandwich shop,,22 Orchard Street,Preston,,PR1 2EN,Preston,AwaitingInspection,,FHRS,False,,,"22 Orchard Street, Preston, PR1 2EN"
2026-09-29,103119,Sandos,Takeaway/sandwich shop,,123-124 Church Street,Preston,,PR1 3BT,Preston,AwaitingInspection,,FHRS,False,,,"123-124 Church Street, Preston, PR1 3BT"
2026-09-29,1991307,Pappanos Eats Limited,Takeaway/sandwich shop,,23 Alexandra Road,,Cleethorpes,DN35 8LG,North East Lincolnshire,AwaitingInspection,,FHRS,False,53.558709,-0.026758,"23 Alexandra Road, Cleethorpes, DN35 8LG"
2026-09-29,1990684,Yaad Shack,Takeaway/sandwich shop,,,,,,Epping Forest,AwaitingInspection,,FHRS,False,,,
2026-09-29,1989199,Chicken Shack,Takeaway/sandwich shop,230 Corporation Road,Newport,South Wales,,NP19 0DZ,Casnewydd,AwaitingInspection,,FHRS,False,51.5855271,-2.9800829,"230 Corporation Road, Newport, South Wales, NP19 0DZ"
2026-09-29,1989205,Chilli Express,Takeaway/sandwich shop,12 Risca Road,Newport,South Wales,,NP20 4JW,Casnewydd,AwaitingInspection,,FHRS,False,51.5835169,-3.0103639,"12 Risca Road, Newport, South Wales, NP20 4JW"
2026-09-29,1990816,OCEAN HOUSE,Takeaway/sandwich shop,Ocean House,128B High Street,Street,Somerset,BA16 0ER,Somerset,AwaitingInspection,,FHRS,True,51.125305,-2.7427446,"Ocean House, 128B High Street, Street, Somerset, BA16 0ER"
2026-09-29,1989998,Greggs,Takeaway/sandwich shop,Morrisons Daily Petrol Filling Station,Worting Road,Basingstoke,Hampshire,RG21 8BJ,Basingstoke and Deane,AwaitingInspection,,FHRS,False,51.2637829,-1.1059161,"Morrisons Daily Petrol Filling Station, Worting Road, Basingstoke, Hampshire, RG21 8BJ"
2026-09-29,1991928,Fireaway Designer Pizza,Takeaway/sandwich shop,Cacant Take Away,5 The Strand,BARNSTAPLE,Devon,EX31 1EU,North Devon,AwaitingInspection,,FHRS,False,51.0785453,-4.0596407,"Cacant Take Away, 5 The Strand, BARNSTAPLE, Devon, EX31 1EU"
2026-09-29,1990923,Andrews Fish Bar,Takeaway/sandwich shop,8 High Street,Snodland,Kent,,ME6 5DF,Tonbridge and Malling,AwaitingInspection,,FHRS,False,51.330129,0.441907,"8 High Street, Snodland, Kent, ME6 5DF"
2026-09-29,1992072,Cosmic Love,Takeaway/sandwich shop,,,,,,South Oxfordshire,AwaitingInspection,,FHRS,False,,,
2026-09-29,1990362,Elsies Membury,Takeaway/sandwich shop,Membury Airfield Industrial Estate Ramsbury Road,Lambourn Woodlands,Hungerford,West Berkshire,RG17 7TJ,West Berkshire,AwaitingInspection,,FHRS,False,51.4776924,-1.5516622,"Membury Airfield Industrial Estate Ramsbury Road, Lambourn Woodlands, Hungerford, West Berkshire, RG17 7TJ"
2026-09-29,1991672,Roaming Roast Holborn,Takeaway/sandwich shop,St Andrews Church Lodge,5 St Andrew Street,London,,EC4A 3AF,City of London Corporation,AwaitingInspection,,FHRS,False,51.516925,-0.106634,"St Andrews Church Lodge, 5 St Andrew Street, London, EC4A 3AF"
2026-09-29,1991193,Taza Tandoori,Takeaway/sandwich shop,,76 High Street,Dumbarton,,G82 1PQ,West Dunbartonshire,Awaiting Inspection,,FHIS,False,55.9434634,-4.5711978,"76 High Street, Dumbarton, G82 1PQ"
2026-09-29,1988802,Peking Express,Takeaway/sandwich shop,188 Rochester Road,Gravesend,Kent,,DA12 4TY,Gravesham,5,2026-09-15,FHRS,False,51.431729,0.394361,"188 Rochester Road, Gravesend, Kent, DA12 4TY"
2026-09-29,1991072,Thai Express,Takeaway/sandwich shop,,9 Picton Arcade,,City Centre,SA1 3BH,Swansea,AwaitingInspection,,FHRS,True,51.619352,-3.948591,"9 Picton Arcade, City Centre, SA1 3BH"
2026-09-29,1989058,72 Munchbox Leicester,Takeaway/sandwich shop,72 Humberstone Gate,Leicester,,,LE1 3PL,Leicester City,AwaitingInspection,,FHRS,False,52.637022,-1.127424,"72 Humberstone Gate, Leicester, LE1 3PL"
2026-09-29,1989065,A Wah Caribbean Cuisine,Takeaway/sandwich shop,134-138 Belgrave Gate,Leicester,,,LE1 3XL,Leicester City,AwaitingInspection,,FHRS,False,52.6401931,-1.1307091,"134-138 Belgrave Gate, Leicester, LE1 3XL"
2026-09-29,1989050,Chutney?s,Takeaway/sandwich shop,259 Aylestone Road,Leicester,,,LE2 7QJ,Leicester City,AwaitingInspection,,FHRS,False,52.615403,-1.142476,"259 Aylestone Road, Leicester, LE2 7QJ"
2026-09-29,1989060,City Shawrma,Takeaway/sandwich shop,10 Hannam Court,Charles Street,Leicester,,LE1 3FS,Leicester City,AwaitingInspection,,FHRS,False,52.637359,-1.130358,"10 Hannam Court, Charles Street, Leicester, LE1 3FS"
2026-09-29,1990979,Cluckhaus,Takeaway/sandwich shop,360 St Saviours Road,Leicester,,,LE5 4HJ,Leicester City,AwaitingInspection,,FHRS,False,52.6318615,-1.0949018,"360 St Saviours Road, Leicester, LE5 4HJ"
2026-09-29,1990976,Deccan Flavours,Takeaway/sandwich shop,32 Twycross Street,Leicester,,,LE2 0DW,Leicester City,AwaitingInspection,,FHRS,False,52.630669,-1.112051,"32 Twycross Street, Leicester, LE2 0DW"
2026-09-29,1989067,Drippin Soda Bar,Takeaway/sandwich shop,287 Welford Road,Leicester,,,LE2 6BJ,Leicester City,AwaitingInspection,,FHRS,False,52.6145308,-1.1251758,"287 Welford Road, Leicester, LE2 6BJ"
2026-09-29,1989041,Greggs,Takeaway/sandwich shop,11-13 Lutterworth Road,Leicester,,,LE2 8PH,Leicester City,AwaitingInspection,,FHRS,False,52.60215,-1.15644,"11-13 Lutterworth Road, Leicester, LE2 8PH"
2026-09-29,1990984,Love Bite Papabi,Takeaway/sandwich shop,229 Belgrave Gate,Leicester,,,LE1 3HT,Leicester City,AwaitingInspection,,FHRS,False,52.6422884,-1.1283325,"229 Belgrave Gate, Leicester, LE1 3HT"
2026-09-29,1990969,MEATATO,Takeaway/sandwich shop,201 Evington Road,Leicester,,,LE2 1QN,Leicester City,AwaitingInspection,,FHRS,False,52.6247724,-1.1061506,"201 Evington Road, Leicester, LE2 1QN"
2026-09-29,1990970,Pure Ghee & Spice,Takeaway/sandwich shop,,,,,,Leicester City,AwaitingInspection,,FHRS,False,,,
2026-09-29,1990983,SANIS CHICKEN LEICESTER,Takeaway/sandwich shop,143 Evington Road,Leicester,,,LE2 1QJ,Leicester City,AwaitingInspection,,FHRS,False,52.625773,-1.110156,"143 Evington Road, Leicester, LE2 1QJ"
2026-09-29,1990957,Tastyland Chicken and Pizza,Takeaway/sandwich shop,1 Lockerbie Walk,Leicester,,,LE4 7ZX,Leicester City,5,2026-09-22,FHRS,False,52.663169,-1.103852,"1 Lockerbie Walk, Leicester, LE4 7ZX"
2026-09-29,1989039,The Hungry Kitchen,Takeaway/sandwich shop,,,,,,Leicester City,AwaitingInspection,,FHRS,False,,,
2026-09-29,1990974,The Mithaibox,Takeaway/sandwich shop,Shop,261 St Saviours Road,Leicester,,LE5 4HG,Leicester City,AwaitingInspection,,FHRS,False,52.6346596,-1.1023438,"Shop, 261 St Saviours Road, Leicester, LE5 4HG"
2026-09-29,1989051,THE TURKISH FARM,Takeaway/sandwich shop,153-155 London Road,Leicester,,,LE2 1EF,Leicester City,AwaitingInspection,,FHRS,False,52.6272097,-1.1199792,"153-155 London Road, Leicester, LE2 1EF"
2026-09-29,1990990,VANSH VEGGIE HUT,Takeaway/sandwich shop,238 Green Lane Road,Leicester,,,LE5 4PA,Leicester City,AwaitingInspection,,FHRS,False,52.637381,-1.098468,"238 Green Lane Road, Leicester, LE5 4PA"
2026-09-29,1989033,ZEE PIZZA LTD,Takeaway/sandwich shop,583 Saffron Lane,Leicester,,,LE2 6UN,Leicester City,AwaitingInspection,,FHRS,False,52.598544,-1.141993,"583 Saffron Lane, Leicester, LE2 6UN"
2026-09-29,1991228,Curry Spot,Takeaway/sandwich shop,55-61 Halton View Road,Widnes,Halton,,WA8 0TT,Halton,AwaitingInspection,,FHRS,False,53.3729203,-2.7127441,"55-61 Halton View Road, Widnes, Halton, WA8 0TT"
2026-09-29,1991591,Curry & Grill House,Takeaway/sandwich shop,Ground Floor,11 - 13 Hollow Way,Oxford,Oxfordshire,OX4 2NQ,Oxford City,AwaitingInspection,,FHRS,False,51.7351528,-1.2096668,"Ground Floor, 11 - 13 Hollow Way, Oxford, Oxfordshire, OX4 2NQ"
2026-09-29,1990018,Trini Foods,Takeaway/sandwich shop,,,,,,Oxford City,AwaitingInspection,,FHRS,False,,,
2026-09-29,1991529,B & T's Fish Bar,Takeaway/sandwich shop,29 High Street,,Clee Hill,Shropshire,SY8 3LZ,Shropshire,AwaitingInspection,,FHRS,False,52.3744302,-2.5998975,"29 High Street, Clee Hill, Shropshire, SY8 3LZ"
2026-09-29,1991528,Top Taste Kebab and Pizza House,Takeaway/sandwich shop,42A High Street,,Whitchurch,Shropshire,SY13 1BB,Shropshire,AwaitingInspection,,FHRS,False,52.9698032,-2.6845772,"42A High Street, Whitchurch, Shropshire, SY13 1BB"
2026-09-29,1990245,Mr Shawarma Leeds Ltd,Takeaway/sandwich shop,156 Pudsey Road,Bramley,Leeds,,LS13 4JG,Leeds,AwaitingInspection,,FHRS,False,53.7961619,-1.6206194,"156 Pudsey Road, Bramley, Leeds, LS13 4JG"
2026-09-29,1991723,Mamu's Munchies,Takeaway/sandwich shop,,,,,,Portsmouth,AwaitingInspection,,FHRS,False,,,
2026-09-29,1992034,Sf Catering Kitchen,Takeaway/sandwich shop,234 Fratton Road,Portsmouth,,,PO1 5HH,Portsmouth,AwaitingInspection,,FHRS,False,,,"234 Fratton Road, Portsmouth, PO1 5HH"
2026-09-29,1991725,Yamas,Takeaway/sandwich shop,59 High Street,Portsmouth,,,PO6 3AX,Portsmouth,AwaitingInspection,,FHRS,False,50.8448486328125,-1.06662797927856,"59 High Street, Portsmouth, PO6 3AX"
2026-09-29,1991730,Yummies Kebab,Takeaway/sandwich shop,114 Fawcett Road,Southsea,,,PO4 0DW,Portsmouth,AwaitingInspection,,FHRS,True,50.791877746582,-1.07633805274963,"114 Fawcett Road, Southsea, PO4 0DW"
2026-09-29,988750,Comfy Eats,Takeaway/sandwich shop,Kitchen 8,26A Abbey Manufacturing Estate,London,,HA0 1NR,Brent,AwaitingInspection,,FHRS,False,,,"Kitchen 8, 26A Abbey Manufacturing Estate, London, HA0 1NR"
2026-09-29,532214,Pizza Hut Delivery (Exultant Ltd),Takeaway/sandwich shop,497 Kingsbury Road,Kingsbury,London,,NW9 9ED,Brent,AwaitingInspection,,FHRS,False,51.5851709,-0.277686,"497 Kingsbury Road, Kingsbury, London, NW9 9ED"
2026-09-29,1992204,Belmont Tandoori,Takeaway/sandwich shop,16 CHEVELEY PARK SHOPPING CENTRE,,BELMONT,,DH1 2AA,Durham,4,2025-10-16,FHRS,False,,,"16 CHEVELEY PARK SHOPPING CENTRE, BELMONT, DH1 2AA"
2026-09-29,1992229,Best kebab,Takeaway/sandwich shop,25 HIGH STREET,,WEST CORNFORTH,,DL17 9HN,Durham,5,2025-12-04,FHRS,False,,,"25 HIGH STREET, WEST CORNFORTH, DL17 9HN"
2026-09-29,1992283,Best Kebab,Takeaway/sandwich shop,4 SOUTH STREET,,CROOK,,DL15 8NE,Durham,4,2026-05-13,FHRS,False,,,"4 SOUTH STREET, CROOK, DL15 8NE"
2026-09-29,1992221,CHEEZY PIZZA,Takeaway/sandwich shop,8 HAIG TERRACE,DEAN BANK,FERRYHILL,,DL17 8NR,Durham,5,2025-12-16,FHRS,False,,,"8 HAIG TERRACE, DEAN BANK, FERRYHILL, DL17 8NR"
2026-09-29,1992207,Coxhoe Fish Bar,Takeaway/sandwich shop,25 BLACKGATE EAST,,COXHOE,,DH6 4AL,Durham,2,2025-11-04,FHRS,False,,,"25 BLACKGATE EAST, COXHOE, DH6 4AL"
2026-09-29,1992330,Escomb Youth Football Club,Takeaway/sandwich shop,RECREATION FIELD,,LOW ETHERLEY,,DL14 0HA,Durham,AwaitingInspection,,FHRS,False,,,"RECREATION FIELD, LOW ETHERLEY, DL14 0HA"
2026-09-29,1992321,GMZS SEAHAM LIMITED (Food),Takeaway/sandwich shop,,,,,,Durham,AwaitingInspection,,FHRS,False,,,
2026-09-29,1992236,Happy Panda,Takeaway/sandwich shop,3 BRIDGE END,,CHESTER-LE-STREET,,DH3 3RE,Durham,3,2026-03-02,FHRS,False,,,"3 BRIDGE END, CHESTER-LE-STREET, DH3 3RE"
2026-09-29,1992233,Harvey's Fish Bar,Takeaway/sandwich shop,OLD CO OP BUILDINGS FRONT STREET,,BURNOPFIELD,United Kingdom,NE16 6LX,Durham,3,2026-01-20,FHRS,False,,,"OLD CO OP BUILDINGS FRONT STREET, BURNOPFIELD, United Kingdom, NE16 6LX"
2026-09-29,1992243,Indian Chef,Takeaway/sandwich shop,20 FRONT STREET,,LANCHESTER,,DH7 0ER,Durham,2,2026-03-10,FHRS,False,,,"20 FRONT STREET, LANCHESTER, DH7 0ER"
2026-09-29,1992279,La Vera Pizza 2,Takeaway/sandwich shop,2 SOUTH TERRACE,,SEAHAM,,SR7 7HN,Durham,AwaitingInspection,,FHRS,False,,,"2 SOUTH TERRACE, SEAHAM, SR7 7HN"
2026-09-29,1992230,Langley Park Fish Shop,Takeaway/sandwich shop,9 QUEBEC STREET,,LANGLEY PARK,,DH7 9XA,Durham,4,2026-03-24,FHRS,False,,,"9 QUEBEC STREET, LANGLEY PARK, DH7 9XA"
2026-09-29,1992199,Laura's Deli Leadgate Ltd,Takeaway/sandwich shop,2 OLD CO-OP BUILDINGS WEST PARADE,,LEADGATE,,DH8 7PJ,Durham,4,2025-05-28,FHRS,False,,,"2 OLD CO-OP BUILDINGS WEST PARADE, LEADGATE, DH8 7PJ"
2026-09-29,1992284,Lisa Buffet,Takeaway/sandwich shop,28 WOODLANDS AVENUE,,WHEATLEY HILL,,DH6 3LG,Durham,5,2026-03-03,FHRS,False,,,"28 WOODLANDS AVENUE, WHEATLEY HILL, DH6 3LG"
2026-09-29,1992269,Memories of India,Takeaway/sandwich shop,3 PELAW BANK,,CHESTER-LE-STREET,,DH3 3TJ,Durham,AwaitingInspection,,FHRS,False,,,"3 PELAW BANK, CHESTER-LE-STREET, DH3 3TJ"
2026-09-29,1992250,Oregano,Takeaway/sandwich shop,56 AMBLESIDE AVENUE,,SEAHAM,,SR7 0HY,Durham,1,2026-06-17,FHRS,False,,,"56 AMBLESIDE AVENUE, SEAHAM, SR7 0HY"
2026-09-29,1992210,Pelton Delight,Takeaway/sandwich shop,16A FRONT STREET,,PELTON,,DH2 1DD,Durham,5,2026-07-29,FHRS,False,,,"16A FRONT STREET, PELTON, DH2 1DD"
2026-09-29,1992203,Pizza Oven 2,Takeaway/sandwich shop,UNITS 5 TO 6 KINGFISHER INDUSTRIAL ESTATE KINGFISHER INDUSTRIAL ESTATE,,SEAHAM,,SR7 0AY,Durham,3,2025-10-14,FHRS,False,,,"UNITS 5 TO 6 KINGFISHER INDUSTRIAL ESTATE KINGFISHER INDUSTRIAL ESTATE, SEAHAM, SR7 0AY"
2026-09-29,1992285,Pizza Time,Takeaway/sandwich shop,1 DARLINGTON ROAD,,FERRYHILL,,DL17 8JP,Durham,AwaitingInspection,,FHRS,False,,,"1 DARLINGTON ROAD, FERRYHILL, DL17 8JP"
2026-09-29,1992271,Roots of India,Takeaway/sandwich shop,31 FRONT STREET,,STANHOPE,,DL13 2TS,Durham,AwaitingInspection,,FHRS,False,,,"31 FRONT STREET, STANHOPE, DL13 2TS"
2026-09-29,1992290,Simply Smash Burgers,Takeaway/sandwich shop,Unit 4 58-62 North Road,,Durham,,DH1 4SE,Durham,AwaitingInspection,,FHRS,True,,,"Unit 4 58-62 North Road, Durham, DH1 4SE"
2026-09-29,1992218,Smashburg / Thunderbird / Pizza Corner / King Doner,Takeaway/sandwich shop,18A NORTH ROAD,,DURHAM,,DH1 4SQ,Durham,3,2025-12-09,FHRS,False,,,"18A NORTH ROAD, DURHAM, DH1 4SQ"
2026-09-29,1992313,Stone Fired,Takeaway/sandwich shop,Unit 2B Howletch Lane,,Peterlee,United Kingdom,SR8 2BL,Durham,AwaitingInspection,,FHRS,False,,,"Unit 2B Howletch Lane, Peterlee, United Kingdom, SR8 2BL"
2026-09-29,1992245,Subway,Takeaway/sandwich shop,10 NORTH ROAD,,DURHAM,,DH1 4SH,Durham,5,2026-04-01,FHRS,False,,,"10 NORTH ROAD, DURHAM, DH1 4SH"
2026-09-29,1992289,Supreme Takeaway,Takeaway/sandwich shop,SUPREME TAKEAWAY 40A FRONT STREET,,CONSETT,,DH8 5AQ,Durham,AwaitingInspection,,FHRS,True,,,"SUPREME TAKEAWAY 40A FRONT STREET, CONSETT, DH8 5AQ"
2026-09-29,1992322,THE COD FRY,Takeaway/sandwich shop,20 HOPE STREET,,CROOK,,DL15 9HS,Durham,AwaitingInspection,,FHRS,False,,,"20 HOPE STREET, CROOK, DL15 9HS"
2026-09-29,1992227,Tindale Deli,Takeaway/sandwich shop,WORKING MENS CLUB AND INSTITUTE TINDALE CRESCENT,,BISHOP AUCKLAND,,DL14 9SS,Durham,5,2025-12-18,FHRS,False,,,"WORKING MENS CLUB AND INSTITUTE TINDALE CRESCENT, BISHOP AUCKLAND, DL14 9SS"
2026-09-29,1992228,UK's Pizzeria,Takeaway/sandwich shop,7 COMMERCIAL STREET,,CROOK,,DL15 9HP,Durham,3,2026-03-03,FHRS,False,,,"7 COMMERCIAL STREET, CROOK, DL15 9HP"
2026-09-29,1992311,Woodham Pizza,Takeaway/sandwich shop,7 ST ELIZABETHS CLOSE,,NEWTON AYCLIFFE,,DL5 4UE,Durham,AwaitingInspection,,FHRS,False,,,"7 ST ELIZABETHS CLOSE, NEWTON AYCLIFFE, DL5 4UE"
2026-09-29,1992249,York Road Fisheries,Takeaway/sandwich shop,50 YORK ROAD,,PETERLEE,,SR8 2DP,Durham,5,2026-04-09,FHRS,False,,,"50 YORK ROAD, PETERLEE, SR8 2DP"
2026-09-29,1989249,Amy's Treat Cubby,Takeaway/sandwich shop,42 High Street,Burton upon Trent,,,DE14 1JS,East Staffordshire,AwaitingInspection,,FHRS,False,52.8034186,-1.6295105,"42 High Street, Burton upon Trent, DE14 1JS"
2026-09-29,1989937,Brownhills Desserts / Sprinkle Street,Takeaway/sandwich shop,BELLA DESSERTS LTD,1 Church Road,Brownhills,Walsall,WS8 6AA,Walsall,5,2026-09-15,FHRS,False,52.6474453,-1.93324,"BELLA DESSERTS LTD, 1 Church Road, Brownhills, Walsall, WS8 6AA"
2026-09-29,1989920,Caspian Pizza,Takeaway/sandwich shop,39 Rough Hay Road,Darlaston,Walsall,West Midlands,WS10 8NQ,Walsall,5,2026-09-15,FHRS,False,52.572568,-2.042701,"39 Rough Hay Road, Darlaston, Walsall, West Midlands, WS10 8NQ"
2026-09-29,1989930,Fancy Pizza,Takeaway/sandwich shop,553 Bloxwich Road,Walsall,West Midlands,,WS3 2XD,Walsall,AwaitingInspection,,FHRS,False,52.606171,-1.993001,"553 Bloxwich Road, Walsall, West Midlands, WS3 2XD"
2026-09-29,1989933,NIJA Ltd,Takeaway/sandwich shop,Unit 1,Bentley Lane Industrial Park,Bentley Lane,Walsall,WS2 8TL,Walsall,AwaitingInspection,,FHRS,False,52.5925979,-2.0087391,"Unit 1, Bentley Lane Industrial Park, Bentley Lane, Walsall, WS2 8TL"
2026-09-29,1989936,Pan & Edge,Takeaway/sandwich shop,70A Stafford Street,Willenhall,Walsall,West Midlands,WV13 1RT,Walsall,AwaitingInspection,,FHRS,False,52.5859478,-2.056554,"70A Stafford Street, Willenhall, Walsall, West Midlands, WV13 1RT"
2026-09-29,1989927,Seagull Fish Bar,Takeaway/sandwich shop,3 Chestnut Road,Bloxwich,Walsall,West Midlands,WS3 1BB,Walsall,AwaitingInspection,,FHRS,False,52.608426,-1.984938,"3 Chestnut Road, Bloxwich, Walsall, West Midlands, WS3 1BB"
2026-09-29,1991454,Madeley Chinese,Takeaway/sandwich shop,35 High Street,Madeley,Telford,Shropshire,TF7 5AS,Telford and Wrekin Council,5,2026-09-23,FHRS,False,52.637095,-2.445034,"35 High Street, Madeley, Telford, Shropshire, TF7 5AS"
2026-09-29,1989386,Hot Food Takeaway,Takeaway/sandwich shop,52 Rodney Street,Edinburgh,,,EH7 4DX,Edinburgh (City of),Awaiting Inspection,2026-09-18,FHIS,False,55.961992,-3.195173,"52 Rodney Street, Edinburgh, EH7 4DX"
2026-09-29,1989387,RG August,Takeaway/sandwich shop,14 Calder Park,Edinburgh,,,EH11 4JN,Edinburgh (City of),Awaiting Inspection,2026-09-18,FHIS,False,55.919752,-3.2950791,"14 Calder Park, Edinburgh, EH11 4JN"
2026-09-29,1989379,Toscanino,Takeaway/sandwich shop,30 Forrest Road,Edinburgh,,,EH1 2QN,Edinburgh (City of),Awaiting Inspection,2026-09-16,FHIS,False,55.9455408,-3.1909334,"30 Forrest Road, Edinburgh, EH1 2QN"
2026-09-29,1989372,Uwagboe’s Kitchen & Grill,Takeaway/sandwich shop,57a Frederick Street,Edinburgh,,,EH2 1LH,Edinburgh (City of),Awaiting Inspection,2026-09-14,FHIS,False,55.954102,-3.200711,"57a Frederick Street, Edinburgh, EH2 1LH"
2026-09-29,1989363,Detroit Crusts,Takeaway/sandwich shop,19 Fenwick Road,Giffnock,,East Renfrewshire,G46 6AU,East Renfrewshire,Awaiting Inspection,2026-09-16,FHIS,False,55.812382,-4.2918343,"19 Fenwick Road, Giffnock, East Renfrewshire, G46 6AU"
2026-09-29,1989364,Three In One Plus,Takeaway/sandwich shop,232 Ayr Road,Newton Mearns,,East Renfrewshire,G77 6AA,East Renfrewshire,Awaiting Inspection,2026-09-16,FHIS,False,55.772866,-4.3323098,"232 Ayr Road, Newton Mearns, East Renfrewshire, G77 6AA"
2026-09-29,1990308,The Curry Pot,Takeaway/sandwich shop,241 Aldermoor Road,Southampton,,,SO16 5NU,Southampton,AwaitingInspection,,FHRS,False,50.940746,-1.429841,"241 Aldermoor Road, Southampton, SO16 5NU"
2026-09-29,1992011,GG'S PIZZA BOX,Takeaway/sandwich shop,Public House The Vine 33 High Street,,Buckden,Cambridgeshire,PE19 5XA,Huntingdonshire,AwaitingInspection,,FHRS,False,,,"Public House The Vine 33 High Street, Buckden, Cambridgeshire, PE19 5XA"
2026-09-29,1992012,Scrummies Ltd,Takeaway/sandwich shop,Ross Bungalow Somersham Road Farm Somersham Road,,St Ives,Cambridgeshire,PE27 3LY,Huntingdonshire,AwaitingInspection,,FHRS,False,,,"Ross Bungalow Somersham Road Farm Somersham Road, St Ives, Cambridgeshire, PE27 3LY"
2026-09-29,1992001,The Tackle Cabin,Takeaway/sandwich shop,56B High Street,,St Neots,Cambridgeshire,PE19 1JG,Huntingdonshire,AwaitingInspection,,FHRS,False,,,"56B High Street, St Neots, Cambridgeshire, PE19 1JG"
2026-09-29,1990059,Prince Balti,Takeaway/sandwich shop,Prince Of Wales 87 Bridgend Road,Aberkenfig,Bridgend,,CF32 9BA,Bridgend,AwaitingInspection,,FHRS,False,51.540593,-3.5970165,"Prince Of Wales 87 Bridgend Road, Aberkenfig, Bridgend, CF32 9BA"
2026-09-29,1990008,Daniel’s Hot Wok,Takeaway/sandwich shop,,97 Neilston Road,Paisley,Renfrewshire,PA2 6ES,Renfrewshire,Awaiting Inspection,,FHIS,False,55.833425,-4.422652,"97 Neilston Road, Paisley, Renfrewshire, PA2 6ES"
2026-09-29,192321,Nail Creation,Takeaway/sandwich shop,,48 Savile Street,Kingston Upon Hull,,HU1 3EA,Hull City,1,2015-08-11,FHRS,False,53.7445516,-0.3388623,"48 Savile Street, Kingston Upon Hull, HU1 3EA"
2026-09-29,1991641,Gourmet Coffee Bar & Kitchen,Takeaway/sandwich shop,Station Road,,Cambridge,,CB1 2JW,Cambridge City,5,2026-09-22,FHRS,False,52.19468395,0.13415695,"Station Road, Cambridge, CB1 2JW"
2026-09-29,1990059,Prince Balti,Takeaway/sandwich shop,Prince Of Wales 87 Bridgend Road,Aberkenfig,Bridgend,,CF32 9BA,Pen-y-bont ar Ogwr,AwaitingInspection,,FHRS,False,51.540593,-3.5970165,"Prince Of Wales 87 Bridgend Road, Aberkenfig, Bridgend, CF32 9BA"
2026-09-29,1989910,Chiko’s,Takeaway/sandwich shop,31 Sackville Road,,Bexhill,East Sussex,TN39 3JD,Rother,AwaitingInspection,,FHRS,False,50.8386781,0.4703311,"31 Sackville Road, Bexhill, East Sussex, TN39 3JD"
2026-09-29,1989260,Midnight Munchies,Takeaway/sandwich shop,29 Longlands Road,Middlesbrough,,,TS4 2JS,Middlesbrough,AwaitingInspection,,FHRS,False,54.5658525,-1.2206428,"29 Longlands Road, Middlesbrough, TS4 2JS"
2026-09-29,1989261,Poppys Deserts,Takeaway/sandwich shop,424 Marton Road,Middlesbrough,,,TS4 2PT,Middlesbrough,AwaitingInspection,,FHRS,False,54.557349,-1.222385,"424 Marton Road, Middlesbrough, TS4 2PT"
2026-09-29,1991246,Stack: Flaming Tattie,Takeaway/sandwich shop,Exchange Square,Middlesbrough,,,TS1 1DE,Middlesbrough,AwaitingInspection,,FHRS,False,54.57821725,-1.23239935,"Exchange Square, Middlesbrough, TS1 1DE"
2026-09-29,1990893,Golden Palace,Takeaway/sandwich shop,Golden Palace Chinese Take Away,295 Lowfield Street,Dartford,Kent,DA1 1LB,Dartford,AwaitingInspection,,FHRS,False,51.4355506896973,0.215437993407249,"Golden Palace Chinese Take Away, 295 Lowfield Street, Dartford, Kent, DA1 1LB"
2026-09-29,1988967,B Kitchen,Takeaway/sandwich shop,,Tesco Express (Hot counter) 179 Shoreditch High St London,Hackney,London,E1 6HP,Hackney,AwaitingInspection,,FHRS,False,,,"Tesco Express (Hot counter) 179 Shoreditch High St London, Hackney, London, E1 6HP"
2026-09-29,1988957,FUKO,Takeaway/sandwich shop,,Unit 55 Boxpark Retail Mall 2-10 Bethnal Green Road London,Hackney,London,E1 6GY,Hackney,AwaitingInspection,,FHRS,False,51.5234567,-0.0763167,"Unit 55 Boxpark Retail Mall 2-10 Bethnal Green Road London, Hackney, London, E1 6GY"
2026-09-29,1991449,Dharan momo station,Takeaway/sandwich shop,Unit 14,South Harrow Market Northolt Road Harrow Harrow,,,HA2 0EU,Harrow,AwaitingInspection,,FHRS,False,51.5651016,-0.3530113,"Unit 14, South Harrow Market Northolt Road Harrow Harrow, HA2 0EU"
2026-09-29,1992160,Blingz,Takeaway/sandwich shop,94A Smithdown Road,,Liverpool,,L7 4JQ,Liverpool,AwaitingInspection,,FHRS,False,,,"94A Smithdown Road, Liverpool, L7 4JQ"
2026-09-29,1992136,chilli flake world cuisine,Takeaway/sandwich shop,71 City Road,,Liverpool,,L4 5UN,Liverpool,AwaitingInspection,,FHRS,False,,,"71 City Road, Liverpool, L4 5UN"
2026-09-29,1992124,Dessert and milkshakes,Takeaway/sandwich shop,292 Park Road,,Liverpool,,,Liverpool,AwaitingInspection,,FHRS,False,,,"292 Park Road, Liverpool"
2026-09-29,1992140,Fire Kebabs,Takeaway/sandwich shop,481 Mill Street,,Liverpool,,L8 4RD,Liverpool,AwaitingInspection,,FHRS,False,,,"481 Mill Street, Liverpool, L8 4RD"
2026-09-29,1992144,Hang Fung,Takeaway/sandwich shop,266 Park Road,,Liverpool,,L8 4UE,Liverpool,1,2026-08-19,FHRS,False,,,"266 Park Road, Liverpool, L8 4UE"
2026-09-29,1992153,Hidden Flavors,Takeaway/sandwich shop,173 Park Road,,Liverpool,,L8 6SE,Liverpool,AwaitingInspection,,FHRS,False,,,"173 Park Road, Liverpool, L8 6SE"
2026-09-29,1992127,Jaison’s Kitchen,Takeaway/sandwich shop,145 Queens Drive,,Liverpool,,L4 6SG,Liverpool,AwaitingInspection,,FHRS,False,,,"145 Queens Drive, Liverpool, L4 6SG"
2026-09-29,1992139,Moonlight Takeaway,Takeaway/sandwich shop,197 Westminster Road,,Liverpool,,L4 4LR,Liverpool,AwaitingInspection,,FHRS,False,,,"197 Westminster Road, Liverpool, L4 4LR"
2026-09-29,1992122,Royal Pizza,Takeaway/sandwich shop,46 Landford Avenue,,Liverpool,,L9 6BR,Liverpool,AwaitingInspection,,FHRS,True,,,"46 Landford Avenue, Liverpool, L9 6BR"
2026-09-29,1992116,Safi's Desserts,Takeaway/sandwich shop,304 Park Road,,Liverpool,,L8 4QY,Liverpool,AwaitingInspection,,FHRS,False,,,"304 Park Road, Liverpool, L8 4QY"
2026-09-29,1990866,Food Stuff Shop,Takeaway/sandwich shop,19 - 21 Reliance Arcade,Brixton Road,London,,SW9 8JZ,Lambeth,AwaitingInspection,,FHRS,False,51.4619066,-0.1143158,"19 - 21 Reliance Arcade, Brixton Road, London, SW9 8JZ"
2026-09-29,1989403,Fresha Bakery,Takeaway/sandwich shop,110 Norwood High Street,London,,,SE27 9NH,Lambeth,AwaitingInspection,,FHRS,True,51.428254,-0.100808,"110 Norwood High Street, London, SE27 9NH"
2026-09-29,1884242,Pierogi Company,Takeaway/sandwich shop,58 Brixton Road,London,,,SW9 6BS,Lambeth,5,2025-12-12,FHRS,False,51.4790394,-0.1121838,"58 Brixton Road, London, SW9 6BS"
2026-09-29,1990867,Sara Coffee Juice Bar,Takeaway/sandwich shop,Unit 111,Granville Arcade,Coldharbour Lane,London,SW9 8PS,Lambeth,AwaitingInspection,,FHRS,False,51.4626312255859,-0.111818999052048,"Unit 111, Granville Arcade, Coldharbour Lane, London, SW9 8PS"
2026-09-29,1990862,Zata,Takeaway/sandwich shop,25 Mitcham Lane,London,,,SW16 6LQ,Lambeth,AwaitingInspection,,FHRS,False,51.4277465,-0.1330707,"25 Mitcham Lane, London, SW16 6LQ"
2026-09-29,1991596,Martyrs Fish Bar,Takeaway/sandwich shop,Street Record Roberts Avenue,Penydarren,Merthyr Tydfil,,,Merthyr Tydfil,AwaitingInspection,,FHRS,False,51.7648478655222,-3.36878604031478,"Street Record Roberts Avenue, Penydarren, Merthyr Tydfil"
2026-09-29,1988981,Safs Takeaway,Takeaway/sandwich shop,SAFS Takeaway,57 High Street,Studley,,B80 7HN,Stratford-on-Avon,AwaitingInspection,,FHRS,False,52.2731768,-1.8965382,"SAFS Takeaway, 57 High Street, Studley, B80 7HN"
2026-09-29,1970001,Cegin Teifi Community Fridge,Takeaway/sandwich shop,Cardigan Guildhall Market Guildhall Pendre,,Cardigan,Ceredigion,SA43 1JL,Ceredigion,5,2026-09-11,FHRS,False,52.084404,-4.660767,"Cardigan Guildhall Market Guildhall Pendre, Cardigan, Ceredigion, SA43 1JL"
2026-09-29,1750649,Pizza & Chicken King,Takeaway/sandwich shop,2 South Street,,Deal,Kent,CT14 7AW,Dover,AwaitingInspection,,FHRS,True,51.2221496,1.4031469,"2 South Street, Deal, Kent, CT14 7AW"
2026-09-29,1989876,Pizza gogo dover,Takeaway/sandwich shop,21 High Street,,Dover,,CT16 1EB,Dover,AwaitingInspection,,FHRS,False,51.1288019,1.307162,"21 High Street, Dover, CT16 1EB"
2026-09-29,1988887,Baci Fresca,Takeaway/sandwich shop,Market Place,Glossop,Derbyshire,,SK13 8AR,High Peak,AwaitingInspection,,FHRS,False,53.4429779052734,-1.95073199272156,"Market Place, Glossop, Derbyshire, SK13 8AR"
2026-09-29,1992094,BOSS PIZZA,Takeaway/sandwich shop,,Unit 5 Greenfern Place,,,,Aberdeen City,Awaiting Inspection,1999-04-01,FHIS,False,,,Unit 5 Greenfern Place
2026-09-29,1989276,BYRON FAST FOODS,Takeaway/sandwich shop,,14 Byron Square,Aberdeen,Aberdeen City,AB16 7LL,Aberdeen City,Awaiting Inspection,1999-04-01,FHIS,False,57.1651457,-2.1617271,"14 Byron Square, Aberdeen, Aberdeen City, AB16 7LL"
2026-09-29,1989275,CURRY STREET,Takeaway/sandwich shop,,3 Ashvale Place,Aberdeen,,AB10 6QD,Aberdeen City,Awaiting Inspection,1999-04-01,FHIS,False,57.140913,-2.114098,"3 Ashvale Place, Aberdeen, AB10 6QD"
2026-09-29,1989283,NORTHFIELD CHINESE,Takeaway/sandwich shop,,Unit 9,8 Byron Square,Aberdeen,AB16 7LL,Aberdeen City,Improvement Required,2026-08-19,FHIS,False,57.1652167,-2.1623557,"Unit 9, 8 Byron Square, Aberdeen, AB16 7LL"
2026-09-29,1992098,SOFT KITCHEN,Takeaway/sandwich shop,,156 Oscar Road,Torry,Aberdeen,AB11 8EJ,Aberdeen City,Awaiting Inspection,1999-04-01,FHIS,False,,,"156 Oscar Road, Torry, Aberdeen, AB11 8EJ"
2026-09-29,1992101,THAI NA TAKEAWAY,Takeaway/sandwich shop,,259 Holburn Street Aberdeen,,,AB10 7FL,Aberdeen City,Awaiting Inspection,1999-04-01,FHIS,False,,,"259 Holburn Street Aberdeen, AB10 7FL"
2026-09-29,1992099,THE BREAD GUYS BAKERY,Takeaway/sandwich shop,,51 Victoria Road Torry,,,AB11 9LS,Aberdeen City,Awaiting Inspection,1999-04-01,FHIS,False,,,"51 Victoria Road Torry, AB11 9LS"
2026-09-29,1989274,UPPERKRUST BY VIP PATISSERIE,Takeaway/sandwich shop,,44-46 Upperkirkgate,Aberdeen,Aberdeen City,AB10 1BA,Aberdeen City,Pass,2026-09-02,FHIS,False,57.1485881,-2.0988837,"44-46 Upperkirkgate, Aberdeen, Aberdeen City, AB10 1BA"
2026-09-29,1988706,Bridgend Subway,Takeaway/sandwich shop,Bridgend Filling Station Freuchie Cupar Fife,,,,KY15 7HY,Fife,Pass,2026-09-10,FHIS,False,,,"Bridgend Filling Station Freuchie Cupar Fife, KY15 7HY"
2026-09-29,1992188,Leven Putting Green,Takeaway/sandwich shop,Promenade P C Promenade Leven Fife,,,,KY8 4HZ,Fife,Pass,2026-09-25,FHIS,False,,,"Promenade P C Promenade Leven Fife, KY8 4HZ"
2026-09-29,129485,The Pizza Place,Takeaway/sandwich shop,11 Pilmuir Street Dunfermline Fife,,,,KY12 7AJ,Fife,Awaiting Inspection,2026-09-16,FHIS,False,56.072958,-3.460953,"11 Pilmuir Street Dunfermline Fife, KY12 7AJ"
2026-09-29,1990661,Ampthill Charcoal Grill,Takeaway/sandwich shop,111 Dunstable Street,Ampthill,Bedford,,MK45 2NG,Central Bedfordshire,AwaitingInspection,,FHRS,False,52.030753,-0.493355,"111 Dunstable Street, Ampthill, Bedford, MK45 2NG"
2026-09-29,1990669,Marston Kebab,Takeaway/sandwich shop,67B Bedford Road,Marston Moreteyne,Bedford,,MK43 0LA,Central Bedfordshire,AwaitingInspection,,FHRS,False,52.0632132,-0.5482097,"67B Bedford Road, Marston Moreteyne, Bedford, MK43 0LA"
2026-09-29,1991867,fancy grill,Takeaway/sandwich shop,258 Grand Drive,,Raynes Park,Merton,SW20 9NE,Merton,AwaitingInspection,,FHRS,False,51.3945872,-0.2250433,"258 Grand Drive, Raynes Park, Merton, SW20 9NE"
2026-09-29,1990350,Belmont Balti House,Takeaway/sandwich shop,3 Belmont Road,Erith,Kent,,DA8 1JY,Bexley,AwaitingInspection,,FHRS,False,51.472194,0.157412,"3 Belmont Road, Erith, Kent, DA8 1JY"
2026-09-29,1991218,Supparnos,Takeaway/sandwich shop,Unit 16 Happyhillock Shopping Centre,Happyhillock Road,Dundee,,DD4 8LS,Dundee City,Awaiting Inspection,2018-06-25,FHIS,False,56.4815696,-2.9288704,"Unit 16 Happyhillock Shopping Centre, Happyhillock Road, Dundee, DD4 8LS"
2026-09-29,1988800,Bite & Bliss,Takeaway/sandwich shop,West Main Street,,Armadale,,EH48 3JA,West Lothian,Awaiting Inspection,2026-09-15,FHIS,False,,,"West Main Street, Armadale, EH48 3JA"
2026-09-29,588364,Flayva,Takeaway/sandwich shop,East Main Street,,Broxburn,,EH52 5AE,West Lothian,Awaiting Inspection,2026-08-25,FHIS,False,55.93426408,-3.4700276,"East Main Street, Broxburn, EH52 5AE"
2026-09-29,1988799,Kitchen Table,Takeaway/sandwich shop,Kirkton North Road,Livingston Village,Livingston,,EH54 6GU,West Lothian,Awaiting Inspection,2026-09-14,FHIS,False,,,"Kirkton North Road, Livingston Village, Livingston, EH54 6GU"
2026-09-29,1988790,Red Cap,Takeaway/sandwich shop,Uphall Station Road,,Pumpherston,,EH53 0NU,West Lothian,Awaiting Inspection,2026-08-10,FHIS,False,55.9087961,-3.49483595,"Uphall Station Road, Pumpherston, EH53 0NU"
2026-09-29,1988794,Sky Kitchen,Takeaway/sandwich shop,Main Street,,East Calder,,EH53 0ET,West Lothian,Awaiting Inspection,2026-08-19,FHIS,False,,,"Main Street, East Calder, EH53 0ET"
2026-09-29,1988788,Taste takeaway,Takeaway/sandwich shop,Market Place,,Whitburn,,EH47 0EU,West Lothian,Awaiting Inspection,2026-08-04,FHIS,False,,,"Market Place, Whitburn, EH47 0EU"
2026-09-29,1988793,Zagros Shawarma,Takeaway/sandwich shop,West Main Street,,Whitburn,,EH47 0QB,West Lothian,Awaiting Inspection,2026-08-17,FHIS,False,55.86359085,-3.7054313,"West Main Street, Whitburn, EH47 0QB"
2026-09-29,1991112,A1 Takeaway,Takeaway/sandwich shop,18 Warner Drive,Braintree,Essex,,CM7 2YW,Braintree,AwaitingInspection,,FHRS,False,51.8834265,0.534495,"18 Warner Drive, Braintree, Essex, CM7 2YW"
2026-09-29,1990406,Braintree Dosa Corner,Takeaway/sandwich shop,12 Sandpit Lane,Braintree,Essex,,CM7 1LY,Braintree,AwaitingInspection,,FHRS,False,51.878195,0.549306,"12 Sandpit Lane, Braintree, Essex, CM7 1LY"
2026-09-29,1991108,Chunkys Takeaway,Takeaway/sandwich shop,124 High Street,Braintree,Essex,,CM7 1JZ,Braintree,AwaitingInspection,,FHRS,False,51.8777112,0.549218,"124 High Street, Braintree, Essex, CM7 1JZ"
2026-09-29,1991711,The Sandwich Box,Takeaway/sandwich shop,150 Connaught Avenue,Frinton On Sea,Essex,,CO13 9NE,Tendring,AwaitingInspection,,FHRS,False,51.837405,1.245083,"150 Connaught Avenue, Frinton On Sea, Essex, CO13 9NE"
2026-09-29,1990075,Feast On Fire,Takeaway/sandwich shop,129 North Road,,Cardiff,,CF14 3AD,Cardiff,AwaitingInspection,,FHRS,False,51.4978705,-3.1930846,"129 North Road, Cardiff, CF14 3AD"
2026-09-29,1990081,Kabab slemany,Takeaway/sandwich shop,44 Broadway,Adamsdown,Cardiff,,CF24 1NG,Cardiff,AwaitingInspection,,FHRS,False,51.4874958,-3.1569936,"44 Broadway, Adamsdown, Cardiff, CF24 1NG"
2026-09-29,1991916,THE CLOVES,Takeaway/sandwich shop,749 Newport Road,Llanrumney,Cardiff,,CF3 4AJ,Cardiff,AwaitingInspection,,FHRS,False,51.5084004,-3.1332012,"749 Newport Road, Llanrumney, Cardiff, CF3 4AJ"
2026-09-29,1748042,Canatelz,Takeaway/sandwich shop,Canatelz,,Deal Porter Square,London,SE16 7AR,Southwark,AwaitingInspection,,FHRS,False,,,"Canatelz, Deal Porter Square, London, SE16 7AR"
2026-09-29,1970001,Cegin Teifi Community Fridge,Takeaway/sandwich shop,Cardigan Guildhall Market Guildhall Pendre,,Cardigan,Ceredigion,SA43 1JL,Ceredigion,5,2026-09-11,FHRS,False,52.084404,-4.660767,"Cardigan Guildhall Market Guildhall Pendre, Cardigan, Ceredigion, SA43 1JL"
2026-09-29,1991488,Mary Sophia,Takeaway/sandwich shop,17 Fisher Street,,Lewes,East Sussex,BN7 2DG,Lewes,AwaitingInspection,,FHRS,False,50.8742411,0.0097374,"17 Fisher Street, Lewes, East Sussex, BN7 2DG"
2026-09-29,1990687,Dixy Chicken,Takeaway/sandwich shop,82 High Street East,Wallsend,Tyne And Wear,,NE28 7RH,North Tyneside,AwaitingInspection,,FHRS,True,54.991583,-1.529741,"82 High Street East, Wallsend, Tyne And Wear, NE28 7RH"
2026-09-29,1991493,Village Chippy,Takeaway/sandwich shop,,1 Auldton Terrace,Ashgill,Larkhall,ML9 3AG,South Lanarkshire,Awaiting Inspection,,FHIS,False,55.7282218933105,-3.93078207969666,"1 Auldton Terrace, Ashgill, Larkhall, ML9 3AG"
2026-09-29,461972,Seven Seas,Takeaway/sandwich shop,,184 Bawtry Road,Wickersley,Rotherham,S66 1AG,Rotherham,4,2024-06-06,FHRS,False,53.419947,-1.28746,"184 Bawtry Road, Wickersley, Rotherham, S66 1AG"
2026-09-29,285721,El Bakes,Takeaway/sandwich shop,4a Battle Hill,Hexham,Northumberland,,NE46 1BB,Northumberland,AwaitingInspection,,FHRS,False,54.969722,-2.101879,"4a Battle Hill, Hexham, Northumberland, NE46 1BB"
2026-09-29,1991424,Burger Bite,Takeaway/sandwich shop,,37a Wrawby Street,Brigg,North Lincolnshire,DN20 8BS,North Lincolnshire,AwaitingInspection,,FHRS,False,53.552121,-0.487709,"37a Wrawby Street, Brigg, North Lincolnshire, DN20 8BS"
2026-09-29,1991430,Spuds & Puds,Takeaway/sandwich shop,,22 Market Place,Brigg,North Lincolnshire,DN20 8LD,North Lincolnshire,AwaitingInspection,,FHRS,False,53.5518129,-0.4923278,"22 Market Place, Brigg, North Lincolnshire, DN20 8LD"
2026-09-29,1934853,New Beijing,Takeaway/sandwich shop,107 Poulton Street,,Kirkham,Lancashire,PR4 2AJ,Fylde,5,2026-02-05,FHRS,False,53.7818758,-2.8757835,"107 Poulton Street, Kirkham, Lancashire, PR4 2AJ"
2026-09-29,1934852,The Captains Table,Takeaway/sandwich shop,Chip Shop Newton Hall Holiday Centre Staining Road,,Staining,Lancashire,,Fylde,1,2025-10-30,FHRS,False,,,"Chip Shop Newton Hall Holiday Centre Staining Road, Staining, Lancashire"
2026-09-29,1990733,Spice Island,Takeaway/sandwich shop,44 Tan Lane,Stourport On Severn,Worcestershire,,DY13 8HD,Wyre Forest,AwaitingInspection,,FHRS,True,52.3422965,-2.2779038,"44 Tan Lane, Stourport On Severn, Worcestershire, DY13 8HD"
2026-09-29,1988843,The Bronx,Takeaway/sandwich shop,46 Mill Street,Kidderminster,Worcestershire,,DY11 6XB,Wyre Forest,AwaitingInspection,,FHRS,False,52.389333,-2.256569,"46 Mill Street, Kidderminster, Worcestershire, DY11 6XB"
2026-09-29,1991600,Prima Stella Cafe,Takeaway/sandwich shop,Purfleet Railway Station,London Road,Purfleet-on-thames,Essex,RM19 1PL,Thurrock,AwaitingInspection,,FHRS,False,,,"Purfleet Railway Station, London Road, Purfleet-on-thames, Essex, RM19 1PL"
2026-09-29,1991974,Thai Express,Takeaway/sandwich shop,Unit 431,Lakeside Shopping Centre,West Thurrock Way,West Thurrock,RM20 2ZJ,Thurrock,AwaitingInspection,,FHRS,False,,,"Unit 431, Lakeside Shopping Centre, West Thurrock Way, West Thurrock, RM20 2ZJ"
2026-09-29,1991973,Tropical Treasure's Caribbean Takeaway Ltd,Takeaway/sandwich shop,Tropical Treasures Caribbean Takeaway,164 Dock Road,Tilbury,Essex,RM18 7BS,Thurrock,AwaitingInspection,,FHRS,False,,,"Tropical Treasures Caribbean Takeaway, 164 Dock Road, Tilbury, Essex, RM18 7BS"
2026-09-30,1992705,PAPA JOHNS,Takeaway/sandwich shop,,125 Liverpool Road,Cross Heath,Newcastle Under Lyme,ST5 9ER,Newcastle-Under-Lyme,AwaitingInspection,,FHRS,True,53.018166,-2.230743,"125 Liverpool Road, Cross Heath, Newcastle Under Lyme, ST5 9ER"
2026-09-30,1992704,RED ROOSTER,Takeaway/sandwich shop,Unit 18 Berkeley Court,Borough Road,,Newcastle under Lyme,ST5 1TT,Newcastle-Under-Lyme,AwaitingInspection,,FHRS,False,53.0128125,-2.2203373,"Unit 18 Berkeley Court, Borough Road, Newcastle under Lyme, ST5 1TT"
2026-09-30,1992698,Bay Donerci,Takeaway/sandwich shop,124 Alexandra Park Road,Hornsey,London,,N10 2AH,Haringey,5,2026-09-11,FHRS,False,51.598551,-0.137607,"124 Alexandra Park Road, Hornsey, London, N10 2AH"
2026-09-30,1992901,Tucked Away Takeaway,Takeaway/sandwich shop,,,,,,Ashford,AwaitingInspection,,FHRS,False,,,
2026-09-30,1992703,Harry Ramsdens (trades Outside Frasers Plus),Takeaway/sandwich shop,Outside Kiosk,Great Western Outlet Village,1 - 144 Kemble Drive,Rodbourne,SN2 2DY,Swindon,AwaitingInspection,,FHRS,False,51.5625899,-1.798093,"Outside Kiosk, Great Western Outlet Village, 1 - 144 Kemble Drive, Rodbourne, SN2 2DY"
2026-09-30,318151,Paya,Takeaway/sandwich shop,22 Friern Barnet Road,LONDON,,,N11 1NA,Enfield,AwaitingInspection,,FHRS,True,,,"22 Friern Barnet Road, LONDON, N11 1NA"
2026-09-30,1992860,Chokri,Takeaway/sandwich shop,2B Station Road,,Northwich,Cheshire,CW9 5QY,Cheshire West and Chester,AwaitingInspection,,FHRS,True,53.2624447,-2.5034483,"2B Station Road, Northwich, Cheshire, CW9 5QY"
2026-09-30,1992867,Tigerbite Northwich,Takeaway/sandwich shop,39 Chester Road,,Northwich,Cheshire,CW8 1HA,Cheshire West and Chester,AwaitingInspection,,FHRS,False,53.2564069,-2.5230136,"39 Chester Road, Northwich, Cheshire, CW8 1HA"
2026-09-30,1992749,Bengal Kitchen,Takeaway/sandwich shop,2 Hutton Street,Gosforth,Newcastle Upon Tyne,,NE3 3XN,Newcastle Upon Tyne,AwaitingInspection,,FHRS,False,55.0091664,-1.6400949,"2 Hutton Street, Gosforth, Newcastle Upon Tyne, NE3 3XN"
2026-09-30,1957826,Churros Churreria,Takeaway/sandwich shop,Freight Island 54 Newgate Street,,Newcastle Upon Tyne,,NE1 5RQ,Newcastle Upon Tyne,5,2026-09-17,FHRS,False,,,"Freight Island 54 Newgate Street, Newcastle Upon Tyne, NE1 5RQ"
2026-09-30,1992742,NOODLES KING,Takeaway/sandwich shop,131 Fenham Hall Drive,,Newcastle Upon Tyne,,NE4 9XB,Newcastle Upon Tyne,AwaitingInspection,,FHRS,True,54.9837994,-1.6592438,"131 Fenham Hall Drive, Newcastle Upon Tyne, NE4 9XB"
2026-09-30,1992771,Fish And Chips,Takeaway/sandwich shop,,,,,,Leeds,AwaitingInspection,,FHRS,False,,,
2026-09-30,1992779,Gk SFC,Takeaway/sandwich shop,31 Hudson Road,Burmantofts,Leeds,,LS9 6EH,Leeds,AwaitingInspection,,FHRS,False,53.804401,-1.507861,"31 Hudson Road, Burmantofts, Leeds, LS9 6EH"
2026-09-30,1992773,Gyros House,Takeaway/sandwich shop,52B North Lane,Headingley,Leeds,,LS6 3HU,Leeds,AwaitingInspection,,FHRS,False,53.819933,-1.581501,"52B North Lane, Headingley, Leeds, LS6 3HU"
2026-09-30,1992759,Seth And Sons Lucianos Ltd,Takeaway/sandwich shop,25 Alexandra Road,Hyde Park,Leeds,,LS6 1QT,Leeds,AwaitingInspection,,FHRS,False,53.8074807,-1.5707409,"25 Alexandra Road, Hyde Park, Leeds, LS6 1QT"
2026-09-30,1992880,Curry Express,Takeaway/sandwich shop,53 Bancroft,,Hitchin,Hertfordshire,SG5 1LL,North Hertfordshire,AwaitingInspection,,FHRS,True,,,"53 Bancroft, Hitchin, Hertfordshire, SG5 1LL"
2026-09-30,1992875,Royal Fish & Kebab,Takeaway/sandwich shop,Royal Fish And Kebab,106 High Street,Aveley,Essex,RM15 4BX,Thurrock,AwaitingInspection,,FHRS,False,,,"Royal Fish And Kebab, 106 High Street, Aveley, Essex, RM15 4BX"
2026-09-30,1992876,Tanzee's,Takeaway/sandwich shop,123 Grove Road,Grays,Essex,,RM17 6LA,Thurrock,5,2026-09-12,FHRS,False,,,"123 Grove Road, Grays, Essex, RM17 6LA"
