date_added,FHRSID,BusinessName,BusinessType,AddressLine1,AddressLine2,AddressLine3,AddressLine4,PostCode,LocalAuthorityName,RatingValue,RatingDate,SchemeType,NewRatingPending,Latitude,Longitude,AddressSingleLine
2026-09-01,1983334,D'MUMBAI STATION KITCHEN AND BAR,Restaurant/Cafe/Canteen,D'Mumbai Station Kitchen and Bar,9 The Broadway,Southgate Circus,LONDON,N14 6PH,Enfield,AwaitingInspection,,FHRS,False,,,"D'Mumbai Station Kitchen and Bar, 9 The Broadway, Southgate Circus, LONDON, N14 6PH"
2026-09-01,214969,Starbucks Coffee Company (Alma Leisure),Restaurant/Cafe/Canteen,Unit 1,Alma Leisure Park,Derby Road,Chesterfield,S40 2EZ,Chesterfield,AwaitingInspection,,FHRS,False,,,"Unit 1, Alma Leisure Park, Derby Road, Chesterfield, S40 2EZ"
2026-09-02,1983358,Motor Express Cafe,Restaurant/Cafe/Canteen,Motorhog Ltd Bentley Moor Lane,Carcroft,Doncaster,,DN6 7BD,Doncaster,5,2026-08-20,FHRS,False,,,"Motorhog Ltd Bentley Moor Lane, Carcroft, Doncaster, DN6 7BD"
2026-09-02,1983357,Starbucks,Restaurant/Cafe/Canteen,Ogden Road Petrol Station Unit A Ogden Road,Wheatley Hills,Doncaster,,DN2 4SS,Doncaster,AwaitingInspection,,FHRS,False,,,"Ogden Road Petrol Station Unit A Ogden Road, Wheatley Hills, Doncaster, DN2 4SS"
2026-09-02,1983595,Basecamp,Restaurant/Cafe/Canteen,Colne Market Hall,22 Market Street,Colne,Lancashire,BB8 0HR,Pendle,AwaitingInspection,,FHRS,False,,,"Colne Market Hall, 22 Market Street, Colne, Lancashire, BB8 0HR"
2026-09-02,1983452,MARIE'S KITCHEN,Restaurant/Cafe/Canteen,,36 Bridge Street,Aberdeen,Aberdeen City,AB11 6JN,Aberdeen City,Awaiting Inspection,1999-04-01,FHIS,False,,,"36 Bridge Street, Aberdeen, Aberdeen City, AB11 6JN"
2026-09-02,1983444,NALAN'S HOMEFOOD,Restaurant/Cafe/Canteen,,28 Adephi Street,Aberdeen,,AB11 5BL,Aberdeen City,Awaiting Inspection,1999-04-01,FHIS,False,,,"28 Adephi Street, Aberdeen, AB11 5BL"
2026-09-02,1983454,ROSEMARY'S CUISINE,Restaurant/Cafe/Canteen,,169 George Street,Aberdeen,,AB25 3XP,Aberdeen City,Awaiting Inspection,1999-04-01,FHIS,False,,,"169 George Street, Aberdeen, AB25 3XP"
2026-09-02,1982872,Beam,Restaurant/Cafe/Canteen,Beam Units 2-4 Bldg G5,7-11 West Lane,London,,E22 3AA,Tower Hamlets,AwaitingInspection,,FHRS,False,,,"Beam Units 2-4 Bldg G5, 7-11 West Lane, London, E22 3AA"
2026-09-02,1967202,Danielle's Kitchen,Restaurant/Cafe/Canteen,The George Public House,114-114a Glengall Grove,London,,E14 3ND,Tower Hamlets,AwaitingInspection,,FHRS,False,,,"The George Public House, 114-114a Glengall Grove, London, E14 3ND"
2026-09-02,1982877,Eggslut,Restaurant/Cafe/Canteen,Unit 3,10 Stour Road,London,,E3 2NT,Tower Hamlets,5,2026-08-26,FHRS,False,,,"Unit 3, 10 Stour Road, London, E3 2NT"
2026-09-02,1594546,"Ja Bee, Formosa Canteen Taiwanese Comfort Food",Restaurant/Cafe/Canteen,,54 Middlesex Street,London,,E1 7EZ,Tower Hamlets,5,2026-08-18,FHRS,False,,,"54 Middlesex Street, London, E1 7EZ"
2026-09-02,1982882,Nasruz Boba,Restaurant/Cafe/Canteen,,811 Commercial Road,London,,E14 7HG,Tower Hamlets,AwaitingInspection,,FHRS,False,,,"811 Commercial Road, London, E14 7HG"
2026-09-02,1982874,Olenka Ukrainian Restaurant,Restaurant/Cafe/Canteen,,84 Brick Lane,London,,E1 6RL,Tower Hamlets,5,2025-09-03,FHRS,False,,,"84 Brick Lane, London, E1 6RL"
2026-09-02,1982878,Roastery Club,Restaurant/Cafe/Canteen,Unit 1,3 Leman Street,London,,E1 8EN,Tower Hamlets,5,2026-08-10,FHRS,False,,,"Unit 1, 3 Leman Street, London, E1 8EN"
2026-09-02,1982873,Slam Burger,Restaurant/Cafe/Canteen,,148 Bethnal Green Road,London,,E2 6DG,Tower Hamlets,5,2026-08-10,FHRS,False,,,"148 Bethnal Green Road, London, E2 6DG"
2026-09-02,1983858,Amber's Tea Rooms,Restaurant/Cafe/Canteen,5 Arcade,Accrington,Lancashire,,BB5 2EL,Hyndburn,AwaitingInspection,,FHRS,False,,,"5 Arcade, Accrington, Lancashire, BB5 2EL"
2026-09-02,1983863,Dog & Partridge,Restaurant/Cafe/Canteen,Back Lane,Accrington,Lancashire,,BB5 2RE,Hyndburn,AwaitingInspection,,FHRS,False,,,"Back Lane, Accrington, Lancashire, BB5 2RE"
2026-09-02,1983371,O'Connor's Bar & Bistro,Restaurant/Cafe/Canteen,Cabra,,Newry,,BT34 5EZ,"Newry, Mourne and Down",AwaitingInspection,,FHRS,False,,,"Cabra, Newry, BT34 5EZ"
2026-09-02,1983375,The Downshire Arms Hilltown,Restaurant/Cafe/Canteen,Hilltown,,Newry,,Bt345uh,"Newry, Mourne and Down",AwaitingInspection,,FHRS,False,,,"Hilltown, Newry, Bt345uh"
2026-09-02,1556732,Bar Aroma,Restaurant/Cafe/Canteen,240 Havant Road,Portsmouth,,,PO6 1PA,Portsmouth,3,2025-06-17,FHRS,False,,,"240 Havant Road, Portsmouth, PO6 1PA"
2026-09-02,1941504,Construction Catering (Solent) Ltd - Tipner East Development,Restaurant/Cafe/Canteen,,,,,,Portsmouth,5,2026-08-19,FHRS,False,,,
2026-09-02,1980727,HAVN,Restaurant/Cafe/Canteen,168 Fawcett Road,Southsea,,,PO4 0DW,Portsmouth,AwaitingInspection,,FHRS,False,,,"168 Fawcett Road, Southsea, PO4 0DW"
2026-09-02,1983866,Viet Pot & Bar,Restaurant/Cafe/Canteen,69 Castle Road,Southsea,,,PO5 3AY,Portsmouth,AwaitingInspection,,FHRS,False,,,"69 Castle Road, Southsea, PO5 3AY"
2026-09-02,1983529,Ariri Restaurant,Restaurant/Cafe/Canteen,29 Church Gate,Leicester,,,LE1 3AL,Leicester City,AwaitingInspection,,FHRS,False,,,"29 Church Gate, Leicester, LE1 3AL"
2026-09-02,1983510,BRIGHT PANIPURI LEICESTER LIMITED,Restaurant/Cafe/Canteen,328-330 Welford Road,Leicester,,,LE2 6EH,Leicester City,AwaitingInspection,,FHRS,False,,,"328-330 Welford Road, Leicester, LE2 6EH"
2026-09-02,1983501,Dipty Foods,Restaurant/Cafe/Canteen,2 Dorset Street,Leicester,,,LE4 6BE,Leicester City,AwaitingInspection,,FHRS,True,,,"2 Dorset Street, Leicester, LE4 6BE"
2026-09-02,1983500,Surati Eggs & Street Food,Restaurant/Cafe/Canteen,105 Melton Road,Leicester,,,LE4 6QS,Leicester City,AwaitingInspection,,FHRS,True,,,"105 Melton Road, Leicester, LE4 6QS"
2026-09-02,1983505,Yahya,Restaurant/Cafe/Canteen,48 Charles Street,Leicester,,,LE1 1FB,Leicester City,AwaitingInspection,,FHRS,True,,,"48 Charles Street, Leicester, LE1 1FB"
2026-09-02,1983457,The Hub @ Cantley,Restaurant/Cafe/Canteen,,Cantley Park Sports Pavilion,Twyford Road,Wokingham,RG40 5QG,Wokingham,5,2026-08-26,FHRS,False,,,"Cantley Park Sports Pavilion, Twyford Road, Wokingham, RG40 5QG"
2026-09-02,1983693,Cravix,Restaurant/Cafe/Canteen,,153 Wollaton Street,,Nottingham,NG1 5GE,Nottingham City,AwaitingInspection,,FHRS,False,,,"153 Wollaton Street, Nottingham, NG1 5GE"
2026-09-02,1983701,Tokki,Restaurant/Cafe/Canteen,,93-95 Upper Parliament Street,,Nottingham,NG1 6LA,Nottingham City,AwaitingInspection,,FHRS,False,,,"93-95 Upper Parliament Street, Nottingham, NG1 6LA"
2026-09-02,1983702,Zagros Restaurant,Restaurant/Cafe/Canteen,,5-7 Bentinck Road,,Nottingham,NG7 4AA,Nottingham City,AwaitingInspection,,FHRS,False,,,"5-7 Bentinck Road, Nottingham, NG7 4AA"
2026-09-02,1983495,Levant Kebab & Pizzeria,Restaurant/Cafe/Canteen,5 Upper Clifton Street Clifton Street,Adamsdown,Cardiff,,CF24 1PU,Cardiff,AwaitingInspection,,FHRS,False,,,"5 Upper Clifton Street Clifton Street, Adamsdown, Cardiff, CF24 1PU"
2026-09-02,124824,The Ganges Balti House,Restaurant/Cafe/Canteen,12 Market Square,,Bishops Castle,Shropshire,SY9 5BN,Shropshire,1,2026-07-21,FHRS,False,,,"12 Market Square, Bishops Castle, Shropshire, SY9 5BN"
2026-09-02,1983424,NAWAB LYMINGTON,Restaurant/Cafe/Canteen,113 HIGH STREET,LYMINGTON,,,SO41 9AP,New Forest,AwaitingInspection,,FHRS,False,,,"113 HIGH STREET, LYMINGTON, SO41 9AP"
2026-09-02,1983379,Trattoria Eva,Restaurant/Cafe/Canteen,22 High Street,Crediton,Devon,,EX17 3AH,Mid Devon,AwaitingInspection,,FHRS,False,,,"22 High Street, Crediton, Devon, EX17 3AH"
2026-09-02,1983561,Baked by Daria,Restaurant/Cafe/Canteen,106 CASTLE ROAD,,BEDFORD,,MK40 3QR,Bedford,AwaitingInspection,,FHRS,False,,,"106 CASTLE ROAD, BEDFORD, MK40 3QR"
2026-09-02,1983578,BEST KEBAB,Restaurant/Cafe/Canteen,100 BROMHAM ROAD,,BEDFORD,,MK40 2QH,Bedford,AwaitingInspection,,FHRS,False,,,"100 BROMHAM ROAD, BEDFORD, MK40 2QH"
2026-09-02,1983552,Chick.Hen Republic,Restaurant/Cafe/Canteen,67 COMMERCIAL ROAD,,BEDFORD,,MK40 1QS,Bedford,AwaitingInspection,,FHRS,False,,,"67 COMMERCIAL ROAD, BEDFORD, MK40 1QS"
2026-09-02,1983572,Cotton End Baptist Church,Restaurant/Cafe/Canteen,COTTON END BAPTIST CHURCH 49 HIGH ROAD,,COTTON END,,MK45 3AA,Bedford,AwaitingInspection,,FHRS,False,,,"COTTON END BAPTIST CHURCH 49 HIGH ROAD, COTTON END, MK45 3AA"
2026-09-02,1983590,Hibiscus Lounge,Restaurant/Cafe/Canteen,108 CASTLE ROAD,,BEDFORD,,MK40 3QR,Bedford,AwaitingInspection,,FHRS,False,,,"108 CASTLE ROAD, BEDFORD, MK40 3QR"
2026-09-02,1983798,Coffee Paws and More,Restaurant/Cafe/Canteen,Witham and Blues,Main Road,Langrick,Lincolnshire,PE22 7AJ,East Lindsey,5,2023-06-05,FHRS,False,,,"Witham and Blues, Main Road, Langrick, Lincolnshire, PE22 7AJ"
2026-09-02,1983806,Mill Cottage Gardens,Restaurant/Cafe/Canteen,,,,,,East Lindsey,5,2023-04-13,FHRS,False,,,
2026-09-02,1983841,The Beefy Boys,Restaurant/Cafe/Canteen,Unit 12,Higher Market Guildhall Shopping And Dining,Queen Street,Exeter,EX4 3HP,Exeter City,AwaitingInspection,,FHRS,False,,,"Unit 12, Higher Market Guildhall Shopping And Dining, Queen Street, Exeter, EX4 3HP"
2026-09-02,1983849,Forth Valley Recovery Community,Restaurant/Cafe/Canteen,Alloa Baptist Church,Ludgate,Alloa,Clackmannanshire,FK10 2DR,Clackmannanshire,Awaiting Inspection,,FHIS,False,,,"Alloa Baptist Church, Ludgate, Alloa, Clackmannanshire, FK10 2DR"
2026-09-02,1983848,Ochil View,Restaurant/Cafe/Canteen,Ochilvale Terrace,Fishcross,Clackmannanshire,,FK10 3HT,Clackmannanshire,Awaiting Inspection,,FHIS,False,,,"Ochilvale Terrace, Fishcross, Clackmannanshire, FK10 3HT"
2026-09-02,1983398,Lakeview Palace,Restaurant/Cafe/Canteen,Lake Meadows Park,Lake Avenue,Billericay,Essex,CM12 0AJ,Basildon,5,2026-08-25,FHRS,False,,,"Lake Meadows Park, Lake Avenue, Billericay, Essex, CM12 0AJ"
2026-09-02,1983495,Levant Kebab & Pizzeria,Restaurant/Cafe/Canteen,5 Upper Clifton Street Clifton Street,Adamsdown,Cardiff,,CF24 1PU,Caerdydd,AwaitingInspection,,FHRS,False,,,"5 Upper Clifton Street Clifton Street, Adamsdown, Cardiff, CF24 1PU"
2026-09-02,1983418,Littlehampton RFC,Restaurant/Cafe/Canteen,Changing Pavilion Benjamin Gray Drive,,Littlehampton,West Sussex,,Arun,AwaitingInspection,,FHRS,False,,,"Changing Pavilion Benjamin Gray Drive, Littlehampton, West Sussex"
2026-09-02,1983411,Optimus gyms ltd,Restaurant/Cafe/Canteen,Euro Services Factory Brookside Avenue,,Rustington,West Sussex,BN16 3LF,Arun,AwaitingInspection,,FHRS,False,,,"Euro Services Factory Brookside Avenue, Rustington, West Sussex, BN16 3LF"
2026-09-02,1983415,The sweethouse,Restaurant/Cafe/Canteen,8 High Street,,Bognor Regis,West Sussex,PO21 1SR,Arun,AwaitingInspection,,FHRS,False,,,"8 High Street, Bognor Regis, West Sussex, PO21 1SR"
2026-09-02,1983416,Windmill cafe,Restaurant/Cafe/Canteen,,,,,,Arun,AwaitingInspection,,FHRS,False,,,
2026-09-02,1983772,Bell & Grill,Restaurant/Cafe/Canteen,Bell And Grill,1 Albion Street,Cheltenham,Gloucestershire,GL52 2LH,Cheltenham,AwaitingInspection,,FHRS,False,,,"Bell And Grill, 1 Albion Street, Cheltenham, Gloucestershire, GL52 2LH"
2026-09-02,1983767,Savoy Di Roma,Restaurant/Cafe/Canteen,10 Cambray Place,Cheltenham,Gloucestershire,,,Cheltenham,AwaitingInspection,,FHRS,False,,,"10 Cambray Place, Cheltenham, Gloucestershire"
2026-09-02,1983779,Mila Cafe Harlow,Restaurant/Cafe/Canteen,D5,Harlow Business Centre,Lovet Road,Harlow,CM19 5AF,Harlow,AwaitingInspection,,FHRS,False,,,"D5, Harlow Business Centre, Lovet Road, Harlow, CM19 5AF"
2026-09-02,1983783,Pepe's Piri Piri - Harlow,Restaurant/Cafe/Canteen,30C Terminus Street,Harlow,Essex,,CM20 1EY,Harlow,AwaitingInspection,,FHRS,False,,,"30C Terminus Street, Harlow, Essex, CM20 1EY"
2026-09-02,1983617,Blank street uk limited,Restaurant/Cafe/Canteen,,109-111,Walworth Road,,SE1 6TE,Southwark,AwaitingInspection,,FHRS,False,,,"109-111, Walworth Road, SE1 6TE"
2026-09-02,801782,Costa azul,Restaurant/Cafe/Canteen,Unit 4 Railway Arch 102a,,Rockingham Street,London,SE1 6PG,Southwark,2,2019-09-26,FHRS,False,,,"Unit 4 Railway Arch 102a, Rockingham Street, London, SE1 6PG"
2026-09-02,1983612,Eat pnk,Restaurant/Cafe/Canteen,,304,Walworth Road,London,SE17 2TE,Southwark,AwaitingInspection,,FHRS,False,,,"304, Walworth Road, London, SE17 2TE"
2026-09-02,1983607,Five feet,Restaurant/Cafe/Canteen,Ground Floor,4,Tanner Street,London,SE1 3LD,Southwark,AwaitingInspection,,FHRS,False,,,"Ground Floor, 4, Tanner Street, London, SE1 3LD"
2026-09-02,1983610,Gallery cafe and the canteen,Restaurant/Cafe/Canteen,Dulwich Picture Gallery,,Gallery Road,London,SE21 7AD,Southwark,AwaitingInspection,,FHRS,False,,,"Dulwich Picture Gallery, Gallery Road, London, SE21 7AD"
2026-09-02,1983621,Jose y su sabor peruano,Restaurant/Cafe/Canteen,,73,Camberwell Road,London,SE5 0EZ,Southwark,AwaitingInspection,,FHRS,False,,,"73, Camberwell Road, London, SE5 0EZ"
2026-09-02,1983615,Kokura,Restaurant/Cafe/Canteen,,49,The Cut,London,SE1 8LF,Southwark,AwaitingInspection,,FHRS,False,,,"49, The Cut, London, SE1 8LF"
2026-09-02,1913541,Life nuture limited,Restaurant/Cafe/Canteen,,60,Camberwell Church Street,London,SE5 8QZ,Southwark,4,2026-07-24,FHRS,False,,,"60, Camberwell Church Street, London, SE5 8QZ"
2026-09-02,1983632,Phat bite tower bridge,Restaurant/Cafe/Canteen,,46,Tower Bridge Road,London,SE1 4TR,Southwark,AwaitingInspection,,FHRS,False,,,"46, Tower Bridge Road, London, SE1 4TR"
2026-09-02,1983614,The tin cafe,Restaurant/Cafe/Canteen,Biscuit Factory Business Complex,100,Drummond Road,London,SE16 4DG,Southwark,AwaitingInspection,,FHRS,False,,,"Biscuit Factory Business Complex, 100, Drummond Road, London, SE16 4DG"
2026-09-02,1983549,Brew Mo,Restaurant/Cafe/Canteen,13 St Bride Street,London,,,EC4A 4AS,City of London Corporation,AwaitingInspection,,FHRS,False,,,"13 St Bride Street, London, EC4A 4AS"
2026-09-02,1983546,Costa Coffee,Restaurant/Cafe/Canteen,134 Aldersgate Street,London,,,EC1A 4JA,City of London Corporation,AwaitingInspection,,FHRS,False,,,"134 Aldersgate Street, London, EC1A 4JA"
2026-09-02,1983547,Lexington @ Akin,Restaurant/Cafe/Canteen,155 Bishopsgate,London,,,EC2M 3TQ,City of London Corporation,AwaitingInspection,,FHRS,False,,,"155 Bishopsgate, London, EC2M 3TQ"
2026-09-02,1983438,Growing Space Vocational Barista Cart (within Cwmbran Library),Restaurant/Cafe/Canteen,Gwent House,35 Gwent Square,Cwmbran,,NP44 1PL,Torfaen,AwaitingInspection,,FHRS,False,,,"Gwent House, 35 Gwent Square, Cwmbran, NP44 1PL"
2026-09-02,1983874,J Dreams Cafe,Restaurant/Cafe/Canteen,within the carpark of Aldi Foodstore,Heywood Way,Salford,,M6 5UJ,Salford,5,2026-01-09,FHRS,False,,,"within the carpark of Aldi Foodstore, Heywood Way, Salford, M6 5UJ"
2026-09-02,1983388,Olive Herb Catering Ltd,Restaurant/Cafe/Canteen,Cardinal House Baldon Lane,Marsh Baldon,Oxford,,OX44 9LT,South Oxfordshire,AwaitingInspection,,FHRS,False,,,"Cardinal House Baldon Lane, Marsh Baldon, Oxford, OX44 9LT"
2026-09-02,1983385,Urban Baristas,Restaurant/Cafe/Canteen,5 Reading Road,,Henley-On-Thames,,RG9 1AB,South Oxfordshire,AwaitingInspection,,FHRS,False,,,"5 Reading Road, Henley-On-Thames, RG9 1AB"
2026-09-02,1983384,Widmore Park Ltd,Restaurant/Cafe/Canteen,Widmore Pare Blounts Court Road,Sonning Common,Reading,,RG4 9RS,South Oxfordshire,AwaitingInspection,,FHRS,False,,,"Widmore Pare Blounts Court Road, Sonning Common, Reading, RG4 9RS"
2026-09-02,1983738,Chatters Community Cafe,Restaurant/Cafe/Canteen,Needingworth Village Hall Overcote Lane,,Needingworth,Cambridgeshire,PE27 4TU,Huntingdonshire,AwaitingInspection,,FHRS,False,,,"Needingworth Village Hall Overcote Lane, Needingworth, Cambridgeshire, PE27 4TU"
2026-09-02,1983742,Greencafe,Restaurant/Cafe/Canteen,2 Harvard Way,Harvard Industrial Estate,Kimbolton,Cambridgeshire,PE28 0NJ,Huntingdonshire,AwaitingInspection,,FHRS,True,,,"2 Harvard Way, Harvard Industrial Estate, Kimbolton, Cambridgeshire, PE28 0NJ"
2026-09-02,1983741,The Cambridge Oven,Restaurant/Cafe/Canteen,18A Bridge Street,,St Ives,Cambridgeshire,PE27 5EG,Huntingdonshire,AwaitingInspection,,FHRS,False,,,"18A Bridge Street, St Ives, Cambridgeshire, PE27 5EG"
2026-09-02,1983542,Coffee Ore Tea ltd,Restaurant/Cafe/Canteen,Shop And Premises 378 Old London Road,,Hastings,East Sussex,TN35 5BB,Hastings,AwaitingInspection,,FHRS,False,,,"Shop And Premises 378 Old London Road, Hastings, East Sussex, TN35 5BB"
2026-09-02,1983540,Kiosk,Restaurant/Cafe/Canteen,Kiosk Opposite 32-35 Eversfield Place,,St Leonards-on-sea,East Sussex,,Hastings,AwaitingInspection,,FHRS,False,,,"Kiosk Opposite 32-35 Eversfield Place, St Leonards-on-sea, East Sussex"
2026-09-02,1983536,Parish Rooms,Restaurant/Cafe/Canteen,Parish Hall 177 Wishing Tree Road,,St Leonards-on-sea,East Sussex,TN38 9LD,Hastings,AwaitingInspection,,FHRS,False,,,"Parish Hall 177 Wishing Tree Road, St Leonards-on-sea, East Sussex, TN38 9LD"
2026-09-02,1983541,Studio Ninety Five Ltd,Restaurant/Cafe/Canteen,95 Norman Road,,St Leonards-on-sea,East Sussex,TN38 0EG,Hastings,AwaitingInspection,,FHRS,False,,,"95 Norman Road, St Leonards-on-sea, East Sussex, TN38 0EG"
2026-09-02,1983535,Yummy fashion,Restaurant/Cafe/Canteen,18 - 20 Wellington Place,,Hastings,East Sussex,TN34 1NY,Hastings,AwaitingInspection,,FHRS,False,,,"18 - 20 Wellington Place, Hastings, East Sussex, TN34 1NY"
2026-09-02,1983766,Caffeine Addict,Restaurant/Cafe/Canteen,Roomzzz Limited,10 Swinegate,Leeds,,LS1 4AG,Leeds,AwaitingInspection,,FHRS,False,,,"Roomzzz Limited, 10 Swinegate, Leeds, LS1 4AG"
2026-09-02,1983350,Root Cafe,Restaurant/Cafe/Canteen,Manor Farm Barns,Fox Road,Framingham Pigot,Norfolk,NR14 7PZ,South Norfolk,AwaitingInspection,,FHRS,False,,,"Manor Farm Barns, Fox Road, Framingham Pigot, Norfolk, NR14 7PZ"
2026-09-02,1983469,Char Bar & Grill,Restaurant/Cafe/Canteen,26 City Road,,Chester,Cheshire,CH1 3AE,Cheshire West and Chester,AwaitingInspection,,FHRS,False,,,"26 City Road, Chester, Cheshire, CH1 3AE"
2026-09-02,1983471,Joe & The Juice,Restaurant/Cafe/Canteen,30 Bridge Street,,Chester,Cheshire,CH1 1NQ,Cheshire West and Chester,AwaitingInspection,,FHRS,False,,,"30 Bridge Street, Chester, Cheshire, CH1 1NQ"
2026-09-02,1983479,The Chester Tandoori,Restaurant/Cafe/Canteen,39 - 45 Brook Street,,Chester,Cheshire,CH1 3DZ,Cheshire West and Chester,AwaitingInspection,,FHRS,False,,,"39 - 45 Brook Street, Chester, Cheshire, CH1 3DZ"
2026-09-02,1983642,Blend on the Broadway,Restaurant/Cafe/Canteen,,183 Lower Blandford Road,Poole,,BH18 8DH,"Bournemouth, Christchurch and Poole",AwaitingInspection,,FHRS,False,,,"183 Lower Blandford Road, Poole, BH18 8DH"
2026-09-02,342135,Churchill Cafe,Restaurant/Cafe/Canteen,,490-492 Wallisdown Road,Bournemouth,,BH11 8PU,"Bournemouth, Christchurch and Poole",AwaitingInspection,,FHRS,False,,,"490-492 Wallisdown Road, Bournemouth, BH11 8PU"
2026-09-02,1983671,Gio's Deli Bournemouth,Restaurant/Cafe/Canteen,The Chocolate Box Hotel,2 West Cliff Road,Bournemouth,,BH2 5EY,"Bournemouth, Christchurch and Poole",AwaitingInspection,,FHRS,False,,,"The Chocolate Box Hotel, 2 West Cliff Road, Bournemouth, BH2 5EY"
2026-09-02,1352256,Outlaw House Canford Cliffs,Restaurant/Cafe/Canteen,,47 Haven Road,Poole,,BH13 7LH,"Bournemouth, Christchurch and Poole",AwaitingInspection,,FHRS,False,,,"47 Haven Road, Poole, BH13 7LH"
2026-09-02,1983655,Roobidoos,Restaurant/Cafe/Canteen,,23 Bath Road,Bournemouth,,BH1 2NN,"Bournemouth, Christchurch and Poole",AwaitingInspection,,FHRS,False,,,"23 Bath Road, Bournemouth, BH1 2NN"
2026-09-02,1983665,Starbucks,Restaurant/Cafe/Canteen,Tower Park,Yarrow Road,Poole,,BH12 4NY,"Bournemouth, Christchurch and Poole",AwaitingInspection,,FHRS,False,,,"Tower Park, Yarrow Road, Poole, BH12 4NY"
2026-09-02,1983675,The Artful Salt Pig Limited,Restaurant/Cafe/Canteen,Lighthouse,21 Kingland Road,Poole,,BH15 1UG,"Bournemouth, Christchurch and Poole",AwaitingInspection,,FHRS,False,,,"Lighthouse, 21 Kingland Road, Poole, BH15 1UG"
2026-09-02,1983648,The Jerk Shak,Restaurant/Cafe/Canteen,,18a Bournemouth Road,Poole,,BH14 0ES,"Bournemouth, Christchurch and Poole",5,2026-07-17,FHRS,False,,,"18a Bournemouth Road, Poole, BH14 0ES"
2026-09-02,1983468,Tandoor And Tawa,Restaurant/Cafe/Canteen,57 - 59 Leicester Road,Wigston,Leicestershire,,LE18 1NR,Oadby and Wigston,AwaitingInspection,,FHRS,False,,,"57 - 59 Leicester Road, Wigston, Leicestershire, LE18 1NR"
2026-09-02,1926742,Zimflava Kitchen,Restaurant/Cafe/Canteen,,,,,,Oadby and Wigston,AwaitingInspection,,FHRS,False,,,
2026-09-02,1983680,Aroma Kitchen,Restaurant/Cafe/Canteen,106 High Street,Street,Somerset,,BA16 0EW,Somerset,AwaitingInspection,,FHRS,True,,,"106 High Street, Street, Somerset, BA16 0EW"
2026-09-02,1983682,boba & dessert,Restaurant/Cafe/Canteen,109 High Street,Street,Somerset,,BA16 0EY,Somerset,5,2026-08-13,FHRS,False,,,"109 High Street, Street, Somerset, BA16 0EY"
2026-09-02,1983679,"Fox & Kit, The Loft",Restaurant/Cafe/Canteen,Unit J19,Jenson Court,Jenson Avenue,Frome,BA11 2FQ,Somerset,5,2026-08-27,FHRS,False,,,"Unit J19, Jenson Court, Jenson Avenue, Frome, BA11 2FQ"
2026-09-02,1983677,Merlin Theatre Trust,Restaurant/Cafe/Canteen,Merlin Theatre,Bath Road,Frome,Somerset,BA11 2HG,Somerset,AwaitingInspection,,FHRS,True,,,"Merlin Theatre, Bath Road, Frome, Somerset, BA11 2HG"
2026-09-02,1983688,Saffron Indian,Restaurant/Cafe/Canteen,168-170 High Street,Street,Somerset,,BA16 0NH,Somerset,AwaitingInspection,,FHRS,True,,,"168-170 High Street, Street, Somerset, BA16 0NH"
2026-09-02,1983729,The Coffee Girl,Restaurant/Cafe/Canteen,,,,,,Scottish Borders,Pass,2026-08-20,FHIS,False,,,
2026-09-02,1983706,Padel Out Cafe,Restaurant/Cafe/Canteen,,1 Mercer Street,Preston,,PR214LQ,Preston,AwaitingInspection,,FHRS,False,,,"1 Mercer Street, Preston, PR214LQ"
2026-09-02,1983823,Lollipop Lane,Restaurant/Cafe/Canteen,Lollipop Lane Ltd Unit 5,,,Hemingbrough,YO8 6EL,North Yorkshire,AwaitingInspection,,FHRS,False,,,"Lollipop Lane Ltd Unit 5, Hemingbrough, YO8 6EL"
2026-09-02,1983830,Oakwood Cafe,Restaurant/Cafe/Canteen,Vale Of Pickering Caravan Park Allerston Lane,,,Pickering,YO18 7PQ,North Yorkshire,AwaitingInspection,,FHRS,False,,,"Vale Of Pickering Caravan Park Allerston Lane, Pickering, YO18 7PQ"
2026-09-02,1983838,The Estate Cafe and Catering,Restaurant/Cafe/Canteen,34 Racecourse Road,,,Richmond,DL10 4TG,North Yorkshire,AwaitingInspection,,FHRS,False,,,"34 Racecourse Road, Richmond, DL10 4TG"
2026-09-02,1983718,Brew And Browse (at Corner House Antiques),Restaurant/Cafe/Canteen,75-77 High Street,Shanklin,Isle Of Wight,,PO37 6NL,Isle of Wight,AwaitingInspection,,FHRS,False,,,"75-77 High Street, Shanklin, Isle Of Wight, PO37 6NL"
2026-09-02,1983716,Feed Your Head,Restaurant/Cafe/Canteen,6 Church Street,Ventnor,Isle Of Wight,,PO38 1SW,Isle of Wight,AwaitingInspection,,FHRS,False,,,"6 Church Street, Ventnor, Isle Of Wight, PO38 1SW"
2026-09-02,1881641,The Bath House,Restaurant/Cafe/Canteen,Former Public Convenience,Park Road,Cowes,Isle Of Wight,PO31 7LT,Isle of Wight,AwaitingInspection,,FHRS,False,,,"Former Public Convenience, Park Road, Cowes, Isle Of Wight, PO31 7LT"
2026-09-02,1983720,VB's Catering Ltd,Restaurant/Cafe/Canteen,114 Pyle Street,Newport,Isle Of Wight,,PO30 1XA,Isle of Wight,AwaitingInspection,,FHRS,False,,,"114 Pyle Street, Newport, Isle Of Wight, PO30 1XA"
2026-09-02,1983438,Growing Space Vocational Barista Cart (within Cwmbran Library),Restaurant/Cafe/Canteen,Gwent House,35 Gwent Square,Cwmbran,,NP44 1PL,Torfaen,AwaitingInspection,,FHRS,False,,,"Gwent House, 35 Gwent Square, Cwmbran, NP44 1PL"
2026-09-03,1984086,Salt & Croft,Restaurant/Cafe/Canteen,Castlebay,,Isle of Bara,,Hs9 5XD,Comhairle nan Eilean Siar (Western Isles),Pass,2026-08-13,FHIS,False,,,"Castlebay, Isle of Bara, Hs9 5XD"
2026-09-03,1984055,Taigh Sgire Sholais,Restaurant/Cafe/Canteen,,Sollas,Isle Of North Uist,,HS6 5BS,Comhairle nan Eilean Siar (Western Isles),Pass,2026-08-12,FHIS,False,,,"Sollas, Isle Of North Uist, HS6 5BS"
2026-09-03,1983921,Gather,Restaurant/Cafe/Canteen,Resound,Blackhorse Road,Mangotsfield,South Gloucestershire,BS16 9BP,South Gloucestershire,AwaitingInspection,,FHRS,False,,,"Resound, Blackhorse Road, Mangotsfield, South Gloucestershire, BS16 9BP"
2026-09-03,1984167,FactoruM Community CIC,Restaurant/Cafe/Canteen,THE OLD SILKWORKS FACTORY LANE,,WARMINSTER,,BA12 8LT,Wiltshire,AwaitingInspection,,FHRS,False,,,"THE OLD SILKWORKS FACTORY LANE, WARMINSTER, BA12 8LT"
2026-09-03,1984153,Iro sushi,Restaurant/Cafe/Canteen,29 NEW CANAL,,SALISBURY,,SP1 2AA,Wiltshire,AwaitingInspection,,FHRS,False,,,"29 NEW CANAL, SALISBURY, SP1 2AA"
2026-09-03,1984221,Open Doors Coffee Morning,Restaurant/Cafe/Canteen,15 ST MARGARETS STREET,,BRADFORD ON AVON,,BA15 1DA,Wiltshire,AwaitingInspection,,FHRS,False,,,"15 ST MARGARETS STREET, BRADFORD ON AVON, BA15 1DA"
2026-09-03,1984180,The Jolly Bean Play Cafe,Restaurant/Cafe/Canteen,36 THE NURSERY,,DEVIZES,,SN10 2AG,Wiltshire,AwaitingInspection,,FHRS,False,,,"36 THE NURSERY, DEVIZES, SN10 2AG"
2026-09-03,1984178,The Marlborough Playhouse,Restaurant/Cafe/Canteen,THE OLD CHAPEL THE PARADE,,MARLBOROUGH,,,Wiltshire,AwaitingInspection,,FHRS,False,,,"THE OLD CHAPEL THE PARADE, MARLBOROUGH"
2026-09-03,1984156,The Old Wharf Bakery LTD,Restaurant/Cafe/Canteen,2 THE OLD WHARF BUILDING FROME ROAD,,BRADFORD ON AVON,,BA15 1LE,Wiltshire,AwaitingInspection,,FHRS,False,,,"2 THE OLD WHARF BUILDING FROME ROAD, BRADFORD ON AVON, BA15 1LE"
2026-09-03,1359157,The Parade Cinema,Restaurant/Cafe/Canteen,THE PARADE CINEMA THE PARADE,,MARLBOROUGH,,,Wiltshire,Exempt,,FHRS,False,,,"THE PARADE CINEMA THE PARADE, MARLBOROUGH"
2026-09-03,1984216,The Patch in Potterne,Restaurant/Cafe/Canteen,THE OLD SCHOOL BLACKBERRY LANE,,POTTERNE,,SN10 5NZ,Wiltshire,AwaitingInspection,,FHRS,False,,,"THE OLD SCHOOL BLACKBERRY LANE, POTTERNE, SN10 5NZ"
2026-09-03,655375,The Pour House,Restaurant/Cafe/Canteen,28A ST JOHNS STREET,,DEVIZES,,SN10 1BN,Wiltshire,AwaitingInspection,,FHRS,False,,,"28A ST JOHNS STREET, DEVIZES, SN10 1BN"
2026-09-03,1984189,Wingers Swindon,Restaurant/Cafe/Canteen,UNIT 2A LYDIARD FIELDS GREAT WESTERN WAY,,SWINDON,,SN5 8UB,Wiltshire,AwaitingInspection,,FHRS,False,,,"UNIT 2A LYDIARD FIELDS GREAT WESTERN WAY, SWINDON, SN5 8UB"
2026-09-03,1984053,vicky's,Restaurant/Cafe/Canteen,Craigleith Drive Dundonald,,Belfast,,BT16 2QP,Lisburn and Castlereagh City,AwaitingInspection,,FHRS,False,,,"Craigleith Drive Dundonald, Belfast, BT16 2QP"
2026-09-03,1708133,The Cauldron Cafe Emporium,Restaurant/Cafe/Canteen,Caravan Site,Spelsbury Road,Charlbury,Oxfordshire,OX7 3LL,West Oxfordshire,5,2026-08-22,FHRS,False,,,"Caravan Site, Spelsbury Road, Charlbury, Oxfordshire, OX7 3LL"
2026-09-03,1983943,Annie's Pantry,Restaurant/Cafe/Canteen,,,,,,Lichfield,AwaitingInspection,,FHRS,False,,,
2026-09-03,1983935,Bake Me Happy,Restaurant/Cafe/Canteen,,,,,,Lichfield,AwaitingInspection,,FHRS,False,,,
2026-09-03,1983937,Becky's Kitchen,Restaurant/Cafe/Canteen,The Crown,The Square,Elford,Tamworth,B79 9DB,Lichfield,AwaitingInspection,,FHRS,False,,,"The Crown, The Square, Elford, Tamworth, B79 9DB"
2026-09-03,1983944,Burntwood Bakehouse,Restaurant/Cafe/Canteen,,,,,,Lichfield,AwaitingInspection,,FHRS,False,,,
2026-09-03,1983933,Cafe @ Collis,Restaurant/Cafe/Canteen,G E Collis & Sons,Queens Drive,Burntwood,Staffordshire,WS7 4QF,Lichfield,AwaitingInspection,,FHRS,False,,,"G E Collis & Sons, Queens Drive, Burntwood, Staffordshire, WS7 4QF"
2026-09-03,1983940,Dolce Momento,Restaurant/Cafe/Canteen,,,,,,Lichfield,AwaitingInspection,,FHRS,False,,,
2026-09-03,1983942,McDonalds Eastern Ave,Restaurant/Cafe/Canteen,McDonalds,Hermes Road,Lichfield Eastern Avenue,Lichfield,WS13 6RH,Lichfield,AwaitingInspection,,FHRS,False,,,"McDonalds, Hermes Road, Lichfield Eastern Avenue, Lichfield, WS13 6RH"
2026-09-03,1983960,The Boulevard,Restaurant/Cafe/Canteen,The Boulevard Leisure Centre,Bridge Road,Lowestoft,Suffolk,NR33 9JU,East Suffolk,AwaitingInspection,,FHRS,False,,,"The Boulevard Leisure Centre, Bridge Road, Lowestoft, Suffolk, NR33 9JU"
2026-09-03,1983962,The Old Bank Tearooms,Restaurant/Cafe/Canteen,8 Market Place,Bungay,Suffolk,,NR35 1AW,East Suffolk,AwaitingInspection,,FHRS,False,,,"8 Market Place, Bungay, Suffolk, NR35 1AW"
2026-09-03,1983961,Tide Bistro LTD,Restaurant/Cafe/Canteen,110 High Street,Aldeburgh,Suffolk,,IP15 5AB,East Suffolk,AwaitingInspection,,FHRS,False,,,"110 High Street, Aldeburgh, Suffolk, IP15 5AB"
2026-09-03,1984003,SHARE at Community Cafe,Restaurant/Cafe/Canteen,Owlsmoor Community Centre Yeovil Road,Owlsmoor,Sandhurst,Bracknell Forest,GU47 0TF,Bracknell Forest,AwaitingInspection,,FHRS,False,,,"Owlsmoor Community Centre Yeovil Road, Owlsmoor, Sandhurst, Bracknell Forest, GU47 0TF"
2026-09-03,1983924,3G at The Eatrium,Restaurant/Cafe/Canteen,32-34 GEORGE STREET,,,PERTH,PH1 5JR,Perth and Kinross,Pass,2026-08-12,FHIS,False,,,"32-34 GEORGE STREET, PERTH, PH1 5JR"
2026-09-03,1983927,Sadri's Wine Bar,Restaurant/Cafe/Canteen,14 AIRLIE STREET,,ALYTH,BLAIRGOWRIE,PH11 8AJ,Perth and Kinross,Awaiting Inspection,2026-08-28,FHIS,False,,,"14 AIRLIE STREET, ALYTH, BLAIRGOWRIE, PH11 8AJ"
2026-09-03,1983929,The MAPAntry at Morrisons Academy,Restaurant/Cafe/Canteen,MORRISONS ACADEMY,FERNTOWER ROAD,,CRIEFF,PH7 3AN,Perth and Kinross,Awaiting Inspection,2026-08-31,FHIS,False,,,"MORRISONS ACADEMY, FERNTOWER ROAD, CRIEFF, PH7 3AN"
2026-09-03,1983954,Gather,Restaurant/Cafe/Canteen,13 North Street,Winchcombe,Cheltenham,Gloucestershire,GL54 5LH,Tewkesbury,AwaitingInspection,,FHRS,False,,,"13 North Street, Winchcombe, Cheltenham, Gloucestershire, GL54 5LH"
2026-09-03,1983903,Norton Cafe,Restaurant/Cafe/Canteen,4 Ixworth Road,Norton,BURY ST EDMUNDS,Suffolk,IP31 3LE,Mid Suffolk,AwaitingInspection,,FHRS,False,,,"4 Ixworth Road, Norton, BURY ST EDMUNDS, Suffolk, IP31 3LE"
2026-09-03,1182270,Floral Cafe,Restaurant/Cafe/Canteen,7 Rowlands Road,,Worthing,West Sussex,BN11 3JJ,Worthing,3,2025-01-17,FHRS,False,,,"7 Rowlands Road, Worthing, West Sussex, BN11 3JJ"
2026-09-03,1984007,Hazel's Fondue Bistro,Restaurant/Cafe/Canteen,4 Coronation Buildings Ham Road,,Worthing,West Sussex,BN11 2NN,Worthing,AwaitingInspection,,FHRS,False,,,"4 Coronation Buildings Ham Road, Worthing, West Sussex, BN11 2NN"
2026-09-03,1984121,Dukes Cafe & Bistro,Restaurant/Cafe/Canteen,Unit 4 North Pier Promenade,,,,FY1 1NE,Blackpool,5,2026-08-25,FHRS,False,,,"Unit 4 North Pier Promenade, FY1 1NE"
2026-09-03,1984032,Beanos Coffee Bar,Restaurant/Cafe/Canteen,Holmes House Avenue,Wigan,,,WN3 6JA,Wigan,AwaitingInspection,,FHRS,False,,,"Holmes House Avenue, Wigan, WN3 6JA"
2026-09-03,1984040,Bellissimo Bakes,Restaurant/Cafe/Canteen,,,,,,Wigan,AwaitingInspection,,FHRS,False,,,
2026-09-03,1984027,Che Jai,Restaurant/Cafe/Canteen,45 Railway Road,Leigh,Wigan,,WN7 4AA,Wigan,AwaitingInspection,,FHRS,False,,,"45 Railway Road, Leigh, Wigan, WN7 4AA"
2026-09-03,1984039,Church Street Kitchen,Restaurant/Cafe/Canteen,100 Church Street,Orrell,Wigan,,WN5 8TQ,Wigan,AwaitingInspection,,FHRS,False,,,"100 Church Street, Orrell, Wigan, WN5 8TQ"
2026-09-03,254835,Harwoods Patisserie,Restaurant/Cafe/Canteen,2 Pepper Lane,Standish,Wigan,,WN6 0PX,Wigan,5,2026-08-25,FHRS,False,,,"2 Pepper Lane, Standish, Wigan, WN6 0PX"
2026-09-03,1984037,Sung’s Kitchen,Restaurant/Cafe/Canteen,,,,,,Wigan,AwaitingInspection,,FHRS,False,,,
2026-09-03,1984028,Ted Catering & Events,Restaurant/Cafe/Canteen,Hand Lane,Leigh,Wigan,,WN7 3NA,Wigan,AwaitingInspection,,FHRS,False,,,"Hand Lane, Leigh, Wigan, WN7 3NA"
2026-09-03,1984031,Triangle Snooker Club,Restaurant/Cafe/Canteen,379-381 Bolton Road,Ashton-In-Makerfield,Wigan,,WN4 8TH,Wigan,4,2026-07-19,FHRS,False,,,"379-381 Bolton Road, Ashton-In-Makerfield, Wigan, WN4 8TH"
2026-09-03,1983888,Zeo Church,Restaurant/Cafe/Canteen,Zeo Centre Bedford Road,,Hitchin,Hertfordshire,SG5 1HF,North Hertfordshire,AwaitingInspection,,FHRS,False,,,"Zeo Centre Bedford Road, Hitchin, Hertfordshire, SG5 1HF"
2026-09-03,1790216,Bavajees,Restaurant/Cafe/Canteen,2 George Street,,Banbury,Oxfordshire,OX16 5BH,Cherwell,AwaitingInspection,,FHRS,False,,,"2 George Street, Banbury, Oxfordshire, OX16 5BH"
2026-09-03,1984022,Cafe 59,Restaurant/Cafe/Canteen,59 Mewburn Road,,Banbury,Oxfordshire,OX16 9PQ,Cherwell,AwaitingInspection,,FHRS,False,,,"59 Mewburn Road, Banbury, Oxfordshire, OX16 9PQ"
2026-09-03,1984019,Costa Coffee,Restaurant/Cafe/Canteen,Unit A Banbury Edge Southam Road,,Banbury,Oxfordshire,OX16 2RR,Cherwell,AwaitingInspection,,FHRS,False,,,"Unit A Banbury Edge Southam Road, Banbury, Oxfordshire, OX16 2RR"
2026-09-03,1983996,Baker Street Coffee,Restaurant/Cafe/Canteen,,48 Causeyside Street,Paisley,Renfrewshire,PA1 1YH,Renfrewshire,Awaiting Inspection,,FHIS,False,,,"48 Causeyside Street, Paisley, Renfrewshire, PA1 1YH"
2026-09-03,1983993,Lusso Cafe,Restaurant/Cafe/Canteen,,4 School Wynd,Paisley,Renfrewshire,PA1 2DB,Renfrewshire,Awaiting Inspection,,FHIS,False,,,"4 School Wynd, Paisley, Renfrewshire, PA1 2DB"
2026-09-03,1983911,Mare Brasil,Restaurant/Cafe/Canteen,,Macduff Aquarium,11 High Shore,Macduff,AB44 1SL,Aberdeenshire,Awaiting Inspection,2026-09-01,FHIS,False,,,"Macduff Aquarium, 11 High Shore, Macduff, AB44 1SL"
2026-09-03,1984228,Sooz's,Restaurant/Cafe/Canteen,33 Argyle Street,,Birkenhead,Wirral,CH41 6AA,Wirral,5,2026-06-18,FHRS,False,,,"33 Argyle Street, Birkenhead, Wirral, CH41 6AA"
2026-09-03,1984227,Xiang,Restaurant/Cafe/Canteen,8 Grange Road,,West Kirby,Wirral,CH48 4HA,Wirral,5,2026-07-28,FHRS,False,,,"8 Grange Road, West Kirby, Wirral, CH48 4HA"
2026-09-03,1983950,The Hide Ruthin,Restaurant/Cafe/Canteen,Prior Street,,Ruthin,,LL15 1LT,Denbighshire,AwaitingInspection,,FHRS,False,,,"Prior Street, Ruthin, LL15 1LT"
2026-09-03,1983897,Harris and Hoole,Restaurant/Cafe/Canteen,Airside London Heathrow Airport Terminal 4,Nelson Road,,Hounslow,TW6 3XA,Hillingdon,AwaitingInspection,,FHRS,False,,,"Airside London Heathrow Airport Terminal 4, Nelson Road, Hounslow, TW6 3XA"
2026-09-03,1984097,Amayas Cafe,Restaurant/Cafe/Canteen,,405 Tong Street,Bradford,,BD4 6LY,Bradford,AwaitingInspection,,FHRS,False,,,"405 Tong Street, Bradford, BD4 6LY"
2026-09-03,1984099,Four Corners Coffee Shop,Restaurant/Cafe/Canteen,,22 Northgate,Baildon,,BD17 6JX,Bradford,AwaitingInspection,,FHRS,False,,,"22 Northgate, Baildon, BD17 6JX"
2026-09-03,1983912,The Mallard,Restaurant/Cafe/Canteen,,,,,,Solihull,AwaitingInspection,,FHRS,False,,,
2026-09-03,1618280,Bocs Bwyd,Restaurant/Cafe/Canteen,Stradey Park Business Centre,Mwrwg Road,Llangennech,Llanelli,SA14 8YP,Sir Gaerfyrddin,AwaitingInspection,,FHRS,False,,,"Stradey Park Business Centre, Mwrwg Road, Llangennech, Llanelli, SA14 8YP"
2026-09-03,879358,Boleyn's Kitchen,Restaurant/Cafe/Canteen,,13 Heol Yr Hen Gastell,Llanelli,Sir Gaerfyrddin,SA15 2SL,Sir Gaerfyrddin,5,2020-01-17,FHRS,False,,,"13 Heol Yr Hen Gastell, Llanelli, Sir Gaerfyrddin, SA15 2SL"
2026-09-03,1983974,Caffi @ Canolfan Llwynhendy,Restaurant/Cafe/Canteen,Canolfan Llwynhendy,Heol Elfed,Llanelli,Carmarthenshire,SA14 9HH,Sir Gaerfyrddin,AwaitingInspection,,FHRS,False,,,"Canolfan Llwynhendy, Heol Elfed, Llanelli, Carmarthenshire, SA14 9HH"
2026-09-03,1710866,Gwili Railway Tea Room,Restaurant/Cafe/Canteen,,Railway Station,Abergwili Junction,Carmarthen,SA31 2DG,Sir Gaerfyrddin,AwaitingInspection,,FHRS,False,,,"Railway Station, Abergwili Junction, Carmarthen, SA31 2DG"
2026-09-03,1983981,The Rook Cafe Ltd,Restaurant/Cafe/Canteen,,54 Rhosmaen Street,Llandeilo,Carmarthenshire,SA19 6HA,Sir Gaerfyrddin,AwaitingInspection,,FHRS,False,,,"54 Rhosmaen Street, Llandeilo, Carmarthenshire, SA19 6HA"
2026-09-03,1983972,The Warren,Restaurant/Cafe/Canteen,,11 Mansel Street,Carmarthen,Carmarthenshire,SA31 1PX,Sir Gaerfyrddin,AwaitingInspection,,FHRS,False,,,"11 Mansel Street, Carmarthen, Carmarthenshire, SA31 1PX"
2026-09-03,1983971,Y Stryd,Restaurant/Cafe/Canteen,,30 Inkerman Street,Llanelli,Carmarthenshire,SA15 1SA,Sir Gaerfyrddin,AwaitingInspection,,FHRS,False,,,"30 Inkerman Street, Llanelli, Carmarthenshire, SA15 1SA"
2026-09-03,1984152,Ceyo,Restaurant/Cafe/Canteen,Elder House,552 Elder Gate,Central Milton Keynes,Milton Keynes,MK9 1LR,Milton Keynes,AwaitingInspection,,FHRS,False,,,"Elder House, 552 Elder Gate, Central Milton Keynes, Milton Keynes, MK9 1LR"
2026-09-03,1214733,Drift Bar and Kitchen,Restaurant/Cafe/Canteen,Willen Park Sports Centre,Brickhill Street,Willen Lake,Milton Keynes,MK15 0DS,Milton Keynes,AwaitingInspection,,FHRS,False,,,"Willen Park Sports Centre, Brickhill Street, Willen Lake, Milton Keynes, MK15 0DS"
2026-09-03,1273550,Shree Krishna Vada Pav,Restaurant/Cafe/Canteen,,Elder Gate,Central Milton Keynes,Milton Keynes,MK9 1EN,Milton Keynes,AwaitingInspection,,FHRS,False,,,"Elder Gate, Central Milton Keynes, Milton Keynes, MK9 1EN"
2026-09-03,1984145,Starbucks Coffee Company,Restaurant/Cafe/Canteen,,Stadium MK,Stadium Way West,Milton Keynes,MK1 1ST,Milton Keynes,AwaitingInspection,,FHRS,False,,,"Stadium MK, Stadium Way West, Milton Keynes, MK1 1ST"
2026-09-03,1984232,Cove Coffee Shop,Restaurant/Cafe/Canteen,34 Moor Street,Ormskirk,Lancashire,,L39 2AQ,West Lancashire,AwaitingInspection,,FHRS,False,,,"34 Moor Street, Ormskirk, Lancashire, L39 2AQ"
2026-09-03,1984236,Curry & Coffee,Restaurant/Cafe/Canteen,Peel House,Peel Road,West Pimbo,Up Holland,WN8 9PT,West Lancashire,AwaitingInspection,,FHRS,False,,,"Peel House, Peel Road, West Pimbo, Up Holland, WN8 9PT"
2026-09-03,1984233,M Bibby and Son LTD,Restaurant/Cafe/Canteen,,,,,,West Lancashire,AwaitingInspection,,FHRS,False,,,
2026-09-03,1984013,Subway,Restaurant/Cafe/Canteen,77 Digbeth,Birmingham,,,B5 6DY,Birmingham,AwaitingInspection,,FHRS,False,,,"77 Digbeth, Birmingham, B5 6DY"
2026-09-03,1983950,The Hide Ruthin,Restaurant/Cafe/Canteen,Prior Street,,Ruthin,,LL15 1LT,Sir Ddinbych,AwaitingInspection,,FHRS,False,,,"Prior Street, Ruthin, LL15 1LT"
2026-09-03,1618280,Bocs Bwyd,Restaurant/Cafe/Canteen,Stradey Park Business Centre,Mwrwg Road,Llangennech,Llanelli,SA14 8YP,Carmarthenshire,AwaitingInspection,,FHRS,False,,,"Stradey Park Business Centre, Mwrwg Road, Llangennech, Llanelli, SA14 8YP"
2026-09-03,1983974,Caffi @ Canolfan Llwynhendy,Restaurant/Cafe/Canteen,Canolfan Llwynhendy,Heol Elfed,Llanelli,Carmarthenshire,SA14 9HH,Carmarthenshire,AwaitingInspection,,FHRS,False,,,"Canolfan Llwynhendy, Heol Elfed, Llanelli, Carmarthenshire, SA14 9HH"
2026-09-03,879358,Coco Bay Beach and Cafe Bar Ltd,Restaurant/Cafe/Canteen,,13 Old Castle Road,Llanelli,Carmarthenshire,SA15 2SL,Carmarthenshire,5,2020-01-17,FHRS,False,,,"13 Old Castle Road, Llanelli, Carmarthenshire, SA15 2SL"
2026-09-03,1710866,Gwili Railway Tea Room,Restaurant/Cafe/Canteen,,Railway Station,Abergwili Junction,Carmarthen,SA31 2DG,Carmarthenshire,AwaitingInspection,,FHRS,False,,,"Railway Station, Abergwili Junction, Carmarthen, SA31 2DG"
2026-09-03,1983981,The Rook Cafe Ltd,Restaurant/Cafe/Canteen,,54 Rhosmaen Street,Llandeilo,Carmarthenshire,SA19 6HA,Carmarthenshire,AwaitingInspection,,FHRS,False,,,"54 Rhosmaen Street, Llandeilo, Carmarthenshire, SA19 6HA"
2026-09-03,1983972,The Warren,Restaurant/Cafe/Canteen,,11 Mansel Street,Carmarthen,Carmarthenshire,SA31 1PX,Carmarthenshire,AwaitingInspection,,FHRS,False,,,"11 Mansel Street, Carmarthen, Carmarthenshire, SA31 1PX"
2026-09-03,1983971,Y Stryd,Restaurant/Cafe/Canteen,,30 Inkerman Street,Llanelli,Carmarthenshire,SA15 1SA,Carmarthenshire,AwaitingInspection,,FHRS,False,,,"30 Inkerman Street, Llanelli, Carmarthenshire, SA15 1SA"
2026-09-03,1984101,The Fussy Cafe,Restaurant/Cafe/Canteen,157 Blendon Road,Bexley,Kent,,DA5 1BT,Bexley,AwaitingInspection,,FHRS,False,,,"157 Blendon Road, Bexley, Kent, DA5 1BT"
2026-09-03,1984104,Yard Vibes,Restaurant/Cafe/Canteen,110 West Street,Erith,Kent,,DA8 1AN,Bexley,AwaitingInspection,,FHRS,False,,,"110 West Street, Erith, Kent, DA8 1AN"
2026-09-04,897380,Costa Coffee,Restaurant/Cafe/Canteen,Unit 5Goldsworth Park CentreWokingSurrey,,,,GU21 3LG,Woking,5,2026-09-01,FHRS,False,,,"Unit 5Goldsworth Park CentreWokingSurrey, GU21 3LG"
2026-09-04,1984334,Bev’s Cafe at Selco,Restaurant/Cafe/Canteen,Unit 1 Avenue Industrial Estate Justin Road,,Chingford,London,E4 8SU,Waltham Forest,AwaitingInspection,,FHRS,True,,,"Unit 1 Avenue Industrial Estate Justin Road, Chingford, London, E4 8SU"
2026-09-04,1984332,Cannelle,Restaurant/Cafe/Canteen,Lea Bridge Library 382 Lea Bridge Road,,Leyton,London,E10 7HU,Waltham Forest,AwaitingInspection,,FHRS,False,,,"Lea Bridge Library 382 Lea Bridge Road, Leyton, London, E10 7HU"
2026-09-04,1613500,Moroccan Corner,Restaurant/Cafe/Canteen,8 High Street,,Walthamstow,London,E17 7LD,Waltham Forest,5,2023-07-19,FHRS,False,,,"8 High Street, Walthamstow, London, E17 7LD"
2026-09-04,1984331,Okan’s Kitchen,Restaurant/Cafe/Canteen,721 High Road Leytonstone,,Leytonstone,London,E11 4RD,Waltham Forest,AwaitingInspection,,FHRS,True,,,"721 High Road Leytonstone, Leytonstone, London, E11 4RD"
2026-09-04,1984532,Snap,Restaurant/Cafe/Canteen,109 Plains Road,Woodthorpe,Nottinghamshire,,NG3 5QT,Gedling,AwaitingInspection,,FHRS,False,,,"109 Plains Road, Woodthorpe, Nottinghamshire, NG3 5QT"
2026-09-04,1984387,Baked by Lola,Restaurant/Cafe/Canteen,,,,,,Bristol,AwaitingInspection,,FHRS,False,,,
2026-09-04,310901,Casa Mexicana,Restaurant/Cafe/Canteen,,29-31 Zetland Road,Redland,Bristol,BS6 7AH,Bristol,5,2026-04-07,FHRS,False,,,"29-31 Zetland Road, Redland, Bristol, BS6 7AH"
2026-09-04,1467898,Kottu Hut Ltd,Restaurant/Cafe/Canteen,,31a Zetland Road,Redland,Bristol,BS6 7AH,Bristol,3,2025-02-14,FHRS,False,,,"31a Zetland Road, Redland, Bristol, BS6 7AH"
2026-09-04,310957,La Campagnuola,Restaurant/Cafe/Canteen,,9 Zetland Road,Redland,Bristol,BS6 7AG,Bristol,5,2024-12-05,FHRS,False,,,"9 Zetland Road, Redland, Bristol, BS6 7AG"
2026-09-04,1984384,Lean Queen Treats,Restaurant/Cafe/Canteen,,5-7 Clay Hill,St George,Bristol,BS5 7ES,Bristol,AwaitingInspection,,FHRS,False,,,"5-7 Clay Hill, St George, Bristol, BS5 7ES"
2026-09-04,1984386,Lil' Nashville,Restaurant/Cafe/Canteen,Lil' Nashville,All Saints Street,City Centre,Bristol,BS1 2LZ,Bristol,AwaitingInspection,,FHRS,False,,,"Lil' Nashville, All Saints Street, City Centre, Bristol, BS1 2LZ"
2026-09-04,1984381,Oricha Bristol,Restaurant/Cafe/Canteen,,99 The Horsefair,City Centre,Bristol,BS1 3JR,Bristol,AwaitingInspection,,FHRS,False,,,"99 The Horsefair, City Centre, Bristol, BS1 3JR"
2026-09-04,1984382,THE BREAKFAST BARR LTD,Restaurant/Cafe/Canteen,,161 Ashley Road,Montpelier,Bristol,BS6 5NX,Bristol,AwaitingInspection,,FHRS,False,,,"161 Ashley Road, Montpelier, Bristol, BS6 5NX"
2026-09-04,1984388,The Nest,Restaurant/Cafe/Canteen,,,,,,Bristol,AwaitingInspection,,FHRS,False,,,
2026-09-04,1435590,The Saigon Kitchen,Restaurant/Cafe/Canteen,,25 Zetland Road,Redland,Bristol,BS6 7AH,Bristol,5,2024-12-05,FHRS,False,,,"25 Zetland Road, Redland, Bristol, BS6 7AH"
2026-09-04,1623240,Two Crows,Restaurant/Cafe/Canteen,,10 Zetland Road,Redland,Bristol,BS6 7AD,Bristol,5,2025-03-28,FHRS,False,,,"10 Zetland Road, Redland, Bristol, BS6 7AD"
2026-09-04,1984270,British Curry Club Company,Restaurant/Cafe/Canteen,3 Covered Market,East Row,Darlington,,DL1 5PX,Darlington,AwaitingInspection,,FHRS,False,,,"3 Covered Market, East Row, Darlington, DL1 5PX"
2026-09-04,1984265,"BT Darlington, Nexus House",Restaurant/Cafe/Canteen,,Nexus House,Senhouse Road,Darlington,DL1 4XW,Darlington,AwaitingInspection,,FHRS,False,,,"Nexus House, Senhouse Road, Darlington, DL1 4XW"
2026-09-04,911142,Cafe W,Restaurant/Cafe/Canteen,1 - 3 Cornmill Centre,DARLINGTON,,,DL1 1LS,Darlington,5,2025-11-05,FHRS,False,,,"1 - 3 Cornmill Centre, DARLINGTON, DL1 1LS"
2026-09-04,232633,Costa Coffee,Restaurant/Cafe/Canteen,8 Northgate,DARLINGTON,,,DL1 1NR,Darlington,5,2026-08-27,FHRS,False,,,"8 Northgate, DARLINGTON, DL1 1NR"
2026-09-04,1984267,Cummins Darlingtion Centenary House,Restaurant/Cafe/Canteen,Cummins House,Lingfield Way,Darlington,,DL1 4PW,Darlington,AwaitingInspection,,FHRS,False,,,"Cummins House, Lingfield Way, Darlington, DL1 4PW"
2026-09-04,1984268,Cummins Darlington Engine Plant,Restaurant/Cafe/Canteen,Cummins Engine Co Ltd,Yarm Road,Darlington,,DL1 4PW,Darlington,AwaitingInspection,,FHRS,False,,,"Cummins Engine Co Ltd, Yarm Road, Darlington, DL1 4PW"
2026-09-04,1984257,McDonalds Restaurant,Restaurant/Cafe/Canteen,McDonald's,5 Faverdale Retail Park,Faverdale Industrial Estate,Darlington,DL3 0PZ,Darlington,AwaitingInspection,,FHRS,False,,,"McDonald's, 5 Faverdale Retail Park, Faverdale Industrial Estate, Darlington, DL3 0PZ"
2026-09-04,1984264,Mowden Coffee House,Restaurant/Cafe/Canteen,O'Neills Hair Design,84 Fulthorpe Avenue,Darlington,,DL3 9XT,Darlington,AwaitingInspection,,FHRS,False,,,"O'Neills Hair Design, 84 Fulthorpe Avenue, Darlington, DL3 9XT"
2026-09-04,1984261,Mr Shawarma,Restaurant/Cafe/Canteen,9 Bondgate,Darlington,,,DL3 7JE,Darlington,AwaitingInspection,,FHRS,False,,,"9 Bondgate, Darlington, DL3 7JE"
2026-09-04,1984260,Pepe's Peri Peri Darlington,Restaurant/Cafe/Canteen,Burger King,41 Cornmill Centre,Darlington,,DL1 1LS,Darlington,5,2026-08-26,FHRS,False,,,"Burger King, 41 Cornmill Centre, Darlington, DL1 1LS"
2026-09-04,1918333,Starbucks Coffee Company,Restaurant/Cafe/Canteen,Starbucks Coffee Co (UK) Ltd,Faverdale,Darlington,,DL3 0PZ,Darlington,5,2026-03-03,FHRS,False,,,"Starbucks Coffee Co (UK) Ltd, Faverdale, Darlington, DL3 0PZ"
2026-09-04,1984262,Taco Bell Darlington,Restaurant/Cafe/Canteen,Unit 9,North Road Retail Park,Darlington,,DL1 2EE,Darlington,AwaitingInspection,,FHRS,False,,,"Unit 9, North Road Retail Park, Darlington, DL1 2EE"
2026-09-04,1633863,Colonel Saab Trafalgar Square,Restaurant/Cafe/Canteen,40-42 WILLIAM IV STREET,,LONDON,,WC2N 4DD,Westminster,0,2026-07-29,FHRS,False,51.5096604,-0.1262517,"40-42 WILLIAM IV STREET, LONDON, WC2N 4DD"
2026-09-04,1984603,CATCH A VIBE LDN,Restaurant/Cafe/Canteen,92A Balham High Road,,London,Wandsworth,SW12 9AG,Wandsworth,AwaitingInspection,,FHRS,False,,,"92A Balham High Road, London, Wandsworth, SW12 9AG"
2026-09-04,1984605,Grasing Gratefull,Restaurant/Cafe/Canteen,,,,,,Wandsworth,AwaitingInspection,,FHRS,False,,,
2026-09-04,1984609,Putney Leisure Centre,Restaurant/Cafe/Canteen,Putney Leisure Centre Dryburgh Road,,London,Wandsworth,SW15 1BL,Wandsworth,AwaitingInspection,,FHRS,False,,,"Putney Leisure Centre Dryburgh Road, London, Wandsworth, SW15 1BL"
2026-09-04,1721229,Wraps&Wings/SukhumThai/WowSticks/YumYum/OrientalBo/Khao,Restaurant/Cafe/Canteen,5 Putney Hill,,London,Wandsworth,SW15 6BA,Wandsworth,5,2024-07-24,FHRS,False,,,"5 Putney Hill, London, Wandsworth, SW15 6BA"
2026-09-04,1984457,Iro Sushi,Restaurant/Cafe/Canteen,1 Kensington House,Festival Place,Basingstoke,Hampshire,RG21 7LN,Basingstoke and Deane,AwaitingInspection,,FHRS,False,,,"1 Kensington House, Festival Place, Basingstoke, Hampshire, RG21 7LN"
2026-09-04,1984455,Wingstop,Restaurant/Cafe/Canteen,Units R7 And R8,Festival Place,Basingstoke,Hampshire,RG21 7BB,Basingstoke and Deane,AwaitingInspection,,FHRS,False,,,"Units R7 And R8, Festival Place, Basingstoke, Hampshire, RG21 7BB"
2026-09-04,1984310,Chai House,Restaurant/Cafe/Canteen,254 High Road,Whaplode,Spalding,Lincolnshire,PE12 6TG,South Holland,AwaitingInspection,,FHRS,False,,,"254 High Road, Whaplode, Spalding, Lincolnshire, PE12 6TG"
2026-09-04,1984308,Katana Japanese Sushi And Teppanyaki Restaurant,Restaurant/Cafe/Canteen,42 Double Street,,Spalding,,PE11 2AB,South Holland,AwaitingInspection,,FHRS,False,,,"42 Double Street, Spalding, PE11 2AB"
2026-09-04,1984304,Royal Spice,Restaurant/Cafe/Canteen,2 Pinchbeck Road,,Spalding,Lincolnshire,PE11 1QD,South Holland,AwaitingInspection,,FHRS,False,,,"2 Pinchbeck Road, Spalding, Lincolnshire, PE11 1QD"
2026-09-04,1984309,The Nook,Restaurant/Cafe/Canteen,Donington,,Spalding,,PE11 4ST,South Holland,AwaitingInspection,,FHRS,False,,,"Donington, Spalding, PE11 4ST"
2026-09-04,1984588,"Broadhembury post office, store & tea room",Restaurant/Cafe/Canteen,Post Office,Broadhembury,Honiton,,EX14 3ND,East Devon,4,2026-06-09,FHRS,False,,,"Post Office, Broadhembury, Honiton, EX14 3ND"
2026-09-04,1984578,Mamma Mia Portuguese Flavour,Restaurant/Cafe/Canteen,Lacemakers Cafe,46 High Street,Honiton,,EX14 1PJ,East Devon,5,2026-06-04,FHRS,False,,,"Lacemakers Cafe, 46 High Street, Honiton, EX14 1PJ"
2026-09-04,1984576,MYCA'S,Restaurant/Cafe/Canteen,33 Fore Street,Sidmouth,,,EX10 8AQ,East Devon,5,2025-11-11,FHRS,False,,,"33 Fore Street, Sidmouth, EX10 8AQ"
2026-09-04,1984580,Posh-Nosh West Point Ltd,Restaurant/Cafe/Canteen,Unit 3,Houndbeare Business Park,Rockbeare Hill,Rockbeare,EX5 2EZ,East Devon,5,2025-06-26,FHRS,False,,,"Unit 3, Houndbeare Business Park, Rockbeare Hill, Rockbeare, EX5 2EZ"
2026-09-04,1984590,Ronchettis,Restaurant/Cafe/Canteen,Dinan Way Trading Estate,Concorde Road,Exmouth,,,East Devon,5,2025-08-07,FHRS,False,,,"Dinan Way Trading Estate, Concorde Road, Exmouth"
2026-09-04,1829268,The Dovetail Cafe,Restaurant/Cafe/Canteen,The Antique Village,Hele,Exeter,,EX5 4PW,East Devon,5,2025-09-23,FHRS,False,,,"The Antique Village, Hele, Exeter, EX5 4PW"
2026-09-04,1984599,Tompot Blenny,Restaurant/Cafe/Canteen,Exmouth Cricket Club,Queens Drive,Exmouth,,EX8 2AY,East Devon,AwaitingInspection,,FHRS,False,,,"Exmouth Cricket Club, Queens Drive, Exmouth, EX8 2AY"
2026-09-04,1984513,Anarkali,Restaurant/Cafe/Canteen,47 The Tything,Worcester,,,WR1 1JT,Worcester City,4,2026-08-05,FHRS,False,,,"47 The Tything, Worcester, WR1 1JT"
2026-09-04,1984514,Teaon By Chef Jerin,Restaurant/Cafe/Canteen,29 Broad Street,Worcester,,,WR1 3NH,Worcester City,AwaitingInspection,,FHRS,False,,,"29 Broad Street, Worcester, WR1 3NH"
2026-09-04,359331,Dawat luton,Restaurant/Cafe/Canteen,,5 New Bedford Road,,Luton,LU1 1SA,Luton,AwaitingInspection,,FHRS,False,,,"5 New Bedford Road, Luton, LU1 1SA"
2026-09-04,1984511,The Loft -Padleheim,Restaurant/Cafe/Canteen,1- 3 Padgets Lane,Redditch,Worcestershire,,B98 0RA,Redditch,AwaitingInspection,,FHRS,False,,,"1- 3 Padgets Lane, Redditch, Worcestershire, B98 0RA"
2026-09-04,1984562,J’s Crispy Chicken Zoo,Restaurant/Cafe/Canteen,,,,,,Telford and Wrekin Council,AwaitingInspection,,FHRS,False,,,
2026-09-04,1984437,The Trafford Harp,Restaurant/Cafe/Canteen,,11-13 School Road,Sale,,M33 7XY,Trafford,AwaitingInspection,,FHRS,False,,,"11-13 School Road, Sale, M33 7XY"
2026-09-04,1984349,Heapey And Wheelton Village Hall,Restaurant/Cafe/Canteen,West View,Wheelton,Chorley,,PR6 8HJ,Chorley,AwaitingInspection,,FHRS,False,,,"West View, Wheelton, Chorley, PR6 8HJ"
2026-09-04,1984625,Bayne's The Family Bakers,Restaurant/Cafe/Canteen,SM Bayne And Co Ltd Unit 3 Kingdom Park Neighbourhood Centre Muirton Farm Road Kirkcaldy Fife,,,,KY1 2FS,Fife,Awaiting Inspection,2026-09-02,FHIS,False,,,"SM Bayne And Co Ltd Unit 3 Kingdom Park Neighbourhood Centre Muirton Farm Road Kirkcaldy Fife, KY1 2FS"
2026-09-04,1984624,Free Baptist Church,Restaurant/Cafe/Canteen,Queen Margaret Drive Glenrothes,,,,KY7 4DU,Fife,Pass,2026-08-27,FHIS,False,,,"Queen Margaret Drive Glenrothes, KY7 4DU"
2026-09-04,1984623,Polish Community Christian Church Agape,Restaurant/Cafe/Canteen,58 Stenhouse Street Cowdenbeath Fife,,,,KY4 9DD,Fife,Awaiting Inspection,2026-09-02,FHIS,False,,,"58 Stenhouse Street Cowdenbeath Fife, KY4 9DD"
2026-09-04,1984525,Gil's At Churchill And Blakedown Golf Club,Restaurant/Cafe/Canteen,Churchill Lane,Blakedown,Kidderminster,Worcestershire,DY10 3NB,Wyre Forest,AwaitingInspection,,FHRS,True,,,"Churchill Lane, Blakedown, Kidderminster, Worcestershire, DY10 3NB"
2026-09-04,1982071,Paul & Jo's,Restaurant/Cafe/Canteen,,,,,,Bromsgrove,AwaitingInspection,,FHRS,False,,,
2026-09-04,1984507,St Peter's Parish Hall - Bromsgrove,Restaurant/Cafe/Canteen,2A Charford Road,Bromsgrove,Worcestershire,,B60 3LU,Bromsgrove,AwaitingInspection,,FHRS,False,,,"2A Charford Road, Bromsgrove, Worcestershire, B60 3LU"
2026-09-04,1984496,BaxterStorey – CBRE c/o PIC,Restaurant/Cafe/Canteen,BaxterStorey – CBRE c/o PIC,Level 18 To 23,22 Ropemaker Street,London,EC2Y 9AR,Islington,AwaitingInspection,,FHRS,False,,,"BaxterStorey – CBRE c/o PIC, Level 18 To 23, 22 Ropemaker Street, London, EC2Y 9AR"
2026-09-04,1919628,High Ground Essex Road,Restaurant/Cafe/Canteen,High Ground Essex Road,113 Essex Road,London,N1 2SL,N1 2SL,Islington,5,2026-08-03,FHRS,False,,,"High Ground Essex Road, 113 Essex Road, London, N1 2SL, N1 2SL"
2026-09-04,1984488,Ibex Lounge,Restaurant/Cafe/Canteen,Ibex Lounge,Shop,347 Holloway Road,London,N7 0RN,Islington,AwaitingInspection,,FHRS,True,,,"Ibex Lounge, Shop, 347 Holloway Road, London, N7 0RN"
2026-09-04,1984491,Taro Japanese Restaurant,Restaurant/Cafe/Canteen,Taro Japanese Restaurant,Shop,361 Holloway Road,London,N7 0RN,Islington,AwaitingInspection,,FHRS,False,,,"Taro Japanese Restaurant, Shop, 361 Holloway Road, London, N7 0RN"
2026-09-04,1984490,Thymeli,Restaurant/Cafe/Canteen,Thymeli,Ground Floor,676 Holloway Road,London,N19 3NP,Islington,AwaitingInspection,,FHRS,False,,,"Thymeli, Ground Floor, 676 Holloway Road, London, N19 3NP"
2026-09-04,1984568,Redhill Farm Terrace,Restaurant/Cafe/Canteen,Woodlands Red Hill Farm,337 Red Hill,Wateringbury,Maidstone,ME18 5LB,Tonbridge and Malling,AwaitingInspection,,FHRS,True,,,"Woodlands Red Hill Farm, 337 Red Hill, Wateringbury, Maidstone, ME18 5LB"
2026-09-04,1984573,The Kara,Restaurant/Cafe/Canteen,The Royal Oak,London Road,Wrotham Heath,Sevenoaks,TN15 7RX,Tonbridge and Malling,AwaitingInspection,,FHRS,False,,,"The Royal Oak, London Road, Wrotham Heath, Sevenoaks, TN15 7RX"
2026-09-04,1984356,Fika East,Restaurant/Cafe/Canteen,7 Church Street,Cromer,Norfolk,,NR27 9ER,North Norfolk,5,2026-08-26,FHRS,False,,,"7 Church Street, Cromer, Norfolk, NR27 9ER"
2026-09-04,1984287,Cafe Eltham,Restaurant/Cafe/Canteen,377 Well Hall Road,,Eltham,Greenwich,SE9 6TY,Greenwich,AwaitingInspection,,FHRS,False,,,"377 Well Hall Road, Eltham, Greenwich, SE9 6TY"
2026-09-04,1984293,Cafe Mero,Restaurant/Cafe/Canteen,89 Walmer Terrace,,Plumstead,Greenwich,SE18 7DZ,Greenwich,AwaitingInspection,,FHRS,False,,,"89 Walmer Terrace, Plumstead, Greenwich, SE18 7DZ"
2026-09-04,1984295,Ebell’s Coffee House,Restaurant/Cafe/Canteen,34 Woolwich Road,,Greenwich,,SE10 0JU,Greenwich,AwaitingInspection,,FHRS,False,,,"34 Woolwich Road, Greenwich, SE10 0JU"
2026-09-04,1984286,Pizza King,Restaurant/Cafe/Canteen,149 Trafalgar Road,,Greenwich,,SE10 9TX,Greenwich,AwaitingInspection,,FHRS,False,,,"149 Trafalgar Road, Greenwich, SE10 9TX"
2026-09-04,1984299,Taksim Restaurant,Restaurant/Cafe/Canteen,7 Blackheath Hill,,Greenwich,,SE10 8PB,Greenwich,5,2026-07-27,FHRS,False,,,"7 Blackheath Hill, Greenwich, SE10 8PB"
2026-09-04,1984633,Esquires Coffee,Restaurant/Cafe/Canteen,Units 18-19 - The Links,West 12 Shopping Centre,Shepherd's Bush Green,London,W12 8PP,Hammersmith and Fulham,AwaitingInspection,,FHRS,False,,,"Units 18-19 - The Links, West 12 Shopping Centre, Shepherd's Bush Green, London, W12 8PP"
2026-09-04,1984630,GAILS Hammersmith,Restaurant/Cafe/Canteen,Hammersmith Civic Campus,King Street,London,,W6 9JU,Hammersmith and Fulham,AwaitingInspection,,FHRS,False,,,"Hammersmith Civic Campus, King Street, London, W6 9JU"
2026-09-04,1984635,Lillies,Restaurant/Cafe/Canteen,Olympia Exhibition Centre,Hammersmith Road,London,,W14 8UX,Hammersmith and Fulham,5,2026-08-21,FHRS,False,,,"Olympia Exhibition Centre, Hammersmith Road, London, W14 8UX"
2026-09-04,1984627,Opposto,Restaurant/Cafe/Canteen,243 King Street,London,,,W6 9LP,Hammersmith and Fulham,AwaitingInspection,,FHRS,False,,,"243 King Street, London, W6 9LP"
2026-09-04,1979244,Wake The Tiger,Restaurant/Cafe/Canteen,Unit 5001,Westfield London Shopping Centre,Ariel Way,London,W12 7GF,Hammersmith and Fulham,AwaitingInspection,,FHRS,False,,,"Unit 5001, Westfield London Shopping Centre, Ariel Way, London, W12 7GF"
2026-09-04,1984443,Julies Charity Bakes,Restaurant/Cafe/Canteen,,,,,,Bassetlaw,5,2026-09-03,FHRS,False,,,
2026-09-04,1984447,Liquirizia,Restaurant/Cafe/Canteen,The Waterfront,Bridge Place,Worksop,Nottinghamshire,S80 1DT,Bassetlaw,AwaitingInspection,,FHRS,False,,,"The Waterfront, Bridge Place, Worksop, Nottinghamshire, S80 1DT"
2026-09-04,1984329,Brocky's,Restaurant/Cafe/Canteen,Buildbase,Gin Close Way,Awsworth,Nottinghamshire,NG16 2TA,Broxtowe,AwaitingInspection,,FHRS,False,,,"Buildbase, Gin Close Way, Awsworth, Nottinghamshire, NG16 2TA"
2026-09-04,1984439,Salt & Crumb,Restaurant/Cafe/Canteen,,,,,,Colchester,AwaitingInspection,,FHRS,False,,,
2026-09-04,1984438,Sugar Rush Desserts,Restaurant/Cafe/Canteen,,,,,,Colchester,AwaitingInspection,,FHRS,False,,,
2026-09-04,1984471,Bellas Kitchen,Restaurant/Cafe/Canteen,Flat A,17 Kensington Church Street,LONDON,,W8 4LF,Kensington and Chelsea,AwaitingInspection,,FHRS,False,,,"Flat A, 17 Kensington Church Street, LONDON, W8 4LF"
2026-09-04,1984482,Endo Chelsea,Restaurant/Cafe/Canteen,Basement to Second Floors,8-9 Blacklands Terrace,LONDON,,SW3 2SP,Kensington and Chelsea,AwaitingInspection,,FHRS,False,,,"Basement to Second Floors, 8-9 Blacklands Terrace, LONDON, SW3 2SP"
2026-09-04,1984480,LaCage Montreal Sports Brasserie,Restaurant/Cafe/Canteen,201 Kensington High Street,LONDON,,,W8 6BA,Kensington and Chelsea,AwaitingInspection,,FHRS,False,,,"201 Kensington High Street, LONDON, W8 6BA"
2026-09-04,1984483,L'ETO,Restaurant/Cafe/Canteen,Brompton Chambers,215 Brompton Road,LONDON,,SW3 2EJ,Kensington and Chelsea,AwaitingInspection,,FHRS,False,,,"Brompton Chambers, 215 Brompton Road, LONDON, SW3 2EJ"
2026-09-04,1984476,Mozart Flowers Boutique,Restaurant/Cafe/Canteen,26 Cale Street,LONDON,,,SW3 3QU,Kensington and Chelsea,AwaitingInspection,,FHRS,False,,,"26 Cale Street, LONDON, SW3 3QU"
2026-09-04,1984477,Pulp & Steam,Restaurant/Cafe/Canteen,112 Ladbroke Grove,LONDON,,,,Kensington and Chelsea,AwaitingInspection,,FHRS,False,,,"112 Ladbroke Grove, LONDON"
2026-09-04,1984485,Sophia's,Restaurant/Cafe/Canteen,15 North Pole Road,LONDON,,,W10 6QH,Kensington and Chelsea,AwaitingInspection,,FHRS,False,,,"15 North Pole Road, LONDON, W10 6QH"
2026-09-04,1984473,Tacos Head,Restaurant/Cafe/Canteen,247 Old Brompton Road,LONDON,,,SW5 9HP,Kensington and Chelsea,AwaitingInspection,,FHRS,False,,,"247 Old Brompton Road, LONDON, SW5 9HP"
2026-09-04,1984474,The Playground Theatre COmpany LTD,Restaurant/Cafe/Canteen,Unit 8  Latimer Industrial Estate,343-453 Latimer Road,LONDON,,W10 6RQ,Kensington and Chelsea,AwaitingInspection,,FHRS,False,,,"Unit 8  Latimer Industrial Estate, 343-453 Latimer Road, LONDON, W10 6RQ"
2026-09-04,1984402,Cosy Club Stratford,Restaurant/Cafe/Canteen,303 The Loft,Westfield Stratford City,Montfichet Road,Stratford,E20 1ET,Newham,AwaitingInspection,,FHRS,False,,,"303 The Loft, Westfield Stratford City, Montfichet Road, Stratford, E20 1ET"
2026-09-04,1984401,Hyd Alpha Bar And Restaurant,Restaurant/Cafe/Canteen,484 Barking Road,East Ham,London,,E6 2LT,Newham,AwaitingInspection,,FHRS,False,,,"484 Barking Road, East Ham, London, E6 2LT"
2026-09-04,1984397,Pista House London,Restaurant/Cafe/Canteen,387 Barking Road,East Ham,London,,E6 2JT,Newham,AwaitingInspection,,FHRS,False,,,"387 Barking Road, East Ham, London, E6 2JT"
2026-09-04,1984392,The Royal Docks Indian,Restaurant/Cafe/Canteen,Unit 4A,Excel Marina,Canning Town,London,E16 1AT,Newham,AwaitingInspection,,FHRS,False,,,"Unit 4A, Excel Marina, Canning Town, London, E16 1AT"
2026-09-04,1984425,Famous Shawarma UK,Restaurant/Cafe/Canteen,Kiosk 1 St Johns Road,Harrow,,,HA1 2FS,Harrow,AwaitingInspection,,FHRS,False,,,"Kiosk 1 St Johns Road, Harrow, HA1 2FS"
2026-09-04,1984423,Indian Italian Traditional Kitchen Ltd,Restaurant/Cafe/Canteen,,,,,,Harrow,AwaitingInspection,,FHRS,False,,,
2026-09-04,1984421,MUMBAI LOCAL RESTAURANT,Restaurant/Cafe/Canteen,238-240 Streatfield Road,Harrow,,,HA3 9BX,Harrow,AwaitingInspection,,FHRS,False,,,"238-240 Streatfield Road, Harrow, HA3 9BX"
2026-09-04,1984419,Pyramid Lounge,Restaurant/Cafe/Canteen,117 High Street,Edgware,,,HA8 7DB,Harrow,AwaitingInspection,,FHRS,False,,,"117 High Street, Edgware, HA8 7DB"
2026-09-04,1984416,Waffle & Co,Restaurant/Cafe/Canteen,385 Northolt Road,Harrow,,,HA2 8JD,Harrow,AwaitingInspection,,FHRS,False,,,"385 Northolt Road, Harrow, HA2 8JD"
2026-09-04,1984657,Nomadzz @ The Old Chapel Inn,Restaurant/Cafe/Canteen,2 The Uplands,,,Smethwick,B67 6EQ,Sandwell,AwaitingInspection,,FHRS,False,,,"2 The Uplands, Smethwick, B67 6EQ"
2026-09-04,1984655,Sultan Spice,Restaurant/Cafe/Canteen,52 Lower High Street,,,Wednesbury,WS10 7AL,Sandwell,AwaitingInspection,,FHRS,False,,,"52 Lower High Street, Wednesbury, WS10 7AL"
2026-09-04,1984638,TamTam Tavern,Restaurant/Cafe/Canteen,271  Londonderry Road,,,Oldbury,B68 9NE,Sandwell,AwaitingInspection,,FHRS,False,,,"271  Londonderry Road, Oldbury, B68 9NE"
2026-09-04,1984370,Carnoustie Trinity Church Of Scotland,Restaurant/Cafe/Canteen,Carnoustie Church Dundee Street Carnoustie,,,,DD7 7PF,Angus,Awaiting Inspection,2026-08-28,FHIS,False,,,"Carnoustie Church Dundee Street Carnoustie, DD7 7PF"
2026-09-04,1735332,Aquila,Restaurant/Cafe/Canteen,,33 Orchard Street,Weston-Super-Mare,,BS23 1RH,North Somerset,4,2024-08-29,FHRS,False,,,"33 Orchard Street, Weston-Super-Mare, BS23 1RH"
2026-09-04,1958949,Lounge (The),Restaurant/Cafe/Canteen,,73 High Street,Weston-Super-Mare,,BS23 1HE,North Somerset,AwaitingInspection,,FHRS,False,,,"73 High Street, Weston-Super-Mare, BS23 1HE"
2026-09-04,1409693,The Forge And Fern,Restaurant/Cafe/Canteen,76 Broad Street,Staple Hill,South Gloucestershire,,BS16 5NL,South Gloucestershire,4,2026-02-09,FHRS,False,,,"76 Broad Street, Staple Hill, South Gloucestershire, BS16 5NL"
2026-09-04,1984365,The Fox And Maple,Restaurant/Cafe/Canteen,8 Poskett Way,Charfield,South Gloucestershire,,GL12 8FG,South Gloucestershire,AwaitingInspection,,FHRS,False,,,"8 Poskett Way, Charfield, South Gloucestershire, GL12 8FG"
2026-09-04,1984541,Blendini,Restaurant/Cafe/Canteen,Unit 351 Dukes Walk,The Mall Chequers Centre,King Street,Maidstone,ME15 6AS,Maidstone,5,2026-06-18,FHRS,False,,,"Unit 351 Dukes Walk, The Mall Chequers Centre, King Street, Maidstone, ME15 6AS"
2026-09-04,1984340,Flora,Restaurant/Cafe/Canteen,69 - 71 Milton Road,Portsmouth,,,PO3 6AL,Portsmouth,AwaitingInspection,,FHRS,False,,,"69 - 71 Milton Road, Portsmouth, PO3 6AL"
2026-09-04,1984462,Cherry Lane Garden Centre,Restaurant/Cafe/Canteen,Coggeshall Road,Stisted,Braintree,Essex,CM77 8AE,Braintree,4,2019-11-20,FHRS,False,,,"Coggeshall Road, Stisted, Braintree, Essex, CM77 8AE"
2026-09-05,232528,The Kings Centre,Restaurant/Cafe/Canteen,Prospect Place,DARLINGTON,,,DL3 0QT,Darlington,5,2025-02-05,FHRS,False,,,"Prospect Place, DARLINGTON, DL3 0QT"
2026-09-05,1984797,Suzaku Izakaya Limited,Restaurant/Cafe/Canteen,8 Godstone Road,Caterham,,Surrey,CR3 6RA,Tandridge,AwaitingInspection,,FHRS,False,,,"8 Godstone Road, Caterham, Surrey, CR3 6RA"
2026-09-05,1984892,Erbil Restaurant & Cafe,Restaurant/Cafe/Canteen,Unit 7,,133-137 Lisburn Road,Belfast,BT9 7AG,Belfast City,AwaitingInspection,,FHRS,False,,,"Unit 7, 133-137 Lisburn Road, Belfast, BT9 7AG"
2026-09-05,1984932,Loughborough Fish Bar,Restaurant/Cafe/Canteen,,35 Devonshire Square,,Loughborough,LE11 3DW,Charnwood,2,2026-02-18,FHRS,False,,,"35 Devonshire Square, Loughborough, LE11 3DW"
2026-09-05,1984933,Mystique,Restaurant/Cafe/Canteen,,928a Melton Road,,Thurmaston,LE4 8JY,Charnwood,AwaitingInspection,,FHRS,False,,,"928a Melton Road, Thurmaston, LE4 8JY"
2026-09-05,1984677,Ewe & Me,Restaurant/Cafe/Canteen,1 Stonewell Court,Stonewell Lane,Hartington,Derbyshire,SK17 0AH,Derbyshire Dales,5,2026-08-20,FHRS,False,,,"1 Stonewell Court, Stonewell Lane, Hartington, Derbyshire, SK17 0AH"
2026-09-05,1984919,Bombay Bites Indian Street Food also T/as Annapoorna Tiffins,Restaurant/Cafe/Canteen,,199-201 Wilmslow Road,Manchester,,M14 5AQ,Manchester,AwaitingInspection,,FHRS,False,,,"199-201 Wilmslow Road, Manchester, M14 5AQ"
2026-09-05,1984735,Rassams Creamery,Restaurant/Cafe/Canteen,Unit RU4,White Rose Shopping Centre,Dewsbury Road,Beeston,LS11 8LU,Leeds,AwaitingInspection,,FHRS,False,,,"Unit RU4, White Rose Shopping Centre, Dewsbury Road, Beeston, LS11 8LU"
2026-09-05,1984686,The Village Bakery,Restaurant/Cafe/Canteen,9 - 10 The Cross,Eastgate,Bramhope,Leeds,LS16 9AX,Leeds,AwaitingInspection,,FHRS,False,,,"9 - 10 The Cross, Eastgate, Bramhope, Leeds, LS16 9AX"
2026-09-05,1984841,Our Wedding Cakes / The Fruitcake Factory,Restaurant/Cafe/Canteen,Broomfield Farm House,Ifield Road,Meopham,Gravesend,DA13 0QH,Gravesham,AwaitingInspection,,FHRS,False,,,"Broomfield Farm House, Ifield Road, Meopham, Gravesend, DA13 0QH"
2026-09-05,1138472,His Grace Evangelical Outreach Church,Restaurant/Cafe/Canteen,80 - 82 Beulah Road,Thornton Heath,,,CR7 8JF,Croydon,5,2025-11-30,FHRS,False,,,"80 - 82 Beulah Road, Thornton Heath, CR7 8JF"
2026-09-05,1159953,Legacy Croydon Youth Zone,Restaurant/Cafe/Canteen,125 Whitehorse Road,Croydon,,,CR0 2LG,Croydon,5,2025-08-27,FHRS,False,,,"125 Whitehorse Road, Croydon, CR0 2LG"
2026-09-05,1955582,McDonald's,Restaurant/Cafe/Canteen,86 - 90 North End,Croydon,,,CR0 1UJ,Croydon,AwaitingInspection,,FHRS,False,,,"86 - 90 North End, Croydon, CR0 1UJ"
2026-09-05,1911578,Play Place Innov8 CIC,Restaurant/Cafe/Canteen,Shirley Community Library,Wickham Road,Croydon,,CR0 8BH,Croydon,4,2026-03-27,FHRS,False,,,"Shirley Community Library, Wickham Road, Croydon, CR0 8BH"
2026-09-05,1984868,FunZone Bounce & Play,Restaurant/Cafe/Canteen,Shaw Wood Business Park Shaw Wood Way,Wheatley Hills,Doncaster,,DN2 5TB,Doncaster,AwaitingInspection,,FHRS,False,,,"Shaw Wood Business Park Shaw Wood Way, Wheatley Hills, Doncaster, DN2 5TB"
2026-09-05,1984871,Rands Lane Cafe,Restaurant/Cafe/Canteen,Rands Lane Cafe Rands Lane Industrial Estate Rands Lane,Armthorpe,Doncaster,,DN3 3DY,Doncaster,AwaitingInspection,,FHRS,False,,,"Rands Lane Cafe Rands Lane Industrial Estate Rands Lane, Armthorpe, Doncaster, DN3 3DY"
2026-09-05,1588559,Sinple Treats,Restaurant/Cafe/Canteen,88 - 90 St Sepulchre Gate,,Doncaster,,DN1 1SD,Doncaster,5,2025-05-09,FHRS,False,,,"88 - 90 St Sepulchre Gate, Doncaster, DN1 1SD"
2026-09-05,1984872,The Grazing Bee Bawtry,Restaurant/Cafe/Canteen,Suite 1 St Nicholas Terrace Church Walk,Bawtry,Doncaster,,DN10 6HW,Doncaster,AwaitingInspection,,FHRS,False,,,"Suite 1 St Nicholas Terrace Church Walk, Bawtry, Doncaster, DN10 6HW"
2026-09-05,1984873,Top Nosh Grub,Restaurant/Cafe/Canteen,Montagu Arcade Montagu Square High Street,Mexborough,Doncaster,,S64 9AJ,Doncaster,AwaitingInspection,,FHRS,False,,,"Montagu Arcade Montagu Square High Street, Mexborough, Doncaster, S64 9AJ"
2026-09-05,1984778,Parish of St John Boste,Restaurant/Cafe/Canteen,St Catherines Rectory,Drovers Lane,Penrith,,CA11 9EL,Westmorland and Furness,5,2026-08-21,FHRS,False,,,"St Catherines Rectory, Drovers Lane, Penrith, CA11 9EL"
2026-09-05,1984753,Bru X Play PDL,Restaurant/Cafe/Canteen,Pera Business Park,Nottingham Road,Melton Mowbray,,LE13 0PB,Melton,AwaitingInspection,,FHRS,False,,,"Pera Business Park, Nottingham Road, Melton Mowbray, LE13 0PB"
2026-09-05,1984754,The Thatch,Restaurant/Cafe/Canteen,26 High Street,Bottesford,Nottingham,,NG13 0AA,Melton,AwaitingInspection,,FHRS,False,,,"26 High Street, Bottesford, Nottingham, NG13 0AA"
2026-09-05,1984854,Korner,Restaurant/Cafe/Canteen,,,,,,Solihull,AwaitingInspection,,FHRS,False,,,
2026-09-05,1984924,Sheesh,Restaurant/Cafe/Canteen,260-262 Lytham Road,Blackpool,,,FY1 6EX,Blackpool,AwaitingInspection,,FHRS,False,,,"260-262 Lytham Road, Blackpool, FY1 6EX"
2026-09-05,1984920,Tuktuk Indian Street Food,Restaurant/Cafe/Canteen,291-295 Promenade,Blackpool,,,FY1 6AL,Blackpool,5,2026-04-29,FHRS,False,,,"291-295 Promenade, Blackpool, FY1 6AL"
2026-09-05,1984770,Khai Bangladeshi Restaurant,Restaurant/Cafe/Canteen,78 Broad Street,Ely,Cambridgeshire,,CB7 4BE,East Cambridgeshire,AwaitingInspection,,FHRS,False,,,"78 Broad Street, Ely, Cambridgeshire, CB7 4BE"
2026-09-05,1984956,Cafe 107,Restaurant/Cafe/Canteen,,107 Northgate Street,Great Yarmouth,Norfolk,NR30 1BP,Great Yarmouth,AwaitingInspection,,FHRS,False,,,"107 Northgate Street, Great Yarmouth, Norfolk, NR30 1BP"
2026-09-05,1984959,Os Zamiguin,Restaurant/Cafe/Canteen,,50 King Street,Great Yarmouth,Norfolk,NR30 2PW,Great Yarmouth,AwaitingInspection,,FHRS,False,,,"50 King Street, Great Yarmouth, Norfolk, NR30 2PW"
2026-09-05,1984705,KFC,Restaurant/Cafe/Canteen,KFC,121 - 123 South Road,Haywards Heath,West Sussex,RH16 4LR,Mid Sussex,AwaitingInspection,,FHRS,False,,,"KFC, 121 - 123 South Road, Haywards Heath, West Sussex, RH16 4LR"
2026-09-05,1984915,Cafe Riwa,Restaurant/Cafe/Canteen,7 - 9 Leeds Road,Nelson,Lancashire,,BB9 9SZ,Pendle,AwaitingInspection,,FHRS,False,,,"7 - 9 Leeds Road, Nelson, Lancashire, BB9 9SZ"
2026-09-05,1984900,Docker Dover,Restaurant/Cafe/Canteen,The Bench 15 Bench Street,,Dover,,CT16 1JW,Dover,AwaitingInspection,,FHRS,False,,,"The Bench 15 Bench Street, Dover, CT16 1JW"
2026-09-05,1984898,LDC Care Company Ltd (The Brew Crew),Restaurant/Cafe/Canteen,109 Barton Road,,Dover,,CT16 2LX,Dover,AwaitingInspection,,FHRS,False,,,"109 Barton Road, Dover, CT16 2LX"
2026-09-05,1984899,Yellow Giraffe,Restaurant/Cafe/Canteen,54a High Street,,Deal,,CT14 6HE,Dover,AwaitingInspection,,FHRS,True,,,"54a High Street, Deal, CT14 6HE"
2026-09-05,1984666,Zelicious Food,Restaurant/Cafe/Canteen,21 Landseer Close,Wellingborough,,,NN8 4HF,North Northamptonshire,AwaitingInspection,,FHRS,False,,,"21 Landseer Close, Wellingborough, NN8 4HF"
2026-09-05,1948787,Cornish Rail Coffee Company,Restaurant/Cafe/Canteen,The Branch Line Tearoom,Cafe At,Station Approach,St Erth,TR27 6JW,Cornwall,5,2026-08-12,FHRS,False,,,"The Branch Line Tearoom, Cafe At, Station Approach, St Erth, TR27 6JW"
2026-09-05,1940703,"Fry Buoys, Frooth",Restaurant/Cafe/Canteen,Carlyon Beach Trading Ltd,Fry Buoys And Frooth,Crinnis Beach,Carlyon Bay,PL25 3RG,Cornwall,5,2026-08-26,FHRS,False,,,"Carlyon Beach Trading Ltd, Fry Buoys And Frooth, Crinnis Beach, Carlyon Bay, PL25 3RG"
2026-09-05,1733174,Krispy Kreme,Restaurant/Cafe/Canteen,9 St Nicholas Street,Truro,Cornwall,,TR1 2RL,Cornwall,5,2026-08-26,FHRS,False,,,"9 St Nicholas Street, Truro, Cornwall, TR1 2RL"
2026-09-05,1944264,The Mighty Anglers CIC,Restaurant/Cafe/Canteen,Kernow Coarse Fishery,Strawberry Lane,Hayle,Cornwall,TR27 5JS,Cornwall,5,2026-08-24,FHRS,False,,,"Kernow Coarse Fishery, Strawberry Lane, Hayle, Cornwall, TR27 5JS"
2026-09-05,1702907,The Roseland Centre,Restaurant/Cafe/Canteen,Roseland Outdoor Education Centre,St Just In Roseland,Truro,Cornwall,TR2 5JA,Cornwall,5,2026-08-11,FHRS,False,,,"Roseland Outdoor Education Centre, St Just In Roseland, Truro, Cornwall, TR2 5JA"
2026-09-05,1960665,The Wagon Farm Shop And Cafe,Restaurant/Cafe/Canteen,Besowsa Farm,Grampound Road,Truro,Cornwall,TR2 4HB,Cornwall,5,2026-08-25,FHRS,False,,,"Besowsa Farm, Grampound Road, Truro, Cornwall, TR2 4HB"
2026-09-05,1984884,Commercial catering solutions,Restaurant/Cafe/Canteen,Dereham Golf Club Quebec Road,,Dereham,Norfolk,NR19 2DS,Breckland,AwaitingInspection,,FHRS,False,,,"Dereham Golf Club Quebec Road, Dereham, Norfolk, NR19 2DS"
2026-09-05,1743902,Elizabeth's Classic Bakery,Restaurant/Cafe/Canteen,,,,,,Merton,4,2024-11-12,FHRS,False,,,
2026-09-05,1984760,Rios Piri Piri,Restaurant/Cafe/Canteen,38 Aberconway Road,,Morden,Merton,SM4 5LF,Merton,AwaitingInspection,,FHRS,False,,,"38 Aberconway Road, Morden, Merton, SM4 5LF"
2026-09-05,1984811,Latte Lounge @ George Street Furnishers,Restaurant/Cafe/Canteen,19 - 24 George Street,Newport,South Wales,,NP20 1EN,Newport,AwaitingInspection,,FHRS,False,,,"19 - 24 George Street, Newport, South Wales, NP20 1EN"
2026-09-05,1984810,The Stuffed Muffin,Restaurant/Cafe/Canteen,Unit 23,Kingsway Centre,John Frost Square,Newport,NP20 1EB,Newport,AwaitingInspection,,FHRS,False,,,"Unit 23, Kingsway Centre, John Frost Square, Newport, NP20 1EB"
2026-09-05,1971916,Collection of Hope,Restaurant/Cafe/Canteen,595 Calder Road,Edinburgh,,,EH11 4HH,Edinburgh (City of),Awaiting Inspection,2026-07-22,FHIS,False,,,"595 Calder Road, Edinburgh, EH11 4HH"
2026-09-05,1984945,Crane House,Restaurant/Cafe/Canteen,87-89 Newhaven Road,Edinburgh,,,EH6 5QJ,Edinburgh (City of),Awaiting Inspection,2026-09-03,FHIS,False,,,"87-89 Newhaven Road, Edinburgh, EH6 5QJ"
2026-09-05,1984948,Hutton's Catering and Cakes,Restaurant/Cafe/Canteen,13 Crewe Road South,Edinburgh,,,EH4 2LD,Edinburgh (City of),Awaiting Inspection,2026-09-04,FHIS,False,,,"13 Crewe Road South, Edinburgh, EH4 2LD"
2026-09-05,1984943,Kahani Indian Street Food,Restaurant/Cafe/Canteen,10-11 Antigua Street,Edinburgh,,,EH1 3NH,Edinburgh (City of),Awaiting Inspection,2026-09-02,FHIS,False,,,"10-11 Antigua Street, Edinburgh, EH1 3NH"
2026-09-05,1984937,Kirk n Kettle,Restaurant/Cafe/Canteen,12 Newkirkgate,Edinburgh,,,EH6 6AD,Edinburgh (City of),Awaiting Inspection,2026-08-31,FHIS,False,,,"12 Newkirkgate, Edinburgh, EH6 6AD"
2026-09-05,1984947,Pius Burns Abayie Danso,Restaurant/Cafe/Canteen,595 Calder Road,Edinburgh,,,EH11 4HH,Edinburgh (City of),Awaiting Inspection,2026-09-04,FHIS,False,,,"595 Calder Road, Edinburgh, EH11 4HH"
2026-09-05,1984942,Roses Bahar Cafe,Restaurant/Cafe/Canteen,143 Dundee Street,Edinburgh,,,EH11 1BP,Edinburgh (City of),Awaiting Inspection,2026-09-02,FHIS,False,,,"143 Dundee Street, Edinburgh, EH11 1BP"
2026-09-05,1984811,Latte Lounge @ George Street Furnishers,Restaurant/Cafe/Canteen,19 - 24 George Street,Newport,South Wales,,NP20 1EN,Casnewydd,AwaitingInspection,,FHRS,False,,,"19 - 24 George Street, Newport, South Wales, NP20 1EN"
2026-09-05,1984810,The Stuffed Muffin,Restaurant/Cafe/Canteen,Unit 23,Kingsway Centre,John Frost Square,Newport,NP20 1EB,Casnewydd,AwaitingInspection,,FHRS,False,,,"Unit 23, Kingsway Centre, John Frost Square, Newport, NP20 1EB"
2026-09-05,1984795,Sheppey Cafe And Restaurant Ltd,Restaurant/Cafe/Canteen,18 High Street,Sheerness,Kent,,ME12 1NL,Swale,AwaitingInspection,,FHRS,False,,,"18 High Street, Sheerness, Kent, ME12 1NL"
2026-09-05,1984789,Subway,Restaurant/Cafe/Canteen,111 High Street,Sittingbourne,Kent,,ME10 4AJ,Swale,5,2026-08-21,FHRS,False,,,"111 High Street, Sittingbourne, Kent, ME10 4AJ"
2026-09-05,1984791,Valerie's,Restaurant/Cafe/Canteen,Golden Leas Holiday Park,Plough Road,Minster-on-sea,Kent,ME12 4JF,Swale,AwaitingInspection,,FHRS,False,,,"Golden Leas Holiday Park, Plough Road, Minster-on-sea, Kent, ME12 4JF"
2026-09-05,1984907,Beyond Cofee,Restaurant/Cafe/Canteen,45 Chapel Street,Cheadle,Stoke-On-Trent,,ST10 1DU,Staffordshire Moorlands,AwaitingInspection,,FHRS,False,,,"45 Chapel Street, Cheadle, Stoke-On-Trent, ST10 1DU"
2026-09-05,1984905,Corner Cupboard,Restaurant/Cafe/Canteen,12 Ashbourne Road,Leek,Staffordshire,,ST13 5AS,Staffordshire Moorlands,AwaitingInspection,,FHRS,False,,,"12 Ashbourne Road, Leek, Staffordshire, ST13 5AS"
2026-09-06,1785780,West Bengal Spice,Restaurant/Cafe/Canteen,,,146 Andersonstown Road,Belfast,BT11 9BY,Belfast City,1,2026-07-31,FHRS,False,54.5732688903809,-5.98869800567627,"146 Andersonstown Road, Belfast, BT11 9BY"
2026-09-08,1985175,Flight,Restaurant/Cafe/Canteen,53-55 Strand Road,Edenballymore,Londonderry,Londonderry,BT48 7BN,Derry City and Strabane,AwaitingInspection,,FHRS,False,,,"53-55 Strand Road, Edenballymore, Londonderry, Londonderry, BT48 7BN"
2026-09-08,1985180,The cafe @ 205,Restaurant/Cafe/Canteen,Cross,,Londonderry,,BT47 3HX,Derry City and Strabane,AwaitingInspection,,FHRS,False,,,"Cross, Londonderry, BT47 3HX"
2026-09-08,1985110,Holywell Health & Wellness,Restaurant/Cafe/Canteen,Holywell Health & Wellness,29 The Mews High Street,Holywell,Flintshire,CH8 7TE,Sir y Fflint,AwaitingInspection,,FHRS,False,,,"Holywell Health & Wellness, 29 The Mews High Street, Holywell, Flintshire, CH8 7TE"
2026-09-08,1985270,Alfie's,Restaurant/Cafe/Canteen,Grosvenor Stores,The Green,Datchet,Slough,SL3 9EH,Windsor and Maidenhead,AwaitingInspection,,FHRS,False,,,"Grosvenor Stores, The Green, Datchet, Slough, SL3 9EH"
2026-09-08,1985073,Happy Burger,Restaurant/Cafe/Canteen,The Reource Centre Malmo Food Innovation And Technology Park,Malmo Road,Kingston Upon Hull,,HU7 0YF,Hull City,AwaitingInspection,,FHRS,False,,,"The Reource Centre Malmo Food Innovation And Technology Park, Malmo Road, Kingston Upon Hull, HU7 0YF"
2026-09-08,1985040,Coco & co,Restaurant/Cafe/Canteen,117 - 119 Fenham Hall Drive,,Newcastle Upon Tyne,,NE4 9XB,Newcastle Upon Tyne,AwaitingInspection,,FHRS,False,,,"117 - 119 Fenham Hall Drive, Newcastle Upon Tyne, NE4 9XB"
2026-09-08,1985031,Fully Loaded,Restaurant/Cafe/Canteen,Newcastle College John Marley Centre Muscott Grove,,Newcastle Upon Tyne,,NE15 6TT,Newcastle Upon Tyne,AwaitingInspection,,FHRS,False,,,"Newcastle College John Marley Centre Muscott Grove, Newcastle Upon Tyne, NE15 6TT"
2026-09-08,1985045,LOCAL HQ (Coffe Bar),Restaurant/Cafe/Canteen,Unit B3 Benfield Business Park Benfield Road,,Newcastle Upon Tyne,,NE6 4NQ,Newcastle Upon Tyne,AwaitingInspection,,FHRS,False,,,"Unit B3 Benfield Business Park Benfield Road, Newcastle Upon Tyne, NE6 4NQ"
2026-09-08,1985035,Parm-O-Rama,Restaurant/Cafe/Canteen,The Holy Hobo Three Jesmond Three Sixty,,Newcastle Upon Tyne,,NE2 1DB,Newcastle Upon Tyne,AwaitingInspection,,FHRS,False,,,"The Holy Hobo Three Jesmond Three Sixty, Newcastle Upon Tyne, NE2 1DB"
2026-09-08,1985036,The Siam cafe,Restaurant/Cafe/Canteen,The Siam Cafe 4 Waterloo Street,,Newcastle Upon Tyne,,NE1 4DG,Newcastle Upon Tyne,AwaitingInspection,,FHRS,True,,,"The Siam Cafe 4 Waterloo Street, Newcastle Upon Tyne, NE1 4DG"
2026-09-08,1851434,Fortunate Son Coffee Co,Restaurant/Cafe/Canteen,18 Regency Mews,,,NORTHALLERTON,DL7 8PD,North Yorkshire,5,2026-05-07,FHRS,False,,,"18 Regency Mews, NORTHALLERTON, DL7 8PD"
2026-09-08,1985360,Good,Restaurant/Cafe/Canteen,49 HIGH STREET,,,KNARESBOROUGH,HG5 0HB,North Yorkshire,AwaitingInspection,,FHRS,False,,,"49 HIGH STREET, KNARESBOROUGH, HG5 0HB"
2026-09-08,1985106,Cafe Romeros,Restaurant/Cafe/Canteen,Cafe,67 Carntynehall Road,Glasgow,,G32 6AA,Glasgow City,Awaiting Inspection,2026-09-04,FHIS,False,,,"Cafe, 67 Carntynehall Road, Glasgow, G32 6AA"
2026-09-08,1985079,Elate Cafe,Restaurant/Cafe/Canteen,,100 Minard Road,Glasgow,,G41 2DL,Glasgow City,Pass,2026-08-21,FHIS,False,,,"100 Minard Road, Glasgow, G41 2DL"
2026-09-08,1985273,Honeypie,Restaurant/Cafe/Canteen,Flat 8,66 Milnpark Gardens,Glasgow,,G41 1DW,Glasgow City,Awaiting Inspection,2026-09-07,FHIS,False,,,"Flat 8, 66 Milnpark Gardens, Glasgow, G41 1DW"
2026-09-08,1985080,Mister Singh's India,Restaurant/Cafe/Canteen,,149 Elderslie Street,Glasgow,,G3 7AW,Glasgow City,Improvement Required,2026-08-21,FHIS,False,,,"149 Elderslie Street, Glasgow, G3 7AW"
2026-09-08,1985090,Noodle Inn Glasgow,Restaurant/Cafe/Canteen,,122 Byres Road,Glasgow,,G12 8TB,Glasgow City,Awaiting Inspection,2026-08-27,FHIS,False,,,"122 Byres Road, Glasgow, G12 8TB"
2026-09-08,1985102,Olivia's,Restaurant/Cafe/Canteen,,348 Crow Road,Glasgow,,G11 7HT,Glasgow City,Awaiting Inspection,2026-09-03,FHIS,False,,,"348 Crow Road, Glasgow, G11 7HT"
2026-09-08,1985098,Rudys Pizza - Glasgow,Restaurant/Cafe/Canteen,,35 Gordon Street,Glasgow,,G1 3PF,Glasgow City,Awaiting Inspection,2026-09-02,FHIS,False,,,"35 Gordon Street, Glasgow, G1 3PF"
2026-09-08,1985092,Shirin Kitchen Cafe,Restaurant/Cafe/Canteen,,430 Dumbarton Road,Glasgow,,G11 6SB,Glasgow City,Awaiting Inspection,2026-08-27,FHIS,False,,,"430 Dumbarton Road, Glasgow, G11 6SB"
2026-09-08,1985096,The Grazing Gal,Restaurant/Cafe/Canteen,,395 Peat Road,Glasgow,,G53 6SE,Glasgow City,Awaiting Inspection,2026-09-02,FHIS,False,,,"395 Peat Road, Glasgow, G53 6SE"
2026-09-08,1985085,The Kiosk,Restaurant/Cafe/Canteen,,391 Langside Road,Glasgow,,G42 8DA,Glasgow City,Awaiting Inspection,2026-08-25,FHIS,False,,,"391 Langside Road, Glasgow, G42 8DA"
2026-09-08,1985082,Toro Coffee,Restaurant/Cafe/Canteen,,1484 Pollokshaws Road,Glasgow,,G43 1RE,Glasgow City,Awaiting Inspection,2026-08-21,FHIS,False,,,"1484 Pollokshaws Road, Glasgow, G43 1RE"
2026-09-08,1985107,Vera,Restaurant/Cafe/Canteen,,138 Nithsdale Road,Glasgow,,G41 5RB,Glasgow City,Awaiting Inspection,2026-09-04,FHIS,False,,,"138 Nithsdale Road, Glasgow, G41 5RB"
2026-09-08,1985095,Vera,Restaurant/Cafe/Canteen,,138 Nithsdale Road,Glasgow,,G41 5RB,Glasgow City,Awaiting Inspection,2026-09-01,FHIS,False,,,"138 Nithsdale Road, Glasgow, G41 5RB"
2026-09-08,1985186,Amos Coffee,Restaurant/Cafe/Canteen,Cafe,242 High Road,Wood Green,London,N22 8JX,Haringey,3,2025-11-13,FHRS,False,,,"Cafe, 242 High Road, Wood Green, London, N22 8JX"
2026-09-08,1985188,Root & Bloom,Restaurant/Cafe/Canteen,Unit B Solar House,37 Station Road,Wood Green,London,N22 6AF,Haringey,5,2026-08-27,FHRS,False,,,"Unit B Solar House, 37 Station Road, Wood Green, London, N22 6AF"
2026-09-08,1985414,Dreams Coffee Lounge,Restaurant/Cafe/Canteen,59 St Giles Street,Northampton,NN1 1JF,,NN1 1JF,West Northamptonshire,5,2026-08-24,FHRS,False,,,"59 St Giles Street, Northampton, NN1 1JF, NN1 1JF"
2026-09-08,1985259,Sodexo Ltd,Restaurant/Cafe/Canteen,160 Aldersgate Street,London,,,EC1A 4HT,City of London Corporation,AwaitingInspection,,FHRS,False,,,"160 Aldersgate Street, London, EC1A 4HT"
2026-09-08,1985258,The Service,Restaurant/Cafe/Canteen,Basement Retail Unit,107 Fenchurch Street,London,,EC3M 5JF,City of London Corporation,AwaitingInspection,,FHRS,False,,,"Basement Retail Unit, 107 Fenchurch Street, London, EC3M 5JF"
2026-09-08,1985124,Caffè Corato,Restaurant/Cafe/Canteen,4 Shelvers Hill,Tadworth,Surrey,,KT20 5PU,Reigate and Banstead,AwaitingInspection,,FHRS,False,,,"4 Shelvers Hill, Tadworth, Surrey, KT20 5PU"
2026-09-08,1083321,Rustico Neapolitan Street Food,Restaurant/Cafe/Canteen,42B High Street,,Battle,East Sussex,TN33 0EE,Rother,5,2026-09-04,FHRS,False,,,"42B High Street, Battle, East Sussex, TN33 0EE"
2026-09-08,1985156,Grandeur Noire,Restaurant/Cafe/Canteen,10 Brougham Terrace West Derby Road,,Liverpool,,L6 1AE,Liverpool,AwaitingInspection,,FHRS,False,,,"10 Brougham Terrace West Derby Road, Liverpool, L6 1AE"
2026-09-08,1985151,KAYF,Restaurant/Cafe/Canteen,144 Smithdown Road,,Liverpool,,L15 3JR,Liverpool,AwaitingInspection,,FHRS,False,,,"144 Smithdown Road, Liverpool, L15 3JR"
2026-09-08,1985150,Nomad Cafe/Bistro,Restaurant/Cafe/Canteen,431 Smithdown Road,,Liverpool,,L15 3JL,Liverpool,AwaitingInspection,,FHRS,False,,,"431 Smithdown Road, Liverpool, L15 3JL"
2026-09-08,1985141,Shirin cafe,Restaurant/Cafe/Canteen,3 - 4 Williamson Square,,Liverpool,,L1 1EQ,Liverpool,AwaitingInspection,,FHRS,False,,,"3 - 4 Williamson Square, Liverpool, L1 1EQ"
2026-09-08,1985225,Sugar Rush Social,Restaurant/Cafe/Canteen,,Times Square,Longton,Stoke-On-Trent,ST3 1BZ,Stoke-On-Trent,AwaitingInspection,,FHRS,False,,,"Times Square, Longton, Stoke-On-Trent, ST3 1BZ"
2026-09-08,1985064,The Greens,Restaurant/Cafe/Canteen,Hickleton Golf Club Lidget Lane,Hickleton,Doncaster,,DN5 7BE,Doncaster,AwaitingInspection,,FHRS,False,,,"Hickleton Golf Club Lidget Lane, Hickleton, Doncaster, DN5 7BE"
2026-09-08,1985416,Fiza’s Treats,Restaurant/Cafe/Canteen,,,,,,Hounslow,AwaitingInspection,,FHRS,False,,,
2026-09-08,1763280,Kabul Ice Cream / Kabul Ice Cream & Fresh Juice LTD,Restaurant/Cafe/Canteen,Unit 1,34 High Street,Hounslow,,TW3 1NW,Hounslow,AwaitingInspection,,FHRS,False,,,"Unit 1, 34 High Street, Hounslow, TW3 1NW"
2026-09-08,1985162,Plant Dewi Dads Project,Restaurant/Cafe/Canteen,Bush Hill,,Pembroke,Pembrokeshire,SA71 4RL,Sir Benfro,AwaitingInspection,,FHRS,False,,,"Bush Hill, Pembroke, Pembrokeshire, SA71 4RL"
2026-09-08,1985208,Meadow View Country Park,Restaurant/Cafe/Canteen,Hartsbridge,,Wigbeth,Dorset,BH21 7JH,Dorset,AwaitingInspection,,FHRS,False,,,"Hartsbridge, Wigbeth, Dorset, BH21 7JH"
2026-09-08,1985211,Sea Saw,Restaurant/Cafe/Canteen,6 King Street,,Weymouth,Dorset,DT4 7BH,Dorset,AwaitingInspection,,FHRS,False,,,"6 King Street, Weymouth, Dorset, DT4 7BH"
2026-09-08,1985199,The Cosy Crumb Cafe,Restaurant/Cafe/Canteen,152 Wareham Road,,Corfe Mullen,Dorset,BH21 3LJ,Dorset,AwaitingInspection,,FHRS,False,,,"152 Wareham Road, Corfe Mullen, Dorset, BH21 3LJ"
2026-09-08,1985214,The Little Harbour Club,Restaurant/Cafe/Canteen,13a Custom House Quay,,Weymouth,,DT4 8BG,Dorset,AwaitingInspection,,FHRS,False,,,"13a Custom House Quay, Weymouth, DT4 8BG"
2026-09-08,1985198,Watering Can Cafe,Restaurant/Cafe/Canteen,Woodlands Nursery Gardens Poole Road,,Lytchett Matravers,Dorset,BH16 6AG,Dorset,AwaitingInspection,,FHRS,False,,,"Woodlands Nursery Gardens Poole Road, Lytchett Matravers, Dorset, BH16 6AG"
2026-09-08,1956500,McDonald's,Restaurant/Cafe/Canteen,24 Haslett Avenue West,Northgate,Crawley,West Sussex,RH10 1HS,Crawley,5,2026-09-03,FHRS,False,,,"24 Haslett Avenue West, Northgate, Crawley, West Sussex, RH10 1HS"
2026-09-08,1985327,Eight Buns,Restaurant/Cafe/Canteen,,218 High Street,,City Centre,SA1 1PE,Swansea,AwaitingInspection,,FHRS,False,,,"218 High Street, City Centre, SA1 1PE"
2026-09-08,1985312,Liberty Coffee Morning,Restaurant/Cafe/Canteen,,Siloh Church,,Pentre Treharne Road,SA1 2PN,Swansea,AwaitingInspection,,FHRS,False,,,"Siloh Church, Pentre Treharne Road, SA1 2PN"
2026-09-08,1985308,Ralados,Restaurant/Cafe/Canteen,,866 Carmarthen Road,,Fforestfach,SA5 8HR,Swansea,AwaitingInspection,,FHRS,False,,,"866 Carmarthen Road, Fforestfach, SA5 8HR"
2026-09-08,1985315,Smokey Beef Ltd,Restaurant/Cafe/Canteen,,218-219 High Street,,Swansea,SA1 1PE,Swansea,AwaitingInspection,,FHRS,False,,,"218-219 High Street, Swansea, SA1 1PE"
2026-09-08,1985320,South Mumbles Ltd,Restaurant/Cafe/Canteen,,50 Newton Road,,Mumbles,SA3 4BQ,Swansea,AwaitingInspection,,FHRS,False,,,"50 Newton Road, Mumbles, SA3 4BQ"
2026-09-08,1985303,The Foundary,Restaurant/Cafe/Canteen,,5 High Street,,City Centre,SA1 1LE,Swansea,AwaitingInspection,,FHRS,False,,,"5 High Street, City Centre, SA1 1LE"
2026-09-08,1985299,Ty Filasteen,Restaurant/Cafe/Canteen,,622 Mumbles Road,,Mumbles,SA3 4EA,Swansea,AwaitingInspection,,FHRS,False,,,"622 Mumbles Road, Mumbles, SA3 4EA"
2026-09-08,1985301,Zuno Play,Restaurant/Cafe/Canteen,,Unit 15 Parc Fforestfach,,Cadle,SA5 4BB,Swansea,AwaitingInspection,,FHRS,False,,,"Unit 15 Parc Fforestfach, Cadle, SA5 4BB"
2026-09-08,1985162,Plant Dewi Dads Project,Restaurant/Cafe/Canteen,Bush Hill,,Pembroke,Pembrokeshire,SA71 4RL,Pembrokeshire,AwaitingInspection,,FHRS,False,,,"Bush Hill, Pembroke, Pembrokeshire, SA71 4RL"
2026-09-08,1985357,Swan House Tea Room,Restaurant/Cafe/Canteen,Cone Valley,Woolaston,Lydney,Gloucestershire,GL15 6AD,Forest of Dean,AwaitingInspection,,FHRS,False,,,"Cone Valley, Woolaston, Lydney, Gloucestershire, GL15 6AD"
2026-09-08,299592,Amigos the Mexican,Restaurant/Cafe/Canteen,,30 Cavendish Street,,Ulverston,LA12 7AD,Westmorland and Furness,3,2026-07-15,FHRS,False,,,"30 Cavendish Street, Ulverston, LA12 7AD"
2026-09-08,1985284,Bea’thai,Restaurant/Cafe/Canteen,Kings Arms Ulverston,35 King Street,,Ulverston,LA12 7DZ,Westmorland and Furness,AwaitingInspection,,FHRS,False,,,"Kings Arms Ulverston, 35 King Street, Ulverston, LA12 7DZ"
2026-09-08,328674,Buns & Birds,Restaurant/Cafe/Canteen,Buns & Birds,Royal Square,,Bowness-On-Windermere,LA23 3DB,Westmorland and Furness,AwaitingInspection,,FHRS,True,,,"Buns & Birds, Royal Square, Bowness-On-Windermere, LA23 3DB"
2026-09-08,299809,Carr Bank Garden Centre,Restaurant/Cafe/Canteen,,Carr Bank Road,,Carr Bank,LA7 7JY,Westmorland and Furness,AwaitingInspection,,FHRS,False,,,"Carr Bank Road, Carr Bank, LA7 7JY"
2026-09-08,1967405,Common Pizza,Restaurant/Cafe/Canteen,,3 Lowther Street,,Kendal,LA9 4DH,Westmorland and Furness,AwaitingInspection,,FHRS,False,,,"3 Lowther Street, Kendal, LA9 4DH"
2026-09-08,1886426,Daisy Roots Book Shop,Restaurant/Cafe/Canteen,Daisy Roots Books,Main Street,,Grange Over Sands,LA11 6DP,Westmorland and Furness,AwaitingInspection,,FHRS,False,,,"Daisy Roots Books, Main Street, Grange Over Sands, LA11 6DP"
2026-09-08,1834034,Dirty Boots,Restaurant/Cafe/Canteen,,17 Wildman Street,,Kendal,LA9 6EN,Westmorland and Furness,5,2026-08-25,FHRS,False,,,"17 Wildman Street, Kendal, LA9 6EN"
2026-09-08,1985282,Fresh Food Cafe,Restaurant/Cafe/Canteen,The Lunesdale Hall,Bective Road,,Kirkby Lonsdale,LA6 2BG,Westmorland and Furness,AwaitingInspection,,FHRS,False,,,"The Lunesdale Hall, Bective Road, Kirkby Lonsdale, LA6 2BG"
2026-09-08,1930545,Make Lunch,Restaurant/Cafe/Canteen,St Thomas C Of E Primary School,Kendal Green,,Kendal,LA9 5PP,Westmorland and Furness,5,2026-08-25,FHRS,False,,,"St Thomas C Of E Primary School, Kendal Green, Kendal, LA9 5PP"
2026-09-08,1031231,Numero Nueve,Restaurant/Cafe/Canteen,,9 Market Street,,Kirkby Lonsdale,LA6 2AU,Westmorland and Furness,AwaitingInspection,,FHRS,False,,,"9 Market Street, Kirkby Lonsdale, LA6 2AU"
2026-09-08,936254,Qahwa & Brunch Co Ltd The French Bakers,Restaurant/Cafe/Canteen,,3 St Martins Parade,,Off St Martins Place,LA23 3DY,Westmorland and Furness,AwaitingInspection,,FHRS,False,,,"3 St Martins Parade, Off St Martins Place, LA23 3DY"
2026-09-08,328893,Regale Restaurant and Buffet,Restaurant/Cafe/Canteen,,15-17 Queen Street,,Ulverston,LA12 7AF,Westmorland and Furness,AwaitingInspection,,FHRS,False,,,"15-17 Queen Street, Ulverston, LA12 7AF"
2026-09-08,328617,Santo Pizzeria,Restaurant/Cafe/Canteen,,3-4 Cheapside,,Ambleside,LA22 0AB,Westmorland and Furness,AwaitingInspection,,FHRS,False,,,"3-4 Cheapside, Ambleside, LA22 0AB"
2026-09-08,1531308,The Kiln House,Restaurant/Cafe/Canteen,Radio House,Church Street,,Ambleside,LA22 0BU,Westmorland and Furness,5,2026-08-14,FHRS,False,,,"Radio House, Church Street, Ambleside, LA22 0BU"
2026-09-08,299390,The Meadows Cafe,Restaurant/Cafe/Canteen,Brockhole National Park Centre,Ecclerigg,,Windermere,LA23 1FF,Westmorland and Furness,AwaitingInspection,,FHRS,False,,,"Brockhole National Park Centre, Ecclerigg, Windermere, LA23 1FF"
2026-09-08,299299,Trenchers Restaurant Bowness,Restaurant/Cafe/Canteen,,Rectory Road,,Bowness,LA23 3HG,Westmorland and Furness,5,2026-08-20,FHRS,False,,,"Rectory Road, Bowness, LA23 3HG"
2026-09-08,1941537,White House Cafe,Restaurant/Cafe/Canteen,Visitors Centre,Brockhole National Park,,Ecclerigg,LA23 1FF,Westmorland and Furness,5,2026-07-28,FHRS,False,,,"Visitors Centre, Brockhole National Park, Ecclerigg, LA23 1FF"
2026-09-08,1985395,JP Coffee,Restaurant/Cafe/Canteen,Ground Floor Basepoint Pine Grove Enterprise Centre Pine Grove,,Crowborough,East Sussex,TN6 1DH,Wealden,AwaitingInspection,,FHRS,False,,,"Ground Floor Basepoint Pine Grove Enterprise Centre Pine Grove, Crowborough, East Sussex, TN6 1DH"
2026-09-08,1985335,KATHMANDU MASALA,Restaurant/Cafe/Canteen,263 Croydon Road,,Beckenham,,BR3 3PS,Bromley,AwaitingInspection,,FHRS,False,,,"263 Croydon Road, Beckenham, BR3 3PS"
2026-09-08,1985132,Ink & Ember,Restaurant/Cafe/Canteen,25 Queensgate Shopping Centre,Westgate,Peterborough,,PE1 1NH,Peterborough City,AwaitingInspection,,FHRS,False,,,"25 Queensgate Shopping Centre, Westgate, Peterborough, PE1 1NH"
2026-09-08,1985139,The Delichef by Divino,Restaurant/Cafe/Canteen,Murphy Peterborough Compressor Station,Gasworks Road,Werrington,Peterborough,PE6 7HH,Peterborough City,AwaitingInspection,,FHRS,False,,,"Murphy Peterborough Compressor Station, Gasworks Road, Werrington, Peterborough, PE6 7HH"
2026-09-08,1985327,Eight Buns,Restaurant/Cafe/Canteen,,218 High Street,,City Centre,SA1 1PE,Abertawe,AwaitingInspection,,FHRS,False,,,"218 High Street, City Centre, SA1 1PE"
2026-09-08,1985312,Liberty Coffee Morning,Restaurant/Cafe/Canteen,,Siloh Church,,Pentre Treharne Road,SA1 2PN,Abertawe,AwaitingInspection,,FHRS,False,,,"Siloh Church, Pentre Treharne Road, SA1 2PN"
2026-09-08,1985308,Ralados,Restaurant/Cafe/Canteen,,866 Carmarthen Road,,Fforestfach,SA5 8HR,Abertawe,AwaitingInspection,,FHRS,False,,,"866 Carmarthen Road, Fforestfach, SA5 8HR"
2026-09-08,1985315,Smokey Beef Ltd,Restaurant/Cafe/Canteen,,218-219 High Street,,Swansea,SA1 1PE,Abertawe,AwaitingInspection,,FHRS,False,,,"218-219 High Street, Swansea, SA1 1PE"
2026-09-08,1985320,South Mumbles Ltd,Restaurant/Cafe/Canteen,,50 Newton Road,,Mumbles,SA3 4BQ,Abertawe,AwaitingInspection,,FHRS,False,,,"50 Newton Road, Mumbles, SA3 4BQ"
2026-09-08,1985303,The Foundary,Restaurant/Cafe/Canteen,,5 High Street,,City Centre,SA1 1LE,Abertawe,AwaitingInspection,,FHRS,False,,,"5 High Street, City Centre, SA1 1LE"
2026-09-08,1985299,Ty Filasteen,Restaurant/Cafe/Canteen,,622 Mumbles Road,,Mumbles,SA3 4EA,Abertawe,AwaitingInspection,,FHRS,False,,,"622 Mumbles Road, Mumbles, SA3 4EA"
2026-09-08,1985301,Zuno Play,Restaurant/Cafe/Canteen,,Unit 15 Parc Fforestfach,,Cadle,SA5 4BB,Abertawe,AwaitingInspection,,FHRS,False,,,"Unit 15 Parc Fforestfach, Cadle, SA5 4BB"
2026-09-08,1985434,Bread Ahead Bakery & School,Restaurant/Cafe/Canteen,92-94 High Street,Harpenden,Hertfordshire,,AL5 2SP,St Albans City,AwaitingInspection,,FHRS,False,,,"92-94 High Street, Harpenden, Hertfordshire, AL5 2SP"
2026-09-08,1985431,Costa Coffee,Restaurant/Cafe/Canteen,Verulam Point,Station Way,St Albans,Hertfordshire,AL1 5HE,St Albans City,AwaitingInspection,,FHRS,False,,,"Verulam Point, Station Way, St Albans, Hertfordshire, AL1 5HE"
2026-09-08,1985425,Giggle Grove,Restaurant/Cafe/Canteen,230 Hatfield Road,St Albans,Hertfordshire,,AL1 4LW,St Albans City,AwaitingInspection,,FHRS,False,,,"230 Hatfield Road, St Albans, Hertfordshire, AL1 4LW"
2026-09-08,1985432,Kindi Cafe and Play,Restaurant/Cafe/Canteen,Methodist Church,Marlborough Road,St Albans,Hertfordshire,AL1 3XG,St Albans City,AwaitingInspection,,FHRS,False,,,"Methodist Church, Marlborough Road, St Albans, Hertfordshire, AL1 3XG"
2026-09-08,1985438,Sarakh,Restaurant/Cafe/Canteen,2 Grove Road,Harpenden,Hertfordshire,,AL5 1PX,St Albans City,AwaitingInspection,,FHRS,True,,,"2 Grove Road, Harpenden, Hertfordshire, AL5 1PX"
2026-09-08,1985415,Bebo's Cafe And Pizza,Restaurant/Cafe/Canteen,8 High Street,Downley,Buckinghamshire,,HP13 5XJ,Buckinghamshire,2,2025-06-24,FHRS,False,,,"8 High Street, Downley, Buckinghamshire, HP13 5XJ"
2026-09-08,1985405,Burgermia,Restaurant/Cafe/Canteen,131 Station Road,Amersham,Buckinghamshire,,HP7 0AH,Buckinghamshire,AwaitingInspection,,FHRS,False,,,"131 Station Road, Amersham, Buckinghamshire, HP7 0AH"
2026-09-08,1985399,The Big Fish and Kebabs,Restaurant/Cafe/Canteen,302A Meadowcroft,Aylesbury,Buckinghamshire,,HP19 9HZ,Buckinghamshire,AwaitingInspection,,FHRS,False,,,"302A Meadowcroft, Aylesbury, Buckinghamshire, HP19 9HZ"
2026-09-08,1985408,Urban Thai,Restaurant/Cafe/Canteen,16 Duke Street,Princes Risborough,Buckinghamshire,,HP27 0AT,Buckinghamshire,AwaitingInspection,,FHRS,False,,,"16 Duke Street, Princes Risborough, Buckinghamshire, HP27 0AT"
2026-09-08,1910542,Chelles Catering,Restaurant/Cafe/Canteen,Aberaeron Yacht Club Beach Parade,,Aberaeron,Ceredigion,SA46 0BE,Ceredigion,5,2026-08-30,FHRS,False,,,"Aberaeron Yacht Club Beach Parade, Aberaeron, Ceredigion, SA46 0BE"
2026-09-08,1985253,The Northwic,Restaurant/Cafe/Canteen,15 - 15A Lower Goat Lane,Norwich,,,NR2 1EL,Norwich City,AwaitingInspection,,FHRS,False,,,"15 - 15A Lower Goat Lane, Norwich, NR2 1EL"
2026-09-08,1910542,Chelles Catering,Restaurant/Cafe/Canteen,Aberaeron Yacht Club Beach Parade,,Aberaeron,Ceredigion,SA46 0BE,Ceredigion,5,2026-08-30,FHRS,False,,,"Aberaeron Yacht Club Beach Parade, Aberaeron, Ceredigion, SA46 0BE"
2026-09-08,1985014,CTR GROUP,Restaurant/Cafe/Canteen,Unit 30,Marchington Industrial Estate,Stubby Lane,Marchington,ST14 8LP,East Staffordshire,AwaitingInspection,,FHRS,False,,,"Unit 30, Marchington Industrial Estate, Stubby Lane, Marchington, ST14 8LP"
2026-09-08,1985022,Pops,Restaurant/Cafe/Canteen,HM Prison Dovegate,Moreton Lane,Draycott in the Clay,Uttoxeter,ST14 8XR,East Staffordshire,AwaitingInspection,,FHRS,False,,,"HM Prison Dovegate, Moreton Lane, Draycott in the Clay, Uttoxeter, ST14 8XR"
2026-09-08,1985028,Scoops Express,Restaurant/Cafe/Canteen,19 Derby Street,Burton upon Trent,,,DE14 2LA,East Staffordshire,AwaitingInspection,,FHRS,False,,,"19 Derby Street, Burton upon Trent, DE14 2LA"
2026-09-08,1985027,The Annapurna,Restaurant/Cafe/Canteen,25 Market Place,Uttoxeter,,,ST14 8HL,East Staffordshire,AwaitingInspection,,FHRS,False,,,"25 Market Place, Uttoxeter, ST14 8HL"
2026-09-08,1985011,The Coffee House,Restaurant/Cafe/Canteen,195A Station Street,Burton upon Trent,,,DE14 1AN,East Staffordshire,AwaitingInspection,,FHRS,False,,,"195A Station Street, Burton upon Trent, DE14 1AN"
2026-09-08,1985021,Velvet Crave,Restaurant/Cafe/Canteen,40 Market Place,Uttoxeter,,,ST14 8HP,East Staffordshire,AwaitingInspection,,FHRS,False,,,"40 Market Place, Uttoxeter, ST14 8HP"
2026-09-08,1985344,Urban Fuel Kitchen,Restaurant/Cafe/Canteen,Urban Fuel Kitchen,15 Market Avenue,Ashton-under-lyne,Tameside,OL6 6AL,Tameside,AwaitingInspection,,FHRS,False,,,"Urban Fuel Kitchen, 15 Market Avenue, Ashton-under-lyne, Tameside, OL6 6AL"
2026-09-08,1985110,Holywell Health & Wellness,Restaurant/Cafe/Canteen,Holywell Health & Wellness,29 The Mews High Street,Holywell,Flintshire,CH8 7TE,Flintshire,AwaitingInspection,,FHRS,False,,,"Holywell Health & Wellness, 29 The Mews High Street, Holywell, Flintshire, CH8 7TE"
2026-09-08,1981863,Amazing Asia,Restaurant/Cafe/Canteen,,30-34 St James Street,Weston-Super-Mare,,BS23 1ST,North Somerset,5,2025-11-13,FHRS,False,,,"30-34 St James Street, Weston-Super-Mare, BS23 1ST"
2026-09-08,1985067,Dirty Dawgs Catering,Restaurant/Cafe/Canteen,57 High Street,Coldstream,,Scottish Borders,TD12 4DL,Scottish Borders,Awaiting Inspection,2026-09-04,FHIS,False,,,"57 High Street, Coldstream, Scottish Borders, TD12 4DL"
2026-09-08,1985338,MOR,Restaurant/Cafe/Canteen,Ideal House,New Road,Moreton-In-Marsh,Gloucestershire,GL56 0AS,Cotswold,AwaitingInspection,,FHRS,False,,,"Ideal House, New Road, Moreton-In-Marsh, Gloucestershire, GL56 0AS"
2026-09-08,1985343,The Dig Cafe,Restaurant/Cafe/Canteen,7 The Wool Market,Dyer Street,Cirencester,Gloucestershire,GL7 2PR,Cotswold,AwaitingInspection,,FHRS,False,,,"7 The Wool Market, Dyer Street, Cirencester, Gloucestershire, GL7 2PR"
2026-09-08,1985298,Wortham Stores and Teashop,Restaurant/Cafe/Canteen,Willow House,Post Office Row,Long Green,Wortham,IP22 1PP,Mid Suffolk,AwaitingInspection,,FHRS,False,,,"Willow House, Post Office Row, Long Green, Wortham, IP22 1PP"
2026-09-09,1656584,Racy Pizza,Restaurant/Cafe/Canteen,22 Chapel Ash,Wolverhampton,West Midlands,,WV3 0TN,Wolverhampton,5,2023-10-12,FHRS,False,,,"22 Chapel Ash, Wolverhampton, West Midlands, WV3 0TN"
2026-09-09,1985607,Ampersand,Restaurant/Cafe/Canteen,,1-3 Chandos Road,Redland,Bristol,BS6 6PG,Bristol,AwaitingInspection,,FHRS,False,,,"1-3 Chandos Road, Redland, Bristol, BS6 6PG"
2026-09-09,1985606,Domus Churrascaria,Restaurant/Cafe/Canteen,Unit 3,Lower Guinea Street,Redcliff,Bristol,BS1 6FU,Bristol,AwaitingInspection,,FHRS,False,,,"Unit 3, Lower Guinea Street, Redcliff, Bristol, BS1 6FU"
2026-09-09,1985601,Fishminster,Restaurant/Cafe/Canteen,,269 North Street,Bedminster,Bristol,BS3 1JN,Bristol,AwaitingInspection,,FHRS,False,,,"269 North Street, Bedminster, Bristol, BS3 1JN"
2026-09-09,1985605,Kiko’s  / SunRa,Restaurant/Cafe/Canteen,,1a Nelson Parade,Bedminster,Bristol,BS3 4JA,Bristol,AwaitingInspection,,FHRS,False,,,"1a Nelson Parade, Bedminster, Bristol, BS3 4JA"
2026-09-09,1985611,VeBurger,Restaurant/Cafe/Canteen,Units 22 Cargo,2 Museum Street,Redcliff,Bristol,BS1 6ZA,Bristol,AwaitingInspection,,FHRS,False,,,"Units 22 Cargo, 2 Museum Street, Redcliff, Bristol, BS1 6ZA"
2026-09-09,1985781,Caffi Maes,Restaurant/Cafe/Canteen,Caffi Maes 4 Y Maes,,Caernarfon,Gwynedd,LL55 2NF,Gwynedd,5,2026-09-07,FHRS,False,,,"Caffi Maes 4 Y Maes, Caernarfon, Gwynedd, LL55 2NF"
2026-09-09,1985777,Cofi Canteen,Restaurant/Cafe/Canteen,The Oval Stryd Marcws,,Caernarfon,Gwynedd,LL55 2HT,Gwynedd,AwaitingInspection,,FHRS,False,,,"The Oval Stryd Marcws, Caernarfon, Gwynedd, LL55 2HT"
2026-09-09,1985779,Jcs Gourmet Kitchen,Restaurant/Cafe/Canteen,Hochtief Garth Site,Minffordd,Penrhyndeudraeth,Gwynedd,LL48 6HP,Gwynedd,AwaitingInspection,,FHRS,False,,,"Hochtief Garth Site, Minffordd, Penrhyndeudraeth, Gwynedd, LL48 6HP"
2026-09-09,1698430,Tastedeli linenhall,Restaurant/Cafe/Canteen,,,7-11 Linenhall Street,Belfast,BT2 8AA,Belfast City,5,2024-03-25,FHRS,True,54.595358,-5.930248,"7-11 Linenhall Street, Belfast, BT2 8AA"
2026-09-09,1985568,The India - Best of The City,Restaurant/Cafe/Canteen,55 Aldersgate Street,London,,,EC1A 4LA,City of London Corporation,5,2026-09-04,FHRS,False,,,"55 Aldersgate Street, London, EC1A 4LA"
2026-09-09,1985566,The India - Best of The City,Restaurant/Cafe/Canteen,8 Crane Court,London,,,EC4A 2EJ,City of London Corporation,AwaitingInspection,,FHRS,False,,,"8 Crane Court, London, EC4A 2EJ"
2026-09-09,1985488,Dosahut,Restaurant/Cafe/Canteen,5 Theatre Square,Swindon,,,SN1 1QN,Swindon,AwaitingInspection,,FHRS,False,,,"5 Theatre Square, Swindon, SN1 1QN"
2026-09-09,1985483,The 48,Restaurant/Cafe/Canteen,133 - 134 Victoria Road,Old Town,Swindon,,SN1 3BU,Swindon,AwaitingInspection,,FHRS,False,,,"133 - 134 Victoria Road, Old Town, Swindon, SN1 3BU"
2026-09-09,1740060,Fratellis,Restaurant/Cafe/Canteen,1 King Street,Brighouse,Calderdale,,HD6 1NX,Calderdale,5,2026-09-08,FHRS,False,,,"1 King Street, Brighouse, Calderdale, HD6 1NX"
2026-09-09,1985461,D Ofada Signature LTD,Restaurant/Cafe/Canteen,Ai Tea Drinks Ltd,26 Kirkgate,Huddersfield,,HD1 1QQ,Kirklees,5,2026-08-25,FHRS,False,,,"Ai Tea Drinks Ltd, 26 Kirkgate, Huddersfield, HD1 1QQ"
2026-09-09,1985454,HALWA TEAROOM & PATISSERIE,Restaurant/Cafe/Canteen,Sweet Centre Cafe,Queen Street,Ravensthorpe,Dewsbury,WF13 3BT,Kirklees,AwaitingInspection,,FHRS,False,,,"Sweet Centre Cafe, Queen Street, Ravensthorpe, Dewsbury, WF13 3BT"
2026-09-09,1985469,Ks kitchen,Restaurant/Cafe/Canteen,Shop,369 Bradford Road,Littletown,Liversedge,WF15 6DB,Kirklees,AwaitingInspection,,FHRS,False,,,"Shop, 369 Bradford Road, Littletown, Liversedge, WF15 6DB"
2026-09-09,1985713,La Buvette,Restaurant/Cafe/Canteen,,91 Kirkgate,Shipley,,BD18 3LR,Bradford,AwaitingInspection,,FHRS,False,,,"91 Kirkgate, Shipley, BD18 3LR"
2026-09-09,327695,Pepe’s Piri Piri,Restaurant/Cafe/Canteen,,37 Market Square,Shipley,,BD18 3QJ,Bradford,AwaitingInspection,,FHRS,False,,,"37 Market Square, Shipley, BD18 3QJ"
2026-09-09,1985710,Thai Noodle Bar,Restaurant/Cafe/Canteen,,49-51 North Parade,Bradford,,BD1 3JH,Bradford,AwaitingInspection,,FHRS,False,,,"49-51 North Parade, Bradford, BD1 3JH"
2026-09-09,1985807,Starbucks,Restaurant/Cafe/Canteen,Varleys Retail Park,James Brindley Way,Tunstall,Stoke-On-Trent,ST6 5FF,Stoke-On-Trent,AwaitingInspection,,FHRS,False,,,"Varleys Retail Park, James Brindley Way, Tunstall, Stoke-On-Trent, ST6 5FF"
2026-09-09,1985862,Funtime Play Cafe,Restaurant/Cafe/Canteen,37 Leicester Road,Wigston,Leicestershire,,LE18 1NR,Oadby and Wigston,AwaitingInspection,,FHRS,False,,,"37 Leicester Road, Wigston, Leicestershire, LE18 1NR"
2026-09-09,1985861,Wigston Cakes Limited,Restaurant/Cafe/Canteen,Street Record,Leicester Road,Wigston,Leicestershire,,Oadby and Wigston,AwaitingInspection,,FHRS,False,,,"Street Record, Leicester Road, Wigston, Leicestershire"
2026-09-09,1985506,Jackyards,Restaurant/Cafe/Canteen,General Stores 70 - 70A Poyser Street,,Wrexham,,LL13 7RT,Wrecsam,5,2026-09-02,FHRS,False,,,"General Stores 70 - 70A Poyser Street, Wrexham, LL13 7RT"
2026-09-09,1985510,The Kings Head,Restaurant/Cafe/Canteen,Kings Head Ruthin Road,Bwlchgwyn,Wrexham,,LL11 5UT,Wrecsam,5,2026-09-03,FHRS,False,,,"Kings Head Ruthin Road, Bwlchgwyn, Wrexham, LL11 5UT"
2026-09-09,1984041,Nora Grill,Restaurant/Cafe/Canteen,93 Broadway,Leigh-on-sea,Essex,,SS9 1PG,Southend-On-Sea,AwaitingInspection,,FHRS,True,,,"93 Broadway, Leigh-on-sea, Essex, SS9 1PG"
2026-09-09,1985683,RECOVER LABS,Restaurant/Cafe/Canteen,,,,,,Southend-On-Sea,5,2026-09-02,FHRS,False,,,
2026-09-09,1985781,Caffi Maes,Restaurant/Cafe/Canteen,Caffi Maes 4 Y Maes,,Caernarfon,Gwynedd,LL55 2NF,Gwynedd,5,2026-09-07,FHRS,False,,,"Caffi Maes 4 Y Maes, Caernarfon, Gwynedd, LL55 2NF"
2026-09-09,1985777,Cofi Canteen,Restaurant/Cafe/Canteen,The Oval Stryd Marcws,,Caernarfon,Gwynedd,LL55 2HT,Gwynedd,AwaitingInspection,,FHRS,False,,,"The Oval Stryd Marcws, Caernarfon, Gwynedd, LL55 2HT"
2026-09-09,1985779,Jcs Gourmet Kitchen,Restaurant/Cafe/Canteen,Hochtief Garth Site,Minffordd,Penrhyndeudraeth,Gwynedd,LL48 6HP,Gwynedd,AwaitingInspection,,FHRS,False,,,"Hochtief Garth Site, Minffordd, Penrhyndeudraeth, Gwynedd, LL48 6HP"
2026-09-09,1985721,Bubbleistic,Restaurant/Cafe/Canteen,,23 Station Street,,Boston,PE21 8RL,Boston,5,2026-08-19,FHRS,False,,,"23 Station Street, Boston, PE21 8RL"
2026-09-09,1975534,Nourish,Restaurant/Cafe/Canteen,,4 Rosegarth Street,,Boston,PE21 8QU,Boston,AwaitingInspection,,FHRS,False,,,"4 Rosegarth Street, Boston, PE21 8QU"
2026-09-09,1985676,Ideas Hub Chelmsford,Restaurant/Cafe/Canteen,Ideas Hub,17 - 21 Broomfield Road,Chelmsford,,CM1 1SY,Chelmsford,AwaitingInspection,,FHRS,False,,,"Ideas Hub, 17 - 21 Broomfield Road, Chelmsford, CM1 1SY"
2026-09-09,1496326,Bula Cafe,Restaurant/Cafe/Canteen,Integrated Welfare Facility Hudson Place Leuchars St Andrews Fife,,,,KY16 0JN,Fife,Awaiting Inspection,,FHIS,False,,,"Integrated Welfare Facility Hudson Place Leuchars St Andrews Fife, KY16 0JN"
2026-09-09,1985913,Xpresso Sandwich & Coffee Bar,Restaurant/Cafe/Canteen,Xpresso,61A Charlton Road,Andover,Hampshire,SP10 3JY,Test Valley,AwaitingInspection,,FHRS,False,,,"Xpresso, 61A Charlton Road, Andover, Hampshire, SP10 3JY"
2026-09-09,1985618,The Canal House,Restaurant/Cafe/Canteen,Chester Road,Preston Brook,Runcorn,,WA7 3BA,Halton,AwaitingInspection,,FHRS,False,,,"Chester Road, Preston Brook, Runcorn, WA7 3BA"
2026-09-09,1985617,The Foundry,Restaurant/Cafe/Canteen,Venture Fields,Earle Road,Widnes,,WA8 0GY,Halton,AwaitingInspection,,FHRS,False,,,"Venture Fields, Earle Road, Widnes, WA8 0GY"
2026-09-09,1985537,Double Delight Bakes,Restaurant/Cafe/Canteen,,,,,,Nuneaton and Bedworth,AwaitingInspection,,FHRS,False,,,
2026-09-09,1985536,Golden Yum,Restaurant/Cafe/Canteen,,,,,,Nuneaton and Bedworth,AwaitingInspection,,FHRS,False,,,
2026-09-09,1985543,Ranv’s Rasoi Limited,Restaurant/Cafe/Canteen,,,,,,Nuneaton and Bedworth,5,2026-07-20,FHRS,False,,,
2026-09-09,1985538,The Last Crumb Co.,Restaurant/Cafe/Canteen,,,,,,Nuneaton and Bedworth,AwaitingInspection,,FHRS,False,,,
2026-09-09,1985786,Serve,Restaurant/Cafe/Canteen,78 Richmond Road,Kingston Upon Thames,,,KT2 5EL,Kingston-Upon-Thames,AwaitingInspection,,FHRS,False,,,"78 Richmond Road, Kingston Upon Thames, KT2 5EL"
2026-09-09,1985612,Shezan Indian Restaurant,Restaurant/Cafe/Canteen,,82 Glasgow Road,Paisley,Renfrewshire,PA1 3PN,Renfrewshire,Awaiting Inspection,,FHIS,False,,,"82 Glasgow Road, Paisley, Renfrewshire, PA1 3PN"
2026-09-09,1985550,Bob's Your Uncle Coffee,Restaurant/Cafe/Canteen,1 - 4 Beresford Square,,Woolwich,Greenwich,,Greenwich,AwaitingInspection,,FHRS,False,,,"1 - 4 Beresford Square, Woolwich, Greenwich"
2026-09-09,1985555,Sodexo TFL Pier Walk,Restaurant/Cafe/Canteen,14 Pier Walk,,Greenwich,,SE10 0ES,Greenwich,AwaitingInspection,,FHRS,False,,,"14 Pier Walk, Greenwich, SE10 0ES"
2026-09-09,1985851,Boba Max,Restaurant/Cafe/Canteen,10 The Shopping Centre Hollyhill Gardens,,Stanley,,DH9 6PF,Durham,AwaitingInspection,,FHRS,False,,,"10 The Shopping Centre Hollyhill Gardens, Stanley, DH9 6PF"
2026-09-09,1985841,Cod N Crust,Restaurant/Cafe/Canteen,Cod N Crust Low Row  Easington,,Peterlee,United Kingdom,SR8 3AU,Durham,AwaitingInspection,,FHRS,False,,,"Cod N Crust Low Row  Easington, Peterlee, United Kingdom, SR8 3AU"
2026-09-09,1985827,Daisy's Bark & Brew,Restaurant/Cafe/Canteen,MARIAN HOUSE 44 WOODLANDS AVENUE,,WHEATLEY HILL,,DH6 3LG,Durham,AwaitingInspection,,FHRS,False,,,"MARIAN HOUSE 44 WOODLANDS AVENUE, WHEATLEY HILL, DH6 3LG"
2026-09-09,1985824,KTM Chicken,Restaurant/Cafe/Canteen,3 THE SHOPPING CENTRE HOLLY HILL GARDENS,,SOUTH STANLEY,,DH9 6PF,Durham,AwaitingInspection,,FHRS,False,,,"3 THE SHOPPING CENTRE HOLLY HILL GARDENS, SOUTH STANLEY, DH9 6PF"
2026-09-09,1985819,Little Sicily Durham,Restaurant/Cafe/Canteen,10 STATION LANE,,GILESGATE,,DH1 1LJ,Durham,AwaitingInspection,,FHRS,False,,,"10 STATION LANE, GILESGATE, DH1 1LJ"
2026-09-09,1985844,Mamma Mia,Restaurant/Cafe/Canteen,24B FRONT STREET,,ANNFIELD PLAIN,,DH9 8HY,Durham,AwaitingInspection,,FHRS,False,,,"24B FRONT STREET, ANNFIELD PLAIN, DH9 8HY"
2026-09-09,1985843,Morgan's Jacket Potatoes and Sandwiches,Restaurant/Cafe/Canteen,2a forebondgate,,Bishop Auckland,United Kingdom,DL14 7PF,Durham,AwaitingInspection,,FHRS,False,,,"2a forebondgate, Bishop Auckland, United Kingdom, DL14 7PF"
2026-09-09,1985837,St Nicholas Church,Restaurant/Cafe/Canteen,Market Place,,Durham,United Kingdom,DH1 3NJ,Durham,AwaitingInspection,,FHRS,False,,,"Market Place, Durham, United Kingdom, DH1 3NJ"
2026-09-09,1985826,Taste Cafe,Restaurant/Cafe/Canteen,SAINSBURY'S BISHOP AUCKLAND TRADE PARK,,ST HELEN AUCKLAND,,DL14 9AE,Durham,AwaitingInspection,,FHRS,False,,,"SAINSBURY'S BISHOP AUCKLAND TRADE PARK, ST HELEN AUCKLAND, DL14 9AE"
2026-09-09,1985829,The Old England,Restaurant/Cafe/Canteen,The old England front street,,Great Lumley,United Kingdom,DH3 4JB,Durham,AwaitingInspection,,FHRS,False,,,"The old England front street, Great Lumley, United Kingdom, DH3 4JB"
2026-09-09,1985859,Wingroo,Restaurant/Cafe/Canteen,23 FRONT STREET,,CONSETT,,DH8 5AB,Durham,AwaitingInspection,,FHRS,False,,,"23 FRONT STREET, CONSETT, DH8 5AB"
2026-09-09,1985472,Coffee & Co,Restaurant/Cafe/Canteen,Artworks,86 - 88 Chilwell Road,Beeston,Nottinghamshire,NG9 1ES,Broxtowe,AwaitingInspection,,FHRS,False,,,"Artworks, 86 - 88 Chilwell Road, Beeston, Nottinghamshire, NG9 1ES"
2026-09-09,1985474,MOOCH,Restaurant/Cafe/Canteen,60A Nottingham Road,Eastwood,Nottinghamshire,,NG16 3NQ,Broxtowe,AwaitingInspection,,FHRS,False,,,"60A Nottingham Road, Eastwood, Nottinghamshire, NG16 3NQ"
2026-09-09,1985506,Jackyards,Restaurant/Cafe/Canteen,General Stores 70 - 70A Poyser Street,,Wrexham,,LL13 7RT,Wrexham,5,2026-09-02,FHRS,False,,,"General Stores 70 - 70A Poyser Street, Wrexham, LL13 7RT"
2026-09-09,1985510,The Kings Head,Restaurant/Cafe/Canteen,Kings Head Ruthin Road,Bwlchgwyn,Wrexham,,LL11 5UT,Wrexham,5,2026-09-03,FHRS,False,,,"Kings Head Ruthin Road, Bwlchgwyn, Wrexham, LL11 5UT"
2026-09-09,1985597,CAVC Cafe,Restaurant/Cafe/Canteen,Eastern Community Campus Trowbridge Road,Trowbridge,Cardiff,,CF3 1QL,Caerdydd,AwaitingInspection,,FHRS,False,,,"Eastern Community Campus Trowbridge Road, Trowbridge, Cardiff, CF3 1QL"
2026-09-09,1985596,Chai Green,Restaurant/Cafe/Canteen,2 Albany Road,Roath,Cardiff,,CF24 3RP,Caerdydd,AwaitingInspection,,FHRS,False,,,"2 Albany Road, Roath, Cardiff, CF24 3RP"
2026-09-09,1985593,Demiros,Restaurant/Cafe/Canteen,Unit 26 Mermaid Quay Bute Crescent,Butetown,Cardiff,,CF10 5BZ,Caerdydd,AwaitingInspection,,FHRS,False,,,"Unit 26 Mermaid Quay Bute Crescent, Butetown, Cardiff, CF10 5BZ"
2026-09-09,1985592,Rotana catering ltd,Restaurant/Cafe/Canteen,21 Caroline Street,Cathays,Cardiff,,CF10 1FG,Caerdydd,AwaitingInspection,,FHRS,False,,,"21 Caroline Street, Cathays, Cardiff, CF10 1FG"
2026-09-09,1985594,The Grand Naan Curry House Cardiff Ltd,Restaurant/Cafe/Canteen,357A Grand Avenue,Ely,Cardiff,,CF5 4RD,Caerdydd,AwaitingInspection,,FHRS,True,,,"357A Grand Avenue, Ely, Cardiff, CF5 4RD"
2026-09-09,1985900,Africa Healing Foundation,Restaurant/Cafe/Canteen,,,,,,Redbridge,AwaitingInspection,,FHRS,False,,,
2026-09-09,1803368,Afrimalt,Restaurant/Cafe/Canteen,,,,,,Redbridge,5,2026-08-11,FHRS,False,,,
2026-09-09,1174309,Amib Professionals Ltd,Restaurant/Cafe/Canteen,,,,,,Redbridge,5,2021-06-30,FHRS,False,,,
2026-09-09,1985881,Andhra Palle Ruchulu,Restaurant/Cafe/Canteen,,,,,,Redbridge,AwaitingInspection,,FHRS,False,,,
2026-09-09,1985899,Ayrah’s Burgers,Restaurant/Cafe/Canteen,,413 Ilford Lane,,Ilford,IG1 2SN,Redbridge,AwaitingInspection,,FHRS,False,,,"413 Ilford Lane, Ilford, IG1 2SN"
2026-09-09,1985895,Bean & Bento,Restaurant/Cafe/Canteen,,42 Goodmayes Road,,Goodmayes,IG3 9UR,Redbridge,AwaitingInspection,,FHRS,False,,,"42 Goodmayes Road, Goodmayes, IG3 9UR"
2026-09-09,1293113,Dad’s Kitchen,Restaurant/Cafe/Canteen,,,,,,Redbridge,AwaitingInspection,,FHRS,False,,,
2026-09-09,1985887,Destiny’s Delights,Restaurant/Cafe/Canteen,,,,,,Redbridge,AwaitingInspection,,FHRS,False,,,
2026-09-09,1985898,Du’aa Diner,Restaurant/Cafe/Canteen,,60 Ilford Lane,,Ilford,IG1 2JZ,Redbridge,AwaitingInspection,,FHRS,False,,,"60 Ilford Lane, Ilford, IG1 2JZ"
2026-09-09,1985907,Espreedo,Restaurant/Cafe/Canteen,,,,,,Redbridge,AwaitingInspection,,FHRS,False,,,
2026-09-09,1985897,Eupepsia Ltd,Restaurant/Cafe/Canteen,,,,,,Redbridge,AwaitingInspection,,FHRS,False,,,
2026-09-09,1985892,Flames xxx,Restaurant/Cafe/Canteen,,Beehive Lane,,Ilford,,Redbridge,AwaitingInspection,,FHRS,False,,,"Beehive Lane, Ilford"
2026-09-09,1838482,FOODIES ILFORORD,Restaurant/Cafe/Canteen,,,,,,Redbridge,AwaitingInspection,,FHRS,False,,,
2026-09-09,1985896,Havala cafe bistro,Restaurant/Cafe/Canteen,,438 Cranbrook Road,,Ilford,IG2 6LL,Redbridge,AwaitingInspection,,FHRS,False,,,"438 Cranbrook Road, Ilford, IG2 6LL"
2026-09-09,1985885,Hyderabad Handi,Restaurant/Cafe/Canteen,,55 Goodmayes Road,,Goodmayes,IG3 9UD,Redbridge,AwaitingInspection,,FHRS,False,,,"55 Goodmayes Road, Goodmayes, IG3 9UD"
2026-09-09,1985901,Ilford Shisha Lounge,Restaurant/Cafe/Canteen,Unit 1 Left,60 Ilford Lane,,Ilford,IG1 2JZ,Redbridge,AwaitingInspection,,FHRS,False,,,"Unit 1 Left, 60 Ilford Lane, Ilford, IG1 2JZ"
2026-09-09,1985890,IPF Community Kitchen,Restaurant/Cafe/Canteen,,,,,,Redbridge,AwaitingInspection,,FHRS,False,,,
2026-09-09,1985882,Iro sushi,Restaurant/Cafe/Canteen,,209 High Road,,Ilford,IG1 1LX,Redbridge,AwaitingInspection,,FHRS,False,,,"209 High Road, Ilford, IG1 1LX"
2026-09-09,1985877,Jay Bhavani,Restaurant/Cafe/Canteen,,1-3 Woodford Avenue,,,,Redbridge,AwaitingInspection,,FHRS,False,,,1-3 Woodford Avenue
2026-09-09,1985893,LAYERED,Restaurant/Cafe/Canteen,,,,,,Redbridge,AwaitingInspection,,FHRS,False,,,
2026-09-09,1985874,Mak Halal,Restaurant/Cafe/Canteen,,106 Ilford Lane,,Ilford,IG1 2LD,Redbridge,AwaitingInspection,,FHRS,False,,,"106 Ilford Lane, Ilford, IG1 2LD"
2026-09-09,1985870,Matcha Makers,Restaurant/Cafe/Canteen,,,,,,Redbridge,AwaitingInspection,,FHRS,False,,,
2026-09-09,1985894,Mugged,Restaurant/Cafe/Canteen,,,,,,Redbridge,AwaitingInspection,,FHRS,False,,,
2026-09-09,1921111,Nyra Nutrition,Restaurant/Cafe/Canteen,,,,,,Redbridge,AwaitingInspection,,FHRS,False,,,
2026-09-09,1985886,Pommy's Pronto,Restaurant/Cafe/Canteen,,8 Clements Road,,Ilford,IG1 1BA,Redbridge,AwaitingInspection,,FHRS,False,,,"8 Clements Road, Ilford, IG1 1BA"
2026-09-09,1985903,pudl,Restaurant/Cafe/Canteen,,,,,,Redbridge,AwaitingInspection,,FHRS,False,,,
2026-09-09,1985872,Pulvita,Restaurant/Cafe/Canteen,,,,,,Redbridge,AwaitingInspection,,FHRS,False,,,
2026-09-09,1985875,Saha Events,Restaurant/Cafe/Canteen,,,,,,Redbridge,AwaitingInspection,,FHRS,False,,,
2026-09-09,1985905,Shopestra.com,Restaurant/Cafe/Canteen,,,,,,Redbridge,AwaitingInspection,,FHRS,False,,,
2026-09-09,1985883,Sindhu’s homely kitchen,Restaurant/Cafe/Canteen,,,,,,Redbridge,AwaitingInspection,,FHRS,False,,,
2026-09-09,1709966,Sito’s Cookery,Restaurant/Cafe/Canteen,,,,,,Redbridge,AwaitingInspection,,FHRS,False,,,
2026-09-09,1985871,Sunday Crumb,Restaurant/Cafe/Canteen,,,,,,Redbridge,AwaitingInspection,,FHRS,False,,,
2026-09-09,1985904,Swirlè,Restaurant/Cafe/Canteen,,,,,,Redbridge,AwaitingInspection,,FHRS,False,,,
2026-09-09,1985902,Tahlia Bentley Luxe Creations,Restaurant/Cafe/Canteen,,,,,,Redbridge,AwaitingInspection,,FHRS,False,,,
2026-09-09,1985873,Traditii by alex,Restaurant/Cafe/Canteen,,,,,,Redbridge,AwaitingInspection,,FHRS,False,,,
2026-09-09,1985906,Tropical House Events,Restaurant/Cafe/Canteen,,,,,,Redbridge,AwaitingInspection,,FHRS,False,,,
2026-09-09,1985492,A J’s Kitchen Nottingham Selco Cafe,Restaurant/Cafe/Canteen,Selco Builders Warehouse Mar City Park,Radford Road,,Nottingham,NG7 7EF,Nottingham City,AwaitingInspection,,FHRS,False,,,"Selco Builders Warehouse Mar City Park, Radford Road, Nottingham, NG7 7EF"
2026-09-09,1985501,Terra Mia,Restaurant/Cafe/Canteen,,596-598 Mansfield Road,,Nottingham,NG5 2FS,Nottingham City,AwaitingInspection,,FHRS,False,,,"596-598 Mansfield Road, Nottingham, NG5 2FS"
2026-09-09,1985691,Olive Catering Services Ltd,Restaurant/Cafe/Canteen,Communications House,South Street,Staines-upon-Thames,,TW18 4PR,Spelthorne,AwaitingInspection,,FHRS,False,,,"Communications House, South Street, Staines-upon-Thames, TW18 4PR"
2026-09-09,1985772,Bryn's Bistro,Restaurant/Cafe/Canteen,,71 Gadlys Road,Gadlys,Aberdare,CF44 8AD,Rhondda Cynon Taf,AwaitingInspection,,FHRS,False,,,"71 Gadlys Road, Gadlys, Aberdare, CF44 8AD"
2026-09-09,1985753,Dan Y Mynydd,Restaurant/Cafe/Canteen,,Bronwydd Avenue,Cymmer,Porth,CF39 9AQ,Rhondda Cynon Taf,AwaitingInspection,,FHRS,True,,,"Bronwydd Avenue, Cymmer, Porth, CF39 9AQ"
2026-09-09,1985752,Fish & Chicken Shack,Restaurant/Cafe/Canteen,,2 The Square,Beddau,Pontypridd,CF38 2BB,Rhondda Cynon Taf,AwaitingInspection,,FHRS,True,,,"2 The Square, Beddau, Pontypridd, CF38 2BB"
2026-09-09,1985773,Real Acts of Community Kindness,Restaurant/Cafe/Canteen,St Barnabas Church Hall,High Street,Gilfach Goch,Porth,CF39 8SN,Rhondda Cynon Taf,AwaitingInspection,,FHRS,False,,,"St Barnabas Church Hall, High Street, Gilfach Goch, Porth, CF39 8SN"
2026-09-09,1985789,Bistro 17,Restaurant/Cafe/Canteen,1-2 The Clavering Centre,Oakfield Road,Whickham,Whickham,NE16 5BY,Gateshead,AwaitingInspection,,FHRS,False,,,"1-2 The Clavering Centre, Oakfield Road, Whickham, Whickham, NE16 5BY"
2026-09-09,1985791,Hii Grind,Restaurant/Cafe/Canteen,Metrocentre Management,,Metro Centre,Whickham,NE11 9YG,Gateshead,AwaitingInspection,,FHRS,False,,,"Metrocentre Management, Metro Centre, Whickham, NE11 9YG"
2026-09-09,1985792,Levant,Restaurant/Cafe/Canteen,,23 Jackson Street,Gateshead,,NE8 1EE,Gateshead,AwaitingInspection,,FHRS,False,,,"23 Jackson Street, Gateshead, NE8 1EE"
2026-09-09,1985794,Nate’s,Restaurant/Cafe/Canteen,,within Half Moon Inn,11A Ryton Village East,Ryton,NE40 3NU,Gateshead,AwaitingInspection,,FHRS,False,,,"within Half Moon Inn, 11A Ryton Village East, Ryton, NE40 3NU"
2026-09-09,1985793,The Food Father Restaurant,Restaurant/Cafe/Canteen,,10 Derwent Street,Chopwell,Newcastle upon Tyne,NE17 7AA,Gateshead,AwaitingInspection,,FHRS,False,,,"10 Derwent Street, Chopwell, Newcastle upon Tyne, NE17 7AA"
2026-09-09,1985796,Thornley Woodland Coffee Shop,Restaurant/Cafe/Canteen,,Thornley Lane,Rowlands Gill,,NE39 1AU,Gateshead,AwaitingInspection,,FHRS,False,,,"Thornley Lane, Rowlands Gill, NE39 1AU"
2026-09-09,1985747,Starbucks Coffee,Restaurant/Cafe/Canteen,Unit 9 Clyde Retail Park,59 Livingstone Street,Clydebank,,G81 2XA,West Dunbartonshire,Awaiting Inspection,,FHIS,False,,,"Unit 9 Clyde Retail Park, 59 Livingstone Street, Clydebank, G81 2XA"
2026-09-09,139435,Territorial Army & V R Centre,Restaurant/Cafe/Canteen,,Latta Street,Dumbarton,,G82 2DF,West Dunbartonshire,Pass,2023-04-04,FHIS,False,,,"Latta Street, Dumbarton, G82 2DF"
2026-09-09,1985772,Bryn's Bistro,Restaurant/Cafe/Canteen,,71 Gadlys Road,Gadlys,Aberdare,CF44 8AD,Rhondda Cynon Taf,AwaitingInspection,,FHRS,False,,,"71 Gadlys Road, Gadlys, Aberdare, CF44 8AD"
2026-09-09,1985753,Dan Y Mynydd,Restaurant/Cafe/Canteen,,Bronwydd Avenue,Cymmer,Porth,CF39 9AQ,Rhondda Cynon Taf,AwaitingInspection,,FHRS,True,,,"Bronwydd Avenue, Cymmer, Porth, CF39 9AQ"
2026-09-09,1985752,Fish & Chicken Shack,Restaurant/Cafe/Canteen,,2 The Square,Beddau,Pontypridd,CF38 2BB,Rhondda Cynon Taf,AwaitingInspection,,FHRS,True,,,"2 The Square, Beddau, Pontypridd, CF38 2BB"
2026-09-09,1985773,Real Acts of Community Kindness,Restaurant/Cafe/Canteen,St Barnabas Church Hall,High Street,Gilfach Goch,Porth,CF39 8SN,Rhondda Cynon Taf,AwaitingInspection,,FHRS,False,,,"St Barnabas Church Hall, High Street, Gilfach Goch, Porth, CF39 8SN"
2026-09-09,241831,Blend.,Restaurant/Cafe/Canteen,,5a Old Square,,Warwick,CV34 4RA,Warwick,AwaitingInspection,,FHRS,False,,,"5a Old Square, Warwick, CV34 4RA"
2026-09-09,1985532,SOL? CAFE,Restaurant/Cafe/Canteen,SOLE CAFE,Fred Perry House,186 Bridport Road,LONDON,N18 1SJ,Enfield,AwaitingInspection,,FHRS,True,,,"SOLE CAFE, Fred Perry House, 186 Bridport Road, LONDON, N18 1SJ"
2026-09-09,1985535,Super Stars Sport,Restaurant/Cafe/Canteen,Prince Of Wales Primary School,Salisbury Road,ENFIELD,,EN3 6HQ,Enfield,AwaitingInspection,,FHRS,True,,,"Prince Of Wales Primary School, Salisbury Road, ENFIELD, EN3 6HQ"
2026-09-09,1985597,CAVC Cafe,Restaurant/Cafe/Canteen,Eastern Community Campus Trowbridge Road,Trowbridge,Cardiff,,CF3 1QL,Cardiff,AwaitingInspection,,FHRS,False,,,"Eastern Community Campus Trowbridge Road, Trowbridge, Cardiff, CF3 1QL"
2026-09-09,1985596,Chai Green,Restaurant/Cafe/Canteen,2 Albany Road,Roath,Cardiff,,CF24 3RP,Cardiff,AwaitingInspection,,FHRS,False,,,"2 Albany Road, Roath, Cardiff, CF24 3RP"
2026-09-09,1985593,Demiros,Restaurant/Cafe/Canteen,Unit 26 Mermaid Quay Bute Crescent,Butetown,Cardiff,,CF10 5BZ,Cardiff,AwaitingInspection,,FHRS,False,,,"Unit 26 Mermaid Quay Bute Crescent, Butetown, Cardiff, CF10 5BZ"
2026-09-09,1985592,Rotana catering ltd,Restaurant/Cafe/Canteen,21 Caroline Street,Cathays,Cardiff,,CF10 1FG,Cardiff,AwaitingInspection,,FHRS,False,,,"21 Caroline Street, Cathays, Cardiff, CF10 1FG"
2026-09-09,1985594,The Grand Naan Curry House Cardiff Ltd,Restaurant/Cafe/Canteen,357A Grand Avenue,Ely,Cardiff,,CF5 4RD,Cardiff,AwaitingInspection,,FHRS,True,,,"357A Grand Avenue, Ely, Cardiff, CF5 4RD"
2026-09-09,1985659,Biryani Hub,Restaurant/Cafe/Canteen,40 - 42 High Street,Southall,,,UB1 3DA,Ealing,AwaitingInspection,,FHRS,False,,,"40 - 42 High Street, Southall, UB1 3DA"
2026-09-09,1638646,Boulangerie Jade,Restaurant/Cafe/Canteen,5 Churchfield Road,Acton,,,W3 6BH,Ealing,0,2026-04-24,FHRS,False,,,"5 Churchfield Road, Acton, W3 6BH"
2026-09-09,1985646,Element Coffee,Restaurant/Cafe/Canteen,263 Northfield Avenue,Ealing,,,W5 4UA,Ealing,AwaitingInspection,,FHRS,False,,,"263 Northfield Avenue, Ealing, W5 4UA"
2026-09-09,1985653,Fresh Press,Restaurant/Cafe/Canteen,3A Bilton Road,Perivale,,,UB6 7AY,Ealing,AwaitingInspection,,FHRS,False,,,"3A Bilton Road, Perivale, UB6 7AY"
2026-09-09,1985655,Gupshap Corner,Restaurant/Cafe/Canteen,Unit 3,155 The Vale,Acton,,W3 7RH,Ealing,AwaitingInspection,,FHRS,False,,,"Unit 3, 155 The Vale, Acton, W3 7RH"
2026-09-09,1985668,Kimabi,Restaurant/Cafe/Canteen,Unit A,39 - 41 New Broadway,Ealing,,W5 5AH,Ealing,AwaitingInspection,,FHRS,False,,,"Unit A, 39 - 41 New Broadway, Ealing, W5 5AH"
2026-09-09,1985658,Lianggee,Restaurant/Cafe/Canteen,2 The Parade,Haven Green,Ealing,,W5 2PB,Ealing,AwaitingInspection,,FHRS,False,,,"2 The Parade, Haven Green, Ealing, W5 2PB"
2026-09-09,1985649,Olive & Oak,Restaurant/Cafe/Canteen,276 Northfield Avenue,Ealing,,,W5 4UB,Ealing,AwaitingInspection,,FHRS,False,,,"276 Northfield Avenue, Ealing, W5 4UB"
2026-09-09,1985656,Sciopolis,Restaurant/Cafe/Canteen,1 Portal Way,Acton,,,W3 6RS,Ealing,AwaitingInspection,,FHRS,False,,,"1 Portal Way, Acton, W3 6RS"
2026-09-09,1985666,Sham Broasted,Restaurant/Cafe/Canteen,2 Mandeville Road,Northolt,,,UB5 5BJ,Ealing,AwaitingInspection,,FHRS,False,,,"2 Mandeville Road, Northolt, UB5 5BJ"
2026-09-09,1985654,Spice Mahal,Restaurant/Cafe/Canteen,35 Bond Street,Ealing,,,W5 5AS,Ealing,AwaitingInspection,,FHRS,False,,,"35 Bond Street, Ealing, W5 5AS"
2026-09-09,1985661,The Fresh Press,Restaurant/Cafe/Canteen,44C Northfield Avenue,West Ealing,,,W13 9RR,Ealing,AwaitingInspection,,FHRS,False,,,"44C Northfield Avenue, West Ealing, W13 9RR"
2026-09-09,1740591,Tora Bakery,Restaurant/Cafe/Canteen,58 Broadway,West Ealing,,,W13 0SU,Ealing,5,2026-07-31,FHRS,False,,,"58 Broadway, West Ealing, W13 0SU"
2026-09-09,1915133,Haverhill Bowls Club,Restaurant/Cafe/Canteen,Haverhill Cricket And Sports Club,Manor Road,Haverhill,,CB9 0EP,West Suffolk,5,2023-03-30,FHRS,False,,,"Haverhill Cricket And Sports Club, Manor Road, Haverhill, CB9 0EP"
2026-09-09,1985582,The coffee bar,Restaurant/Cafe/Canteen,Haverhill Arts Centre,High Street,Haverhill,Suffolk,CB9 8AR,West Suffolk,5,2023-02-15,FHRS,False,,,"Haverhill Arts Centre, High Street, Haverhill, Suffolk, CB9 8AR"
2026-09-09,1985580,The Weeping Willow,Restaurant/Cafe/Canteen,Weeping Willow,39 Bury Road,Barrow,Suffolk,IP29 5AB,West Suffolk,5,2026-07-04,FHRS,False,,,"Weeping Willow, 39 Bury Road, Barrow, Suffolk, IP29 5AB"
2026-09-10,1986228,Rudy's,Restaurant/Cafe/Canteen,,237-239 Monton Road,Eccles,,M30 9PS,Salford,AwaitingInspection,,FHRS,False,,,"237-239 Monton Road, Eccles, M30 9PS"
2026-09-10,1986084,PFS Clacket Lane East – Wild Bean Café,Restaurant/Cafe/Canteen,Motorway Service Area North Clacket Lane,Westerham,,Surrey,TN16 2ER,Tandridge,AwaitingInspection,,FHRS,False,,,"Motorway Service Area North Clacket Lane, Westerham, Surrey, TN16 2ER"
2026-09-10,1986083,PFS Clacket Lane West – Wild Bean Café,Restaurant/Cafe/Canteen,Motorway Service Area South Clacket Lane,Westerham,,Surrey,TN16 2ER,Tandridge,AwaitingInspection,,FHRS,False,,,"Motorway Service Area South Clacket Lane, Westerham, Surrey, TN16 2ER"
2026-09-10,1985977,Bollywood Chatt House,Restaurant/Cafe/Canteen,Unit 1 Rear Of,1-3 Uxbridge Road,,Hayes,UB4 0JN,Hillingdon,AwaitingInspection,,FHRS,True,,,"Unit 1 Rear Of, 1-3 Uxbridge Road, Hayes, UB4 0JN"
2026-09-10,1985971,Cheatmeals,Restaurant/Cafe/Canteen,,234 High Street,,Uxbridge,UB8 1LE,Hillingdon,AwaitingInspection,,FHRS,False,,,"234 High Street, Uxbridge, UB8 1LE"
2026-09-10,1860856,Chubby,Restaurant/Cafe/Canteen,,839 Uxbridge Road,,Hayes,UB4 8HZ,Hillingdon,AwaitingInspection,,FHRS,False,,,"839 Uxbridge Road, Hayes, UB4 8HZ"
2026-09-10,1985963,Costa Coffee,Restaurant/Cafe/Canteen,Costa Coffee NEXT,Victoria Road,,Ruislip Retail Park,HA4 0QE,Hillingdon,AwaitingInspection,,FHRS,False,,,"Costa Coffee NEXT, Victoria Road, Ruislip Retail Park, HA4 0QE"
2026-09-10,1985962,H&W Catering Ltd,Restaurant/Cafe/Canteen,,West Ruislip Portal Site,,Ickenham Road,HA4 7DL,Hillingdon,AwaitingInspection,,FHRS,False,,,"West Ruislip Portal Site, Ickenham Road, HA4 7DL"
2026-09-10,1985957,Patisserie Brione,Restaurant/Cafe/Canteen,,188 Field End Road,,Eastcote,HA5 1RF,Hillingdon,5,2026-08-18,FHRS,False,,,"188 Field End Road, Eastcote, HA5 1RF"
2026-09-10,1985956,Royal Restaurant & Catering,Restaurant/Cafe/Canteen,,48 High Street,,Northwood,HA6 1BL,Hillingdon,AwaitingInspection,,FHRS,False,,,"48 High Street, Northwood, HA6 1BL"
2026-09-10,1985970,Vitto Kitchens,Restaurant/Cafe/Canteen,The Vine Inn,121 Hillingdon Hill,,Uxbridge,UB10 0JQ,Hillingdon,AwaitingInspection,,FHRS,False,,,"The Vine Inn, 121 Hillingdon Hill, Uxbridge, UB10 0JQ"
2026-09-10,1986188,AVI Bistro,Restaurant/Cafe/Canteen,JUMEIRAH LOWNDES HOTEL 21 LOWNDES STREET,,LONDON,,SW1X 9ES,Westminster,AwaitingInspection,,FHRS,False,,,"JUMEIRAH LOWNDES HOTEL 21 LOWNDES STREET, LONDON, SW1X 9ES"
2026-09-10,1986220,Brazilian House,Restaurant/Cafe/Canteen,BASEMENT AND GROUND FLOOR 40 QUEENSWAY,,LONDON,,W2 3RS,Westminster,AwaitingInspection,,FHRS,False,,,"BASEMENT AND GROUND FLOOR 40 QUEENSWAY, LONDON, W2 3RS"
2026-09-10,1939748,Chez Rose,Restaurant/Cafe/Canteen,5 POLLEN STREET,,LONDON,,W1S 1NE,Westminster,5,2026-07-14,FHRS,False,,,"5 POLLEN STREET, LONDON, W1S 1NE"
2026-09-10,1986186,Chocofruit St Christophers Place,Restaurant/Cafe/Canteen,4 ST CHRISTOPHER'S PLACE,,LONDON,,W1U 1LZ,Westminster,AwaitingInspection,,FHRS,False,,,"4 ST CHRISTOPHER'S PLACE, LONDON, W1U 1LZ"
2026-09-10,1876411,Cottage Peri Peri,Restaurant/Cafe/Canteen,BASEMENT AND GORUND FLOOR 340 EDGWARE ROAD,,LONDON,,W2 1EA,Westminster,0,2025-09-25,FHRS,False,,,"BASEMENT AND GORUND FLOOR 340 EDGWARE ROAD, LONDON, W2 1EA"
2026-09-10,1986201,Davies Street Restaurant Limited,Restaurant/Cafe/Canteen,14-16 DAVIES STREET,,LONDON,,W1K 3DR,Westminster,AwaitingInspection,,FHRS,False,,,"14-16 DAVIES STREET, LONDON, W1K 3DR"
2026-09-10,1986190,Diplomatic,Restaurant/Cafe/Canteen,443 EDGWARE ROAD,,LONDON,,W2 1EG,Westminster,1,2026-07-31,FHRS,False,,,"443 EDGWARE ROAD, LONDON, W2 1EG"
2026-09-10,1976107,Dumbo Soho,Restaurant/Cafe/Canteen,37 BERWICK STREET,,LONDON,,W1F 8RS,Westminster,AwaitingInspection,,FHRS,False,,,"37 BERWICK STREET, LONDON, W1F 8RS"
2026-09-10,1972949,JENKI,Restaurant/Cafe/Canteen,100 BERWICK STREET,,LONDON,,W1F 0QB,Westminster,AwaitingInspection,,FHRS,False,,,"100 BERWICK STREET, LONDON, W1F 0QB"
2026-09-10,1978198,K?D,Restaurant/Cafe/Canteen,55 FRITH STREET,,LONDON,,W1D 4SJ,Westminster,AwaitingInspection,,FHRS,False,,,"55 FRITH STREET, LONDON, W1D 4SJ"
2026-09-10,1924097,Langosteria,Restaurant/Cafe/Canteen,OLD WAR OFFICE WHITEHALL,,LONDON,,SW1A 2BX,Westminster,5,2026-09-01,FHRS,False,,,"OLD WAR OFFICE WHITEHALL, LONDON, SW1A 2BX"
2026-09-10,1986191,Lotus Realm,Restaurant/Cafe/Canteen,4 BERNERS STREET,,LONDON,,W1T 3LE,Westminster,AwaitingInspection,,FHRS,False,,,"4 BERNERS STREET, LONDON, W1T 3LE"
2026-09-10,1982116,Manna,Restaurant/Cafe/Canteen,54 JAMES STREET,MARYLEBONE,LONDON,,W1U 1HE,Westminster,AwaitingInspection,,FHRS,False,,,"54 JAMES STREET, MARYLEBONE, LONDON, W1U 1HE"
2026-09-10,1982127,Mr Mughlai London,Restaurant/Cafe/Canteen,145-147 EDGWARE ROAD,,LONDON,,W2 2HR,Westminster,AwaitingInspection,,FHRS,False,,,"145-147 EDGWARE ROAD, LONDON, W2 2HR"
2026-09-10,1893188,O'Bled,Restaurant/Cafe/Canteen,82 CHURCH STREET,,LONDON,,NW8 8ET,Westminster,4,2025-11-25,FHRS,False,,,"82 CHURCH STREET, LONDON, NW8 8ET"
2026-09-10,1972913,Padella LTD,Restaurant/Cafe/Canteen,BASEMENT AND GROUND FLOOR 2 KINGLY STREET,,LONDON,,W1B 5PB,Westminster,5,2026-08-17,FHRS,False,,,"BASEMENT AND GROUND FLOOR 2 KINGLY STREET, LONDON, W1B 5PB"
2026-09-10,1978221,Pali Kitchen,Restaurant/Cafe/Canteen,139 VICTORIA STREET,,LONDON,,SW1E 6RD,Westminster,AwaitingInspection,,FHRS,False,,,"139 VICTORIA STREET, LONDON, SW1E 6RD"
2026-09-10,1955301,Shahs Halal Food,Restaurant/Cafe/Canteen,PITCH 929 JAMES STREET,MARYLEBONE,LONDON,,W1U 1JW,Westminster,AwaitingInspection,,FHRS,False,,,"PITCH 929 JAMES STREET, MARYLEBONE, LONDON, W1U 1JW"
2026-09-10,1982111,Sokury,Restaurant/Cafe/Canteen,250 VAUXHALL BRIDGE ROAD,,LONDON,,SW1V 1AU,Westminster,AwaitingInspection,,FHRS,False,,,"250 VAUXHALL BRIDGE ROAD, LONDON, SW1V 1AU"
2026-09-10,1986200,Starbucks Coffee Company,Restaurant/Cafe/Canteen,PLATFORM 15 VICTORIA STATION TERMINUS PLACE,,LONDON,,SW1V 1JT,Westminster,5,2026-08-21,FHRS,False,,,"PLATFORM 15 VICTORIA STATION TERMINUS PLACE, LONDON, SW1V 1JT"
2026-09-10,1972938,SushiDog St. James's Park,Restaurant/Cafe/Canteen,1 ORCHARD PLACE,WESTMINSTER,LONDON,,SW1H 0BF,Westminster,AwaitingInspection,,FHRS,False,,,"1 ORCHARD PLACE, WESTMINSTER, LONDON, SW1H 0BF"
2026-09-10,1986213,The Base - Pimlico,Restaurant/Cafe/Canteen,46 TACHBROOK STREET,,LONDON,,SW1V 2NA,Westminster,AwaitingInspection,,FHRS,False,,,"46 TACHBROOK STREET, LONDON, SW1V 2NA"
2026-09-10,1986207,The Cafe In The Crypt,Restaurant/Cafe/Canteen,ST MARTIN-IN-THE-FIELDS CHURCH ST MARTIN'S PLACE,,LONDON,,WC2N 4JJ,Westminster,5,2026-06-11,FHRS,False,,,"ST MARTIN-IN-THE-FIELDS CHURCH ST MARTIN'S PLACE, LONDON, WC2N 4JJ"
2026-09-10,1986138,No 1 Amusement Arcade,Restaurant/Cafe/Canteen,3 Beach Terrace Road,Hunstanton,Norfolk,,PE36 5BQ,King's Lynn and West Norfolk,Exempt,,FHRS,False,,,"3 Beach Terrace Road, Hunstanton, Norfolk, PE36 5BQ"
2026-09-10,1986141,Auld Manse,Restaurant/Cafe/Canteen,Marrister,Whalsay,Shetland,,ZE2 9AE,Shetland Islands,Pass,2026-04-02,FHIS,False,,,"Marrister, Whalsay, Shetland, ZE2 9AE"
2026-09-10,1986142,TJ's Thai & Chinese Restaurant & Takeaway,Restaurant/Cafe/Canteen,The Viking Bus Station,Commercial Road,Lerwick,,ZE1 0NJ,Shetland Islands,Improvement Required,2026-08-10,FHIS,False,,,"The Viking Bus Station, Commercial Road, Lerwick, ZE1 0NJ"
2026-09-10,96558,Moist Fillings,Restaurant/Cafe/Canteen,,21 Victoria Street,Morecambe,Lancashire,LA4 4AE,Lancaster City,AwaitingInspection,,FHRS,False,,,"21 Victoria Street, Morecambe, Lancashire, LA4 4AE"
2026-09-10,1986148,Balgedie Toll Tavern,Restaurant/Cafe/Canteen,BALGEDIE TOLL TAVERN,,WESTER BALGEDIE,KINROSS,KY13 9HE,Perth and Kinross,Pass,2026-09-03,FHIS,False,,,"BALGEDIE TOLL TAVERN, WESTER BALGEDIE, KINROSS, KY13 9HE"
2026-09-10,1986145,Kinross Trout Fishery,Restaurant/Cafe/Canteen,KINROSS TROUT FISHERY HEATHERYFORD,KINROSS,,,KY13 0NQ,Perth and Kinross,Pass,2026-09-03,FHIS,False,,,"KINROSS TROUT FISHERY HEATHERYFORD, KINROSS, KY13 0NQ"
2026-09-10,1986295,PizzaExpress,Restaurant/Cafe/Canteen,Unit 1AB Pizza Express,Stevenage Leisure Park,Kings Way,Stevenage,SG1 2UA,Stevenage,AwaitingInspection,,FHRS,False,,,"Unit 1AB Pizza Express, Stevenage Leisure Park, Kings Way, Stevenage, SG1 2UA"
2026-09-10,1986133,WK STREET FOOD CHICHESTER,Restaurant/Cafe/Canteen,Room 12,21 - 23 Southgate,Chichester,West Sussex,PO19 1ES,Chichester,AwaitingInspection,,FHRS,False,,,"Room 12, 21 - 23 Southgate, Chichester, West Sussex, PO19 1ES"
2026-09-10,1986072,The Yard,Restaurant/Cafe/Canteen,West Field Lane,Swanland,North Ferriby,,HU14 3PG,East Riding of Yorkshire,AwaitingInspection,,FHRS,False,,,"West Field Lane, Swanland, North Ferriby, HU14 3PG"
2026-09-10,173269,Dolwen Cafe,Restaurant/Cafe/Canteen,Dolwen Garage Cafe,Dolwen,Llanidloes,Powys,SY18 6LQ,Powys,2,2018-11-07,FHRS,False,,,"Dolwen Garage Cafe, Dolwen, Llanidloes, Powys, SY18 6LQ"
2026-09-10,1986163,Bexley Bites,Restaurant/Cafe/Canteen,Unit 7,Manor Farm,Manor Road,Bexley,DA5 3LX,Bexley,AwaitingInspection,,FHRS,False,,,"Unit 7, Manor Farm, Manor Road, Bexley, DA5 3LX"
2026-09-10,1986164,Bird N Blossom,Restaurant/Cafe/Canteen,3 Chieveley Parade,Mayplace Road East,Bexleyheath,Kent,DA7 6EB,Bexley,AwaitingInspection,,FHRS,False,,,"3 Chieveley Parade, Mayplace Road East, Bexleyheath, Kent, DA7 6EB"
2026-09-10,1986161,Crown House Coffee,Restaurant/Cafe/Canteen,1 Station Approach South,Welling,Kent,,DA16 3AU,Bexley,AwaitingInspection,,FHRS,False,,,"1 Station Approach South, Welling, Kent, DA16 3AU"
2026-09-10,1986156,Unity Kitchen,Restaurant/Cafe/Canteen,Thamesmead Town Football Club,30 Bayliss Avenue,London,,SE28 8NJ,Bexley,5,2026-09-01,FHRS,False,,,"Thamesmead Town Football Club, 30 Bayliss Avenue, London, SE28 8NJ"
2026-09-10,1986259,DawgHouse Pizza Co.,Restaurant/Cafe/Canteen,DawgHouse Pizza Co Unit 1 Foundry Exchange,8B High Street,Cobham,Surrey,KT11 3DY,Elmbridge,AwaitingInspection,,FHRS,False,,,"DawgHouse Pizza Co Unit 1 Foundry Exchange, 8B High Street, Cobham, Surrey, KT11 3DY"
2026-09-10,1986255,Hersham Centre for the Community,Restaurant/Cafe/Canteen,Hersham Centre for the Community (Hope Cafe) 7,Hersham,Walton-On-Thames,Surrey,KT12 5LU,Elmbridge,AwaitingInspection,,FHRS,False,,,"Hersham Centre for the Community (Hope Cafe) 7, Hersham, Walton-On-Thames, Surrey, KT12 5LU"
2026-09-10,1986254,Pikoteo Tapas Bar,Restaurant/Cafe/Canteen,Pikoteo tapas bar,10 High Street,Esher,Surrey,KT10 9RT,Elmbridge,AwaitingInspection,,FHRS,False,,,"Pikoteo tapas bar, 10 High Street, Esher, Surrey, KT10 9RT"
2026-09-10,1986253,Saputo Weybridge,Restaurant/Cafe/Canteen,5 The Heights,Brooklands,Weybridge,Surrey,KT13 0NY,Elmbridge,AwaitingInspection,,FHRS,False,,,"5 The Heights, Brooklands, Weybridge, Surrey, KT13 0NY"
2026-09-10,1986261,Siam Food Gallery,Restaurant/Cafe/Canteen,95-97 High Street,Esher,Surrey,,KT10 9QE,Elmbridge,AwaitingInspection,,FHRS,False,,,"95-97 High Street, Esher, Surrey, KT10 9QE"
2026-09-10,1986250,WAFFLES,Restaurant/Cafe/Canteen,16 The Parade,Claygate,Esher,Surrey,KT10 0NU,Elmbridge,AwaitingInspection,,FHRS,True,,,"16 The Parade, Claygate, Esher, Surrey, KT10 0NU"
2026-09-10,1986256,Walton Community Centre,Restaurant/Cafe/Canteen,Walton Community Centre (Hope Cafe),Manor Road,Walton-On-Thames,Surrey,,Elmbridge,AwaitingInspection,,FHRS,False,,,"Walton Community Centre (Hope Cafe), Manor Road, Walton-On-Thames, Surrey"
2026-09-10,1985995,A Taste of Afrika Gourmet Ltd,Restaurant/Cafe/Canteen,,,,,,Havering,AwaitingInspection,,FHRS,False,,,
2026-09-10,1986002,Cakes & Crumbs,Restaurant/Cafe/Canteen,,,,,,Havering,AwaitingInspection,,FHRS,False,,,
2026-09-10,1986014,Chef Jomon's Veedu,Restaurant/Cafe/Canteen,197-201 High Street,Hornchurch,,,RM11 3XT,Havering,AwaitingInspection,,FHRS,False,,,"197-201 High Street, Hornchurch, RM11 3XT"
2026-09-10,1986013,Create A Box,Restaurant/Cafe/Canteen,Hornchurch Road,Hornchurch,,,RM11 1JU,Havering,AwaitingInspection,,FHRS,False,,,"Hornchurch Road, Hornchurch, RM11 1JU"
2026-09-10,1985998,Ember,Restaurant/Cafe/Canteen,7 Chase Cross Road,Romford,,,RM5 3PJ,Havering,AwaitingInspection,,FHRS,False,,,"7 Chase Cross Road, Romford, RM5 3PJ"
2026-09-10,1986016,Flavour Lab,Restaurant/Cafe/Canteen,,,,,,Havering,AwaitingInspection,,FHRS,False,,,
2026-09-10,1985993,Fuego Fusion,Restaurant/Cafe/Canteen,,,,,,Havering,AwaitingInspection,,FHRS,False,,,
2026-09-10,1986006,Gimscare Solution,Restaurant/Cafe/Canteen,,,,,,Havering,AwaitingInspection,,FHRS,False,,,
2026-09-10,1985999,Golden Hive,Restaurant/Cafe/Canteen,,,,,,Havering,AwaitingInspection,,FHRS,False,,,
2026-09-10,1986010,Havering Athletic Club,Restaurant/Cafe/Canteen,Bridge Avenue,Upminster,,,RM14 2LX,Havering,Exempt,,FHRS,False,,,"Bridge Avenue, Upminster, RM14 2LX"
2026-09-10,1985996,Home business,Restaurant/Cafe/Canteen,,,,,,Havering,AwaitingInspection,,FHRS,False,,,
2026-09-10,1986018,Imperial Romford Limited,Restaurant/Cafe/Canteen,128 North Street,Romford,,,RM1 1DL,Havering,AwaitingInspection,,FHRS,False,,,"128 North Street, Romford, RM1 1DL"
2026-09-10,1986003,Little Blessings by Claudia,Restaurant/Cafe/Canteen,,,,,,Havering,AwaitingInspection,,FHRS,False,,,
2026-09-10,1986004,M.A.Bakehouse,Restaurant/Cafe/Canteen,,,,,,Havering,AwaitingInspection,,FHRS,False,,,
2026-09-10,1985990,Mesa The Cafe,Restaurant/Cafe/Canteen,222-224 Hornchurch Road,Hornchurch,,,RM11 1QJ,Havering,AwaitingInspection,,FHRS,False,,,"222-224 Hornchurch Road, Hornchurch, RM11 1QJ"
2026-09-10,1985989,Munchies Bites,Restaurant/Cafe/Canteen,,,,,,Havering,AwaitingInspection,,FHRS,False,,,
2026-09-10,1985991,Romford Cookie Corner,Restaurant/Cafe/Canteen,,,,,,Havering,AwaitingInspection,,FHRS,False,,,
2026-09-10,1986019,Sal's Brasserie,Restaurant/Cafe/Canteen,83 Corbets Tey Road,Upminster,,,RM14 2AH,Havering,AwaitingInspection,,FHRS,False,,,"83 Corbets Tey Road, Upminster, RM14 2AH"
2026-09-10,1986009,Tasty,Restaurant/Cafe/Canteen,,,,,,Havering,AwaitingInspection,,FHRS,False,,,
2026-09-10,1986000,The Coriander,Restaurant/Cafe/Canteen,45 Station Road,Harold Wood,,,RM3 0BS,Havering,AwaitingInspection,,FHRS,False,,,"45 Station Road, Harold Wood, RM3 0BS"
2026-09-10,1986005,The Hot Wok,Restaurant/Cafe/Canteen,30 London Road,Romford,,,RM7 9RB,Havering,AwaitingInspection,,FHRS,False,,,"30 London Road, Romford, RM7 9RB"
2026-09-10,1986012,TS Gold Ghee,Restaurant/Cafe/Canteen,,,,,,Havering,AwaitingInspection,,FHRS,False,,,
2026-09-10,1986011,Umami and Dolce,Restaurant/Cafe/Canteen,,,,,,Havering,AwaitingInspection,,FHRS,False,,,
2026-09-10,1986291,Caterlink@ St Paul's Catholic Primary School,Restaurant/Cafe/Canteen,St Pauls Catholic Primary School,Park Lane,Cheshunt,Hertfordshire,EN7 6LR,Broxbourne,AwaitingInspection,,FHRS,False,,,"St Pauls Catholic Primary School, Park Lane, Cheshunt, Hertfordshire, EN7 6LR"
2026-09-10,1963526,Papas Fish & Chips,Restaurant/Cafe/Canteen,Papa's Fish & Chips Unit 1,Royal Victoria Pavilion,Harbour Parade,Ramsgate,CT11 8LP,Thanet,AwaitingInspection,,FHRS,False,,,"Papa's Fish & Chips Unit 1, Royal Victoria Pavilion, Harbour Parade, Ramsgate, CT11 8LP"
2026-09-10,1986306,STAPLE,Restaurant/Cafe/Canteen,Staple,18-20 York Street,Ramsgate,Kent,CT11 9DS,Thanet,5,2026-09-04,FHRS,False,,,"Staple, 18-20 York Street, Ramsgate, Kent, CT11 9DS"
2026-09-10,1986129,Freds Cafe,Restaurant/Cafe/Canteen,80 Moss Lane,Macclesfield,,Cheshire,SK11 7TT,Cheshire East,AwaitingInspection,,FHRS,False,,,"80 Moss Lane, Macclesfield, Cheshire, SK11 7TT"
2026-09-10,1986043,44cook82cook,Restaurant/Cafe/Canteen,Unit 8a Queens Yard,43 White Post Lane,London,,E9 5EN,Tower Hamlets,AwaitingInspection,,FHRS,False,,,"Unit 8a Queens Yard, 43 White Post Lane, London, E9 5EN"
2026-09-10,1975838,Hon's BBQ,Restaurant/Cafe/Canteen,Unit 7 Queens Yard,43 White Post Lane,London,,E9 5EN,Tower Hamlets,5,2026-09-01,FHRS,False,,,"Unit 7 Queens Yard, 43 White Post Lane, London, E9 5EN"
2026-09-10,1986037,KIRN Coffee Roasters,Restaurant/Cafe/Canteen,,60 Fairfield Road,London,,E3 2UQ,Tower Hamlets,5,2026-09-01,FHRS,False,,,"60 Fairfield Road, London, E3 2UQ"
2026-09-10,1986039,Munch Mix,Restaurant/Cafe/Canteen,,509 Hackney Road,London,,E2 9ED,Tower Hamlets,AwaitingInspection,,FHRS,False,,,"509 Hackney Road, London, E2 9ED"
2026-09-10,1985986,FIA COFFEEHOUSE,Restaurant/Cafe/Canteen,17 Miller Arcade,Lancaster Road,Preston,,PR1 2QY,Preston,AwaitingInspection,,FHRS,False,,,"17 Miller Arcade, Lancaster Road, Preston, PR1 2QY"
2026-09-10,67705,Smash 121,Restaurant/Cafe/Canteen,,248 Ribbleton Lane,Preston,,PR1 5EB,Preston,AwaitingInspection,,FHRS,False,,,"248 Ribbleton Lane, Preston, PR1 5EB"
2026-09-10,113386,The Grumpy Baker,Restaurant/Cafe/Canteen,,97 Friargate,Preston,,PR1 2ED,Preston,AwaitingInspection,,FHRS,False,,,"97 Friargate, Preston, PR1 2ED"
2026-09-10,1986172,Lock Gates,Restaurant/Cafe/Canteen,Unit A 1 Navigation Point,Middleton Road,Hartlepool,,TS24 0UG,Hartlepool,AwaitingInspection,,FHRS,False,,,"Unit A 1 Navigation Point, Middleton Road, Hartlepool, TS24 0UG"
2026-09-10,975425,Mrs Buffets,Restaurant/Cafe/Canteen,,,,,,Nuneaton and Bedworth,5,2026-08-26,FHRS,False,,,
2026-09-10,1986096,Crustys Of Earl Shilton,Restaurant/Cafe/Canteen,2 Wood Street,Earl Shilton,Leicester,Leicestershire,LE9 7ND,Hinckley and Bosworth,AwaitingInspection,,FHRS,False,,,"2 Wood Street, Earl Shilton, Leicester, Leicestershire, LE9 7ND"
2026-09-10,1986033,Jimmy's Social,Restaurant/Cafe/Canteen,17-18 PACK HORSE COURT,,,KESWICK,CA12 5JB,Cumberland,AwaitingInspection,,FHRS,False,,,"17-18 PACK HORSE COURT, KESWICK, CA12 5JB"
2026-09-10,1986030,North Partnerships Ltd,Restaurant/Cafe/Canteen,HIGH HILL,,,KESWICK,,Cumberland,AwaitingInspection,,FHRS,False,,,"HIGH HILL, KESWICK"
2026-09-10,1986028,The Secret Bakery,Restaurant/Cafe/Canteen,,,,,,Cumberland,AwaitingInspection,,FHRS,False,,,
2026-09-10,1986026,YAZ by NEAD,Restaurant/Cafe/Canteen,51 POW STREET,,,WORKINGTON,CA14 3AB,Cumberland,AwaitingInspection,,FHRS,False,,,"51 POW STREET, WORKINGTON, CA14 3AB"
2026-09-10,1986021,Scottish Tea House Cafe,Restaurant/Cafe/Canteen,Garden View,Dillarburn Road,Lesmahagow,Lanark,ML11 9PG,South Lanarkshire,Pass,2026-08-20,FHIS,False,,,"Garden View, Dillarburn Road, Lesmahagow, Lanark, ML11 9PG"
2026-09-10,1837490,Indrino,Restaurant/Cafe/Canteen,,446 Nottingham Road,Derby,,DE21 6PE,Derby City,4,2026-01-15,FHRS,False,,,"446 Nottingham Road, Derby, DE21 6PE"
2026-09-10,1677216,Welcome Break Services Northway (Applegreen),Restaurant/Cafe/Canteen,Northway Filling Station Great North Road,,Hinxworth,Hertfordshire,SG7 5EX,North Hertfordshire,5,2025-05-01,FHRS,False,,,"Northway Filling Station Great North Road, Hinxworth, Hertfordshire, SG7 5EX"
2026-09-10,1986301,Ameerah Hot Foods,Restaurant/Cafe/Canteen,,2 West Marketgait,Dundee,,DD1 1QN,Dundee City,Awaiting Inspection,2026-09-09,FHIS,False,,,"2 West Marketgait, Dundee, DD1 1QN"
2026-09-10,1986296,Premier Inn Dundee Centre,Restaurant/Cafe/Canteen,,Riverside Drive,Dundee,,DD1 4XA,Dundee City,Pass,2025-10-21,FHIS,False,,,"Riverside Drive, Dundee, DD1 4XA"
2026-09-10,1985948,Gather & Graze Coffee House & Eatery,Restaurant/Cafe/Canteen,32 Banks Road,,West Kirby,Wirral,CH48 0RD,Wirral,5,2026-08-28,FHRS,False,,,"32 Banks Road, West Kirby, Wirral, CH48 0RD"
2026-09-10,1985949,Hearth,Restaurant/Cafe/Canteen,249 Seabank Road,,New Brighton,Wirral,CH45 1HE,Wirral,5,2026-08-25,FHRS,False,,,"249 Seabank Road, New Brighton, Wirral, CH45 1HE"
2026-09-10,1985955,The Coffee Roast,Restaurant/Cafe/Canteen,22 Seaview Road,,Liscard,Wirral,CH45 4LA,Wirral,5,2026-08-27,FHRS,False,,,"22 Seaview Road, Liscard, Wirral, CH45 4LA"
2026-09-10,1986238,White Willows Day Nursery,Restaurant/Cafe/Canteen,190 Warley Hill,Warley,Essex,,CM14 5HF,Brentwood,AwaitingInspection,,FHRS,False,,,"190 Warley Hill, Warley, Essex, CM14 5HF"
2026-09-10,173269,Caffi Modurdy Dolwen,Restaurant/Cafe/Canteen,Caffi Modurdy Dolwen,Dolwen,Llanidloes,Powys,SY18 6LQ,Powys,2,2018-11-07,FHRS,False,,,"Caffi Modurdy Dolwen, Dolwen, Llanidloes, Powys, SY18 6LQ"
2026-09-10,1986314,Kirin Restaurant,Restaurant/Cafe/Canteen,3 Derby Road,Ashby De La Zouch,Leicestershire,,LE65 2HF,North West Leicestershire,AwaitingInspection,,FHRS,False,,,"3 Derby Road, Ashby De La Zouch, Leicestershire, LE65 2HF"
2026-09-10,1985941,Brookfield's Fish and Chips,Restaurant/Cafe/Canteen,1 Brookfield Court,,Ashford,,TN23 5ER,Ashford,AwaitingInspection,,FHRS,False,,,"1 Brookfield Court, Ashford, TN23 5ER"
2026-09-10,1986243,Haslingden Junior Girls Football,Restaurant/Cafe/Canteen,The Valley Leadership Academy,Fearns Moss,Stacksteads,Bacup,OL13 0TG,Rossendale,AwaitingInspection,,FHRS,False,,,"The Valley Leadership Academy, Fearns Moss, Stacksteads, Bacup, OL13 0TG"
2026-09-10,1986272,Flame & Flavour,Restaurant/Cafe/Canteen,208 West Street,Dunstable,Beds,,LU6 1NX,Central Bedfordshire,AwaitingInspection,,FHRS,False,,,"208 West Street, Dunstable, Beds, LU6 1NX"
2026-09-10,1985930,Fidget & Bob,Restaurant/Cafe/Canteen,58-60 Merrick House Whale Avenue,Reading,,,RG2 0GX,Reading,AwaitingInspection,,FHRS,False,,,"58-60 Merrick House Whale Avenue, Reading, RG2 0GX"
2026-09-10,1985932,The Little Desert Shop,Restaurant/Cafe/Canteen,43-45 Oxford Road,Reading,,,RG1 7QG,Reading,AwaitingInspection,,FHRS,True,,,"43-45 Oxford Road, Reading, RG1 7QG"
2026-09-10,1986061,Munch Spot,Restaurant/Cafe/Canteen,62 Darwen Street,,Blackburn,Blackburn With Darwen,BB2 2BL,Blackburn,AwaitingInspection,,FHRS,False,,,"62 Darwen Street, Blackburn, Blackburn With Darwen, BB2 2BL"
2026-09-10,1986094,Archive Coffee Bar,Restaurant/Cafe/Canteen,Unit 5,Aylsham Business Park,Richard Oakes Road,Aylsham,NR11 6FD,Broadland,AwaitingInspection,,FHRS,False,,,"Unit 5, Aylsham Business Park, Richard Oakes Road, Aylsham, NR11 6FD"
2026-09-10,1986093,Baby Bean Coffee And Deli,Restaurant/Cafe/Canteen,161 Holt Road,Horsford,Norfolk,,NR10 3DN,Broadland,5,2026-09-08,FHRS,False,,,"161 Holt Road, Horsford, Norfolk, NR10 3DN"
2026-09-11,1986607,Caffe Nero,Restaurant/Cafe/Canteen,,,1 Elmwood Avenue,Belfast,BT9 6AZ,Belfast City,AwaitingInspection,,FHRS,False,,,"1 Elmwood Avenue, Belfast, BT9 6AZ"
2026-09-11,1986608,Caffe Nero,Restaurant/Cafe/Canteen,,,10 College Park,Belfast,BT7 1LP,Belfast City,AwaitingInspection,,FHRS,False,,,"10 College Park, Belfast, BT7 1LP"
2026-09-11,1986612,LaDao,Restaurant/Cafe/Canteen,,,85 Dublin Road,Belfast,BT2 7HF,Belfast City,AwaitingInspection,,FHRS,False,,,"85 Dublin Road, Belfast, BT2 7HF"
2026-09-11,1931286,Julie's Cafe,Restaurant/Cafe/Canteen,3 Farmers Way,Droitwich Spa,Worcestershire,,WR9 9EQ,Wychavon,AwaitingInspection,,FHRS,False,,,"3 Farmers Way, Droitwich Spa, Worcestershire, WR9 9EQ"
2026-09-11,1986558,Mamma Dough Broadway,Restaurant/Cafe/Canteen,12 & 15 Cotswold Court,The Green,Broadway,Worcestershire,WR12 7AA,Wychavon,AwaitingInspection,,FHRS,False,,,"12 & 15 Cotswold Court, The Green, Broadway, Worcestershire, WR12 7AA"
2026-09-11,1986553,Tisanes Tearooms,Restaurant/Cafe/Canteen,Cotswold House,21 The Green,Broadway,Worcestershire,WR12 7AA,Wychavon,AwaitingInspection,,FHRS,False,,,"Cotswold House, 21 The Green, Broadway, Worcestershire, WR12 7AA"
2026-09-11,1986431,Brightside Honiton,Restaurant/Cafe/Canteen,Yarcombe,Honiton,,,EX14 9ND,East Devon,5,2026-07-14,FHRS,False,,,"Yarcombe, Honiton, EX14 9ND"
2026-09-11,1986439,Corner kebab charcoal,Restaurant/Cafe/Canteen,3 The Strand,Exmouth,,,EX8 1AB,East Devon,4,2025-10-02,FHRS,False,,,"3 The Strand, Exmouth, EX8 1AB"
2026-09-11,1986445,Exmouth Baptist Church Community Cafe,Restaurant/Cafe/Canteen,Exmouth Baptist Church,Victoria Road,Exmouth,,EX8 1DL,East Devon,AwaitingInspection,,FHRS,False,,,"Exmouth Baptist Church, Victoria Road, Exmouth, EX8 1DL"
2026-09-11,1986436,James' Patisserie & Sandwiches,Restaurant/Cafe/Canteen,7 New Street,Honiton,,,EX14 1HA,East Devon,5,2026-01-21,FHRS,False,,,"7 New Street, Honiton, EX14 1HA"
2026-09-11,1986429,Postcards Cafe,Restaurant/Cafe/Canteen,Gossips,50 The Strand,Exmouth,,EX8 1AL,East Devon,5,2026-02-18,FHRS,False,,,"Gossips, 50 The Strand, Exmouth, EX8 1AL"
2026-09-11,1986444,Sizzle & Snack shack,Restaurant/Cafe/Canteen,Bank House,East Walk,Seaton,,EX12 2LN,East Devon,AwaitingInspection,,FHRS,False,,,"Bank House, East Walk, Seaton, EX12 2LN"
2026-09-11,1986441,The Proper Fish and Chips Co.,Restaurant/Cafe/Canteen,60 High Street,Honiton,,,EX14 1PQ,East Devon,3,2026-05-21,FHRS,False,,,"60 High Street, Honiton, EX14 1PQ"
2026-09-11,1986432,Waffle Inn Exmouth,Restaurant/Cafe/Canteen,50 Exeter Road,Exmouth,,,EX8 1PY,East Devon,5,2025-08-28,FHRS,False,,,"50 Exeter Road, Exmouth, EX8 1PY"
2026-09-11,1986443,Wave Cafe,Restaurant/Cafe/Canteen,Passisflora,3 Cross Street,Seaton,,EX12 2LH,East Devon,AwaitingInspection,,FHRS,False,,,"Passisflora, 3 Cross Street, Seaton, EX12 2LH"
2026-09-11,1986336,Bap Boy,Restaurant/Cafe/Canteen,Vesper Gate Hotel,Abbey Road,Kirkstall,Leeds,LS5 3NG,Leeds,AwaitingInspection,,FHRS,False,,,"Vesper Gate Hotel, Abbey Road, Kirkstall, Leeds, LS5 3NG"
2026-09-11,1986550,HK Worcester,Restaurant/Cafe/Canteen,Navigation Road,Worcester,,,WR5 3BS,Worcester City,AwaitingInspection,,FHRS,False,,,"Navigation Road, Worcester, WR5 3BS"
2026-09-11,1986547,SoBe Burger,Restaurant/Cafe/Canteen,7 Foregate Street,Worcester,,,WR1 1DB,Worcester City,AwaitingInspection,,FHRS,False,,,"7 Foregate Street, Worcester, WR1 1DB"
2026-09-11,1986642,Castle Padel Club @,Restaurant/Cafe/Canteen,Sandal R U Fc,Standbridge Lane,Wakefield,,WF2 7NP,Wakefield,AwaitingInspection,,FHRS,False,,,"Sandal R U Fc, Standbridge Lane, Wakefield, WF2 7NP"
2026-09-11,1986640,Frankie G's,Restaurant/Cafe/Canteen,The Old Library,Green Lane,Featherstone,Pontefract,WF7 6EH,Wakefield,AwaitingInspection,,FHRS,False,,,"The Old Library, Green Lane, Featherstone, Pontefract, WF7 6EH"
2026-09-11,1986649,Huggamug,Restaurant/Cafe/Canteen,Pontefract Park,Park Road,Pontefract,,WF8 4QD,Wakefield,5,2026-03-24,FHRS,False,,,"Pontefract Park, Park Road, Pontefract, WF8 4QD"
2026-09-11,1986628,Kaiju Martial Arts,Restaurant/Cafe/Canteen,7 Avison Yard,Wakefield,,,WF1 1UA,Wakefield,1,2026-04-27,FHRS,False,,,"7 Avison Yard, Wakefield, WF1 1UA"
2026-09-11,1986633,Popeyes,Restaurant/Cafe/Canteen,Colorado Way,Castleford,,,WF10 4TA,Wakefield,AwaitingInspection,,FHRS,False,,,"Colorado Way, Castleford, WF10 4TA"
2026-09-11,1986637,Taste Cafe within Sainsbury's,Restaurant/Cafe/Canteen,Unit Msu2,Lower Trinity Walk,Wakefield,,WF1 1QQ,Wakefield,AwaitingInspection,,FHRS,False,,,"Unit Msu2, Lower Trinity Walk, Wakefield, WF1 1QQ"
2026-09-11,1986584,Coffee in the Park Grimsby Ltd,Restaurant/Cafe/Canteen,People's Park,Park Drive,,Grimsby,DN32 0EQ,North East Lincolnshire,AwaitingInspection,,FHRS,False,,,"People's Park, Park Drive, Grimsby, DN32 0EQ"
2026-09-11,1986579,The Living Room,Restaurant/Cafe/Canteen,,26 Alexandra Road,,Cleethorpes,DN35 8LG,North East Lincolnshire,AwaitingInspection,,FHRS,False,,,"26 Alexandra Road, Cleethorpes, DN35 8LG"
2026-09-11,1076383,The Barak,Restaurant/Cafe/Canteen,Unit 11 Wigmore Park Centre,Wigmore Lane,,,LU2 9XG,Luton,AwaitingInspection,,FHRS,False,,,"Unit 11 Wigmore Park Centre, Wigmore Lane, LU2 9XG"
2026-09-11,1986489,Chatty Cafe Fearnhead,Restaurant/Cafe/Canteen,25 Fearnhead Cross,Insall Road,,,WA2 0HD,Warrington,AwaitingInspection,,FHRS,False,,,"25 Fearnhead Cross, Insall Road, WA2 0HD"
2026-09-11,1986479,Element Dine Contract Catering,Restaurant/Cafe/Canteen,Trafalgar House Temple Court,Daten Avenue,,,WA3 6GD,Warrington,AwaitingInspection,,FHRS,False,,,"Trafalgar House Temple Court, Daten Avenue, WA3 6GD"
2026-09-11,1986482,High 5 pizza,Restaurant/Cafe/Canteen,,66 Dam Lane,,,WA1 4EP,Warrington,AwaitingInspection,,FHRS,False,,,"66 Dam Lane, WA1 4EP"
2026-09-11,1986464,Sol Society,Restaurant/Cafe/Canteen,,1 Birchbrook Road,,,WA13 9RR,Warrington,AwaitingInspection,,FHRS,False,,,"1 Birchbrook Road, WA13 9RR"
2026-09-11,1986393,Bella Pizza,Restaurant/Cafe/Canteen,30 King Street,Saffron Walden,Essex,,CB10 1ES,Uttlesford,AwaitingInspection,,FHRS,False,,,"30 King Street, Saffron Walden, Essex, CB10 1ES"
2026-09-11,1986427,Bluebell Boucakes,Restaurant/Cafe/Canteen,,,,,,Uttlesford,AwaitingInspection,,FHRS,False,,,
2026-09-11,1986408,The Foraging Chef - Chefs Table,Restaurant/Cafe/Canteen,25 High Street,Saffron Walden,Essex,,CB10 1AT,Uttlesford,AwaitingInspection,,FHRS,False,,,"25 High Street, Saffron Walden, Essex, CB10 1AT"
2026-09-11,1986418,Vennings At The Railway,Restaurant/Cafe/Canteen,Railway Arms,Station Road,Saffron Walden,Essex,CB11 3HQ,Uttlesford,AwaitingInspection,,FHRS,False,,,"Railway Arms, Station Road, Saffron Walden, Essex, CB11 3HQ"
2026-09-11,1986422,Yutori,Restaurant/Cafe/Canteen,,,,,,Uttlesford,AwaitingInspection,,FHRS,False,,,
2026-09-11,1594401,The Pizza & Kebab House,Restaurant/Cafe/Canteen,6 Hillhouse,Waltham Abbey,Essex,,EN9 3EL,Epping Forest,5,2025-12-23,FHRS,False,,,"6 Hillhouse, Waltham Abbey, Essex, EN9 3EL"
2026-09-11,1154152,Golden Fleece Thai,Restaurant/Cafe/Canteen,The Golden Fleece Farnham Road,Elstead,Godalming,Surrey,GU8 6DB,Waverley,1,2026-08-05,FHRS,False,51.1855111,-0.7045133,"The Golden Fleece Farnham Road, Elstead, Godalming, Surrey, GU8 6DB"
2026-09-11,1986505,Stretford Family Hub,Restaurant/Cafe/Canteen,Nursery,9 Poplar Road,Stretford,Manchester,M32 9AN,Trafford,AwaitingInspection,,FHRS,False,,,"Nursery, 9 Poplar Road, Stretford, Manchester, M32 9AN"
2026-09-11,1986503,Taylorshaw @Sale High School,Restaurant/Cafe/Canteen,Sale High School,Norris Road,Sale,,M33 3JR,Trafford,AwaitingInspection,,FHRS,False,,,"Sale High School, Norris Road, Sale, M33 3JR"
2026-09-11,1986506,West Family Hub,Restaurant/Cafe/Canteen,Partington And Carrington Childrens Centre,106 Central Road,Partington,Manchester,M31 4FL,Trafford,AwaitingInspection,,FHRS,False,,,"Partington And Carrington Childrens Centre, 106 Central Road, Partington, Manchester, M31 4FL"
2026-09-11,1986559,Brewdleys,Restaurant/Cafe/Canteen,27 Dog Lane,Bewdley,Worcestershire,,DY12 2EF,Wyre Forest,AwaitingInspection,,FHRS,False,,,"27 Dog Lane, Bewdley, Worcestershire, DY12 2EF"
2026-09-11,1986560,Stourport Rugby Club,Restaurant/Cafe/Canteen,Walshes Farm,Dunley Road,Stourport On Severn,Worcestershire,DY13 0AA,Wyre Forest,AwaitingInspection,,FHRS,False,,,"Walshes Farm, Dunley Road, Stourport On Severn, Worcestershire, DY13 0AA"
2026-09-11,1986362,McDonald's,Restaurant/Cafe/Canteen,McDonalds Restaurant,Leaders Farm,Coventry Road,Lutterworth,LE17 4HL,Harborough,5,2026-08-18,FHRS,False,,,"McDonalds Restaurant, Leaders Farm, Coventry Road, Lutterworth, LE17 4HL"
2026-09-11,1986359,Olive Catering Services,Restaurant/Cafe/Canteen,MPN5,Westland Way,Bitteswell,Leicestershire,LE17 4UE,Harborough,AwaitingInspection,,FHRS,True,,,"MPN5, Westland Way, Bitteswell, Leicestershire, LE17 4UE"
2026-09-11,1986462,BrewBox Cafe,Restaurant/Cafe/Canteen,32 Norfolk Street,Nelson,Lancashire,,BB9 7TN,Pendle,AwaitingInspection,,FHRS,False,,,"32 Norfolk Street, Nelson, Lancashire, BB9 7TN"
2026-09-11,1986539,Honey & Fig,Restaurant/Cafe/Canteen,41 Carolgate,Retford,Nottinghamshire,,DN22 6BZ,Bassetlaw,AwaitingInspection,,FHRS,False,,,"41 Carolgate, Retford, Nottinghamshire, DN22 6BZ"
2026-09-11,1986322,Chelsea Counter,Restaurant/Cafe/Canteen,39 Cadogan Gardens,LONDON,,,SW3 2TB,Kensington and Chelsea,AwaitingInspection,,FHRS,False,,,"39 Cadogan Gardens, LONDON, SW3 2TB"
2026-09-11,1986326,Elior @ Design Museum,Restaurant/Cafe/Canteen,Design Museum,224-238 Kensington High Street,LONDON,,W8 6AG,Kensington and Chelsea,AwaitingInspection,,FHRS,False,,,"Design Museum, 224-238 Kensington High Street, LONDON, W8 6AG"
2026-09-11,1986327,Italia Whisk,Restaurant/Cafe/Canteen,171 Ladbroke Grove,LONDON,,,,Kensington and Chelsea,AwaitingInspection,,FHRS,False,,,"171 Ladbroke Grove, LONDON"
2026-09-11,1986324,The Fix Collective Ltd,Restaurant/Cafe/Canteen,60 Sloane Avenue,LONDON,,,SW3 3DD,Kensington and Chelsea,AwaitingInspection,,FHRS,False,,,"60 Sloane Avenue, LONDON, SW3 3DD"
2026-09-11,1986616,Chuffin Stuffed,Restaurant/Cafe/Canteen,,Main Street,Elvington,York,YO41 4AG,York,AwaitingInspection,,FHRS,False,,,"Main Street, Elvington, York, YO41 4AG"
2026-09-11,986801,Popeyes,Restaurant/Cafe/Canteen,,5 Church Street,York,,YO1 8BG,York,AwaitingInspection,,FHRS,False,,,"5 Church Street, York, YO1 8BG"
2026-09-11,1986593,Cafe Macs,Restaurant/Cafe/Canteen,1B High Street Carnoustie,,,,DD7 6AN,Angus,Awaiting Inspection,2026-05-28,FHIS,False,,,"1B High Street Carnoustie, DD7 6AN"
2026-09-11,1986594,Sixth Sense Delicatessen And Bakery,Restaurant/Cafe/Canteen,Panmure Road Monikie,,,,DD5 3QA,Angus,Awaiting Inspection,2026-07-06,FHIS,False,,,"Panmure Road Monikie, DD5 3QA"
2026-09-11,1986563,Clunkerz Bicycle Company and Cafe,Restaurant/Cafe/Canteen,The Gatehouse,Parsonage Mills,,Station Road,RH4 1EL,Mole Valley,5,2026-08-20,FHRS,False,,,"The Gatehouse, Parsonage Mills, Station Road, RH4 1EL"
2026-09-11,1986561,My Old Comodor,Restaurant/Cafe/Canteen,,55 High Street,,Dorking,RH4 1AW,Mole Valley,4,2026-07-30,FHRS,False,,,"55 High Street, Dorking, RH4 1AW"
2026-09-11,1986566,The Cricketers Circle - Café du Cercle,Restaurant/Cafe/Canteen,Cricketers,Guildford Road,,Westcott,RH4 3NW,Mole Valley,AwaitingInspection,,FHRS,False,,,"Cricketers, Guildford Road, Westcott, RH4 3NW"
2026-09-11,1986565,The Point Cafe,Restaurant/Cafe/Canteen,The Mayflower Day Centre,Lyons Court,,Dorking,RH4 1AB,Mole Valley,5,2026-08-20,FHRS,False,,,"The Mayflower Day Centre, Lyons Court, Dorking, RH4 1AB"
2026-09-11,1986345,Co Lab Coffee Shop,Restaurant/Cafe/Canteen,Co Lab Harwell Science Campus,Harwell,Didcot,,OX11 0GD,Vale of White Horse,AwaitingInspection,,FHRS,False,,,"Co Lab Harwell Science Campus, Harwell, Didcot, OX11 0GD"
2026-09-11,1986342,Esquires Coffee,Restaurant/Cafe/Canteen,19 Daisy Lane,,Wantage,,OX12 7LP,Vale of White Horse,AwaitingInspection,,FHRS,False,,,"19 Daisy Lane, Wantage, OX12 7LP"
2026-09-11,1986519,Abbevilles Bike Cafe,Restaurant/Cafe/Canteen,Units 2 And 3,88 Clapham Park Road,London,,SW4 7BX,Lambeth,AwaitingInspection,,FHRS,False,,,"Units 2 And 3, 88 Clapham Park Road, London, SW4 7BX"
2026-09-11,1986518,Boba Haven,Restaurant/Cafe/Canteen,427 Coldharbour Lane,London,,,SW9 8LH,Lambeth,AwaitingInspection,,FHRS,False,,,"427 Coldharbour Lane, London, SW9 8LH"
2026-09-11,1986527,Civico 105,Restaurant/Cafe/Canteen,105 Brixton Hill,London,,,SW2 1AA,Lambeth,AwaitingInspection,,FHRS,False,,,"105 Brixton Hill, London, SW2 1AA"
2026-09-11,1986521,Jones The Grocer,Restaurant/Cafe/Canteen,Unit 14 The Balcony,Waterloo Station,London,,SE1 7LY,Lambeth,AwaitingInspection,,FHRS,False,,,"Unit 14 The Balcony, Waterloo Station, London, SE1 7LY"
2026-09-11,1728756,La Rueda,Restaurant/Cafe/Canteen,66 Clapham High Street,London,,,SW4 7UL,Lambeth,1,2026-04-17,FHRS,False,,,"66 Clapham High Street, London, SW4 7UL"
2026-09-11,1986514,Lucky Chicken/One More Noodles,Restaurant/Cafe/Canteen,93 Lambeth Road,London,,,SE1 7JH,Lambeth,AwaitingInspection,,FHRS,False,,,"93 Lambeth Road, London, SE1 7JH"
2026-09-11,1986520,Rice Studio,Restaurant/Cafe/Canteen,85 Lower Marsh,London,,,SE1 7AB,Lambeth,AwaitingInspection,,FHRS,False,,,"85 Lower Marsh, London, SE1 7AB"
2026-09-11,1986512,See U Tomorrow,Restaurant/Cafe/Canteen,89 Streatham Hill,London,,,SW2 4UD,Lambeth,AwaitingInspection,,FHRS,False,,,"89 Streatham Hill, London, SW2 4UD"
2026-09-11,1964778,Pidge's Place,Restaurant/Cafe/Canteen,,64 Lunn Road,,Cudworth,S72 8DS,Barnsley,AwaitingInspection,,FHRS,False,,,"64 Lunn Road, Cudworth, S72 8DS"
2026-09-12,1986955,Brisk Coffee Co,Restaurant/Cafe/Canteen,12 Market Street,Wolverhampton,West Midlands,,WV1 3AG,Wolverhampton,AwaitingInspection,,FHRS,False,,,"12 Market Street, Wolverhampton, West Midlands, WV1 3AG"
2026-09-12,1986956,Street Bites,Restaurant/Cafe/Canteen,Il Forno,1A North Street,Wolverhampton,West Midlands,WV1 1RE,Wolverhampton,AwaitingInspection,,FHRS,False,,,"Il Forno, 1A North Street, Wolverhampton, West Midlands, WV1 1RE"
2026-09-12,1986963,The Vintage Tea Bus,Restaurant/Cafe/Canteen,Unit 7 Holliers Park,Holliers Farm,Hale Common,Arreton,PO36 0AF,Isle of Wight,AwaitingInspection,,FHRS,False,,,"Unit 7 Holliers Park, Holliers Farm, Hale Common, Arreton, PO36 0AF"
2026-09-12,1987066,Messing; Messing Eton,Restaurant/Cafe/Canteen,Unit A Windsor Bridge Court,75 High Street,Eton,Windsor,SL4 6BT,Windsor and Maidenhead,AwaitingInspection,,FHRS,False,,,"Unit A Windsor Bridge Court, 75 High Street, Eton, Windsor, SL4 6BT"
2026-09-12,1978551,Olive,Restaurant/Cafe/Canteen,115 - 119 Victoria Road,Darlington,,,DL1 5JH,Darlington,5,2026-09-10,FHRS,False,,,"115 - 119 Victoria Road, Darlington, DL1 5JH"
2026-09-12,1987127,Battersea Sports Centre,Restaurant/Cafe/Canteen,Battersea Sports Centre Hope Street,,London,Wandsworth,SW11 2DA,Wandsworth,AwaitingInspection,,FHRS,False,,,"Battersea Sports Centre Hope Street, London, Wandsworth, SW11 2DA"
2026-09-12,1987136,chickevalley,Restaurant/Cafe/Canteen,240 York Road,,London,Wandsworth,SW11 3SJ,Wandsworth,AwaitingInspection,,FHRS,False,,,"240 York Road, London, Wandsworth, SW11 3SJ"
2026-09-12,1987128,Joes Oriental Diner,Restaurant/Cafe/Canteen,1 Ramsden Road,,London,Wandsworth,SW12 8QX,Wandsworth,AwaitingInspection,,FHRS,False,,,"1 Ramsden Road, London, Wandsworth, SW12 8QX"
2026-09-12,1987137,Monte Bianco Coffee ltd,Restaurant/Cafe/Canteen,141 St Johns Hill,,London,Wandsworth,SW11 1TD,Wandsworth,AwaitingInspection,,FHRS,False,,,"141 St Johns Hill, London, Wandsworth, SW11 1TD"
2026-09-12,1987143,Popeyes,Restaurant/Cafe/Canteen,79 - 81 Putney High Street,,London,Wandsworth,SW15 1SR,Wandsworth,AwaitingInspection,,FHRS,False,,,"79 - 81 Putney High Street, London, Wandsworth, SW15 1SR"
2026-09-12,1987145,The Coffee Bloom,Restaurant/Cafe/Canteen,491 Battersea Park Road,,London,Wandsworth,SW11 4LW,Wandsworth,AwaitingInspection,,FHRS,False,,,"491 Battersea Park Road, London, Wandsworth, SW11 4LW"
2026-09-12,1987133,THE PURPLE OWL,Restaurant/Cafe/Canteen,Unit 1 Ground Floor Delta Business Park 10 Smugglers Way,,London,Wandsworth,SW18 1EG,Wandsworth,AwaitingInspection,,FHRS,True,,,"Unit 1 Ground Floor Delta Business Park 10 Smugglers Way, London, Wandsworth, SW18 1EG"
2026-09-12,1987135,Vaxx Bakery,Restaurant/Cafe/Canteen,312 - 314 Battersea Park Road,,London,Wandsworth,SW11 3BX,Wandsworth,AwaitingInspection,,FHRS,False,,,"312 - 314 Battersea Park Road, London, Wandsworth, SW11 3BX"
2026-09-12,1987125,Bruncho Neo,Restaurant/Cafe/Canteen,,111 Deansgate,Manchester,,M3 2BQ,Manchester,AwaitingInspection,,FHRS,False,,,"111 Deansgate, Manchester, M3 2BQ"
2026-09-12,1987124,Bruncho Neo 2 ltd,Restaurant/Cafe/Canteen,Unit 2,Burton Place,Manchester,,M15 4RL,Manchester,AwaitingInspection,,FHRS,False,,,"Unit 2, Burton Place, Manchester, M15 4RL"
2026-09-12,1986921,Burger King,Restaurant/Cafe/Canteen,572 London Road,Camberley,Surrey,,GU15 3UF,Surrey Heath,5,2026-09-02,FHRS,False,,,"572 London Road, Camberley, Surrey, GU15 3UF"
2026-09-12,1986926,Cafe De Ville,Restaurant/Cafe/Canteen,143 Frimley Road,Camberley,Surrey,,GU15 2PS,Surrey Heath,AwaitingInspection,,FHRS,False,,,"143 Frimley Road, Camberley, Surrey, GU15 2PS"
2026-09-12,1986862,Bold Miners Cafe,Restaurant/Cafe/Canteen,,436 Fleet Lane,St Helens,,WA9 2NH,St Helens,AwaitingInspection,,FHRS,False,,,"436 Fleet Lane, St Helens, WA9 2NH"
2026-09-12,1986863,James Caterers,Restaurant/Cafe/Canteen,Catchdale Moss Farm,Catchdale Moss Lane,Eccleston,,WA10 5QG,St Helens,AwaitingInspection,,FHRS,False,,,"Catchdale Moss Farm, Catchdale Moss Lane, Eccleston, WA10 5QG"
2026-09-12,1986861,Saffron,Restaurant/Cafe/Canteen,,2 George Street,St Helens,,WA10 1BU,St Helens,AwaitingInspection,,FHRS,False,,,"2 George Street, St Helens, WA10 1BU"
2026-09-12,1986860,STANLEYS fish and chips,Restaurant/Cafe/Canteen,,11 Westfield Street,St Helens,,WA10 1QA,St Helens,AwaitingInspection,,FHRS,False,,,"11 Westfield Street, St Helens, WA10 1QA"
2026-09-12,1986932,Grapevine Catering,Restaurant/Cafe/Canteen,Masonic Hall,Princes Avenue,Caerphilly,,CF83 1HR,Caerphilly,AwaitingInspection,,FHRS,False,,,"Masonic Hall, Princes Avenue, Caerphilly, CF83 1HR"
2026-09-12,1986930,Liquid Over Time Ltd,Restaurant/Cafe/Canteen,,14 Pentrebane Street,Caerphilly,,CF83 1FR,Caerphilly,AwaitingInspection,,FHRS,False,,,"14 Pentrebane Street, Caerphilly, CF83 1FR"
2026-09-12,1987177,@7,Restaurant/Cafe/Canteen,2 North Street,Carrickfergus,Carrickfergus,Antrim,BT38 7AQ,Mid and East Antrim,AwaitingInspection,,FHRS,False,,,"2 North Street, Carrickfergus, Carrickfergus, Antrim, BT38 7AQ"
2026-09-12,1987176,Whitehead Bistro,Restaurant/Cafe/Canteen,38 Marine Parade,Castletown,Whitehead,Antrim,BT38 9QN,Mid and East Antrim,AwaitingInspection,,FHRS,False,,,"38 Marine Parade, Castletown, Whitehead, Antrim, BT38 9QN"
2026-09-12,1986891,Brio,Restaurant/Cafe/Canteen,77 The Broadway,,,,NW7 3BU,Barnet,AwaitingInspection,,FHRS,False,,,"77 The Broadway, NW7 3BU"
2026-09-12,1986885,Haida Fastfood,Restaurant/Cafe/Canteen,1384 High Road,,,,N20 9BH,Barnet,AwaitingInspection,,FHRS,False,,,"1384 High Road, N20 9BH"
2026-09-12,1986838,CHOPSTIX RESTAURANTS LIMITED,Restaurant/Cafe/Canteen,2 Central Shopping Centre Ranelagh Street,,Liverpool,,L1 1QE,Liverpool,AwaitingInspection,,FHRS,False,,,"2 Central Shopping Centre Ranelagh Street, Liverpool, L1 1QE"
2026-09-12,1986829,Crosby Coffee Roasters (Coffee Shop),Restaurant/Cafe/Canteen,13 Glegg Street,,Liverpool,,L3 7DX,Liverpool,AwaitingInspection,,FHRS,False,,,"13 Glegg Street, Liverpool, L3 7DX"
2026-09-12,1986828,Greedy’s cafe ltd,Restaurant/Cafe/Canteen,237 Stanley Road,,Liverpool,,L5 7QD,Liverpool,AwaitingInspection,,FHRS,False,,,"237 Stanley Road, Liverpool, L5 7QD"
2026-09-12,1986822,Smashed,Restaurant/Cafe/Canteen,257 Cherry Lane,,Liverpool,,L4 6UH,Liverpool,AwaitingInspection,,FHRS,False,,,"257 Cherry Lane, Liverpool, L4 6UH"
2026-09-12,1984857,Charsi Grill Fish,Restaurant/Cafe/Canteen,1 St James's Road,Croydon,,,CR0 2SB,Croydon,AwaitingInspection,,FHRS,False,,,"1 St James's Road, Croydon, CR0 2SB"
2026-09-12,1987184,Samsara Restaurant And Bar,Restaurant/Cafe/Canteen,322 Limpsfield Road,South Croydon,,,CR2 9BX,Croydon,AwaitingInspection,,FHRS,True,,,"322 Limpsfield Road, South Croydon, CR2 9BX"
2026-09-12,1987119,Chelle's Kitchen,Restaurant/Cafe/Canteen,The Cock Hotel 148 Holyhead Road,Wellington,Telford,Shropshire,TF1 2DL,Telford and Wrekin Council,AwaitingInspection,,FHRS,False,,,"The Cock Hotel 148 Holyhead Road, Wellington, Telford, Shropshire, TF1 2DL"
2026-09-12,1987114,Cured,Restaurant/Cafe/Canteen,,,,,,Telford and Wrekin Council,AwaitingInspection,,FHRS,False,,,
2026-09-12,1987113,Oh Fudge,Restaurant/Cafe/Canteen,,,,,,Telford and Wrekin Council,AwaitingInspection,,FHRS,False,,,
2026-09-12,1987110,Whisked Away,Restaurant/Cafe/Canteen,,,,,,Telford and Wrekin Council,AwaitingInspection,,FHRS,False,,,
2026-09-12,1986996,Carols Cafe,Restaurant/Cafe/Canteen,Oakley Stables,Godnow Road,Crowle,Scunthorpe,DN17 4EE,North Lincolnshire,AwaitingInspection,,FHRS,False,,,"Oakley Stables, Godnow Road, Crowle, Scunthorpe, DN17 4EE"
2026-09-12,1987004,Happy Cafe,Restaurant/Cafe/Canteen,Cafe Sandtoft Airfield,Sandtoft Road,Westgate,Belton,DN9 1PN,North Lincolnshire,AwaitingInspection,,FHRS,False,,,"Cafe Sandtoft Airfield, Sandtoft Road, Westgate, Belton, DN9 1PN"
2026-09-12,1987009,Holleigh’s Bakehouse & Ceramics,Restaurant/Cafe/Canteen,,1 Market Place,Crowle,Scunthorpe,DN17 4HA,North Lincolnshire,AwaitingInspection,,FHRS,False,,,"1 Market Place, Crowle, Scunthorpe, DN17 4HA"
2026-09-12,1986990,Imperial Hall,Restaurant/Cafe/Canteen,Imperial Hall,Chapel Street,Epworth,North Lincolnshire,DN9 1HJ,North Lincolnshire,5,2026-09-10,FHRS,False,,,"Imperial Hall, Chapel Street, Epworth, North Lincolnshire, DN9 1HJ"
2026-09-12,1986993,The Epworth Tap with Deja Vu,Restaurant/Cafe/Canteen,The Epworth Tap,9-11 Market Place,Epworth,Doncaster,DN9 1EU,North Lincolnshire,AwaitingInspection,,FHRS,False,,,"The Epworth Tap, 9-11 Market Place, Epworth, Doncaster, DN9 1EU"
2026-09-12,1987003,The Greek Kitchen,Restaurant/Cafe/Canteen,,5 Ravendale Street North,Scunthorpe,North Lincolnshire,DN15 6NE,North Lincolnshire,AwaitingInspection,,FHRS,True,,,"5 Ravendale Street North, Scunthorpe, North Lincolnshire, DN15 6NE"
2026-09-12,1976358,Bath Chophouse,Restaurant/Cafe/Canteen,8 Northumberland Place,City Centre,Bath,Bath And North East Somerset,BA1 5AR,Bath and North East Somerset,5,2026-09-10,FHRS,False,,,"8 Northumberland Place, City Centre, Bath, Bath And North East Somerset, BA1 5AR"
2026-09-12,1986706,Cote Brasserie,Restaurant/Cafe/Canteen,27 Milsom Place,City Centre,Bath,,BA1 1BZ,Bath and North East Somerset,5,2026-08-18,FHRS,False,,,"27 Milsom Place, City Centre, Bath, BA1 1BZ"
2026-09-12,1950413,Joe And The Juice,Restaurant/Cafe/Canteen,6 Milsom Street,City Centre,Bath,Bath And North East Somerset,BA1 1DA,Bath and North East Somerset,5,2026-08-27,FHRS,False,,,"6 Milsom Street, City Centre, Bath, Bath And North East Somerset, BA1 1DA"
2026-09-12,1986986,Just Desserts,Restaurant/Cafe/Canteen,Kingfisher House,Main Road,Langwith,Mansfield,NG20 9BH,Bolsover,AwaitingInspection,,FHRS,False,,,"Kingfisher House, Main Road, Langwith, Mansfield, NG20 9BH"
2026-09-12,1986653,Dalson cafe,Restaurant/Cafe/Canteen,Dalson cafe,Ground Floor,172 Seven Sisters Road,London,N7 7PX,Islington,1,2025-10-30,FHRS,False,,,"Dalson cafe, Ground Floor, 172 Seven Sisters Road, London, N7 7PX"
2026-09-12,1986671,Early Bird,Restaurant/Cafe/Canteen,Early Bird,Newington Green Park Building,Newington Green Community Gardens,Newington Green,,Islington,AwaitingInspection,,FHRS,False,,,"Early Bird, Newington Green Park Building, Newington Green Community Gardens, Newington Green"
2026-09-12,1986654,Finsbury Business Centre Ltd Cafe,Restaurant/Cafe/Canteen,Finsbury Business Centre Ltd Cafe,Finsbury Business Centre,40 Bowling Green Lane,London,EC1R 0NE,Islington,AwaitingInspection,,FHRS,False,,,"Finsbury Business Centre Ltd Cafe, Finsbury Business Centre, 40 Bowling Green Lane, London, EC1R 0NE"
2026-09-12,1986665,Frikadela,Restaurant/Cafe/Canteen,Frikadela,Ground Floor,706 Holloway Road,London,N19 3NL,Islington,AwaitingInspection,,FHRS,False,,,"Frikadela, Ground Floor, 706 Holloway Road, London, N19 3NL"
2026-09-12,1986672,Lebanese Grill House,Restaurant/Cafe/Canteen,Lebanese Grill House,Ground Floor And Basement,377 St John Street,London,EC1V 4LD,Islington,AwaitingInspection,,FHRS,False,,,"Lebanese Grill House, Ground Floor And Basement, 377 St John Street, London, EC1V 4LD"
2026-09-12,1986667,Patty & Bun @ The Star of Kings,Restaurant/Cafe/Canteen,Patty & Bun @ The Star of Kings,Ground Floor and Basement,126 York Way,London,N1 0AX,Islington,AwaitingInspection,,FHRS,False,,,"Patty & Bun @ The Star of Kings, Ground Floor and Basement, 126 York Way, London, N1 0AX"
2026-09-12,1986666,Sal's Authentic New York Pizza,Restaurant/Cafe/Canteen,Sal's Authentic New York Pizza,343 Upper Street,London,N1 0PD,N1 0PD,Islington,AwaitingInspection,,FHRS,False,,,"Sal's Authentic New York Pizza, 343 Upper Street, London, N1 0PD, N1 0PD"
2026-09-12,1986873,Next Chapter Hub,Restaurant/Cafe/Canteen,90 Front Street East,Bedlington,Northumberland,,NE22 5AE,Northumberland,AwaitingInspection,,FHRS,False,,,"90 Front Street East, Bedlington, Northumberland, NE22 5AE"
2026-09-12,1986867,Norham Village Hall,Restaurant/Cafe/Canteen,Castle Street,Norham,Northumberland,,TD15 2LQ,Northumberland,AwaitingInspection,,FHRS,False,,,"Castle Street, Norham, Northumberland, TD15 2LQ"
2026-09-12,287534,The Falcon Inn,Restaurant/Cafe/Canteen,Eastwoods Road,West Wylam,Northumberland,,NE42 5DN,Northumberland,AwaitingInspection,,FHRS,False,,,"Eastwoods Road, West Wylam, Northumberland, NE42 5DN"
2026-09-12,1986779,Premier Inn Aberdeen South,Restaurant/Cafe/Canteen,,Premier Inn,Mains Of Balquharn,Portlethen,AB12 4QS,Aberdeenshire,Awaiting Inspection,2026-09-10,FHIS,False,,,"Premier Inn, Mains Of Balquharn, Portlethen, AB12 4QS"
2026-09-12,1986677,Busaba at The O2,Restaurant/Cafe/Canteen,1 Peninsula Square,,Greenwich,,SE10 0DX,Greenwich,AwaitingInspection,,FHRS,False,,,"1 Peninsula Square, Greenwich, SE10 0DX"
2026-09-12,1987151,Cafe Luna,Restaurant/Cafe/Canteen,35A High Street,,Baldock,Hertfordshire,SG7 6BG,North Hertfordshire,AwaitingInspection,,FHRS,False,,,"35A High Street, Baldock, Hertfordshire, SG7 6BG"
2026-09-12,1987150,Sip and Style,Restaurant/Cafe/Canteen,9 The Parade Southfields,,Letchworth Garden City,Hertfordshire,SG6 4NB,North Hertfordshire,AwaitingInspection,,FHRS,False,,,"9 The Parade Southfields, Letchworth Garden City, Hertfordshire, SG6 4NB"
2026-09-12,1957076,JJ's Street Kitchen,Restaurant/Cafe/Canteen,Higher Market Street,East Looe,Looe,Cornwall,PL13 1BS,Cornwall,AwaitingInspection,,FHRS,True,,,"Higher Market Street, East Looe, Looe, Cornwall, PL13 1BS"
2026-09-12,1976571,R And D Catering,Restaurant/Cafe/Canteen,Newquay Golf Club,Tower Road,Newquay,Cornwall,TR7 1LT,Cornwall,AwaitingInspection,,FHRS,True,,,"Newquay Golf Club, Tower Road, Newquay, Cornwall, TR7 1LT"
2026-09-12,1983096,Salty Dog Roadhouse,Restaurant/Cafe/Canteen,Unit 20,Gallows Park,Millbrook,Torpoint,PL11 3AX,Cornwall,AwaitingInspection,,FHRS,True,,,"Unit 20, Gallows Park, Millbrook, Torpoint, PL11 3AX"
2026-09-12,1969881,Stop By,Restaurant/Cafe/Canteen,10 Fore Street,Saltash,Cornwall,,PL12 6JL,Cornwall,AwaitingInspection,,FHRS,True,,,"10 Fore Street, Saltash, Cornwall, PL12 6JL"
2026-09-12,1976570,The Little Ferry,Restaurant/Cafe/Canteen,Fore Street,Torpoint,Cornwall,,PL11 2AG,Cornwall,5,2026-09-04,FHRS,False,,,"Fore Street, Torpoint, Cornwall, PL11 2AG"
2026-09-12,1515390,The Vine By Knightor,Restaurant/Cafe/Canteen,Knightor Vineyard,Portscatho,Truro,Cornwall,TR2 5EH,Cornwall,5,2026-09-02,FHRS,False,,,"Knightor Vineyard, Portscatho, Truro, Cornwall, TR2 5EH"
2026-09-12,1987060,Quarry Kitchen Cafe Bar @ The Quarry Swimming And Fitness Ce,Restaurant/Cafe/Canteen,The Quarry Swimming And Fitness Centre Priory Road,,Shrewsbury,Shropshire,SY1 1RU,Shropshire,AwaitingInspection,,FHRS,True,,,"The Quarry Swimming And Fitness Centre Priory Road, Shrewsbury, Shropshire, SY1 1RU"
2026-09-12,1987055,Starbucks @ EG On The Move,Restaurant/Cafe/Canteen,Petrol Station Bromfield Road,,Ludlow,Shropshire,SY8 1DN,Shropshire,AwaitingInspection,,FHRS,False,,,"Petrol Station Bromfield Road, Ludlow, Shropshire, SY8 1DN"
2026-09-12,1987050,The Lloyd,Restaurant/Cafe/Canteen,5 Park Street,,Shifnal,Shropshire,TF11 9BA,Shropshire,AwaitingInspection,,FHRS,False,,,"5 Park Street, Shifnal, Shropshire, TF11 9BA"
2026-09-12,1987021,Blissful Bites,Restaurant/Cafe/Canteen,,,,,,Gloucester City,AwaitingInspection,,FHRS,False,,,
2026-09-12,1987020,Keeping Christmas Magical,Restaurant/Cafe/Canteen,,,,,,Gloucester City,AwaitingInspection,,FHRS,False,,,
2026-09-12,1987016,K's Bakes,Restaurant/Cafe/Canteen,,,,,,Gloucester City,AwaitingInspection,,FHRS,False,,,
2026-09-12,1987015,Mum's Kitchen,Restaurant/Cafe/Canteen,,,,,,Gloucester City,AwaitingInspection,,FHRS,False,,,
2026-09-12,1987023,Sweet Celebrations,Restaurant/Cafe/Canteen,,,,,,Gloucester City,AwaitingInspection,,FHRS,False,,,
2026-09-12,1987017,The Peppercorn Cottage,Restaurant/Cafe/Canteen,,,,,,Gloucester City,AwaitingInspection,,FHRS,False,,,
2026-09-12,1987018,The Teddy Bakes Co.,Restaurant/Cafe/Canteen,,,,,,Gloucester City,AwaitingInspection,,FHRS,False,,,
2026-09-12,1987026,Vaka_Foods,Restaurant/Cafe/Canteen,,,,,,Gloucester City,AwaitingInspection,,FHRS,False,,,
2026-09-12,1987043,Foodiesthan,Restaurant/Cafe/Canteen,Unit 2 408 Alexandra Avenue,Harrow,,,HA2 9TR,Harrow,AwaitingInspection,,FHRS,False,,,"Unit 2 408 Alexandra Avenue, Harrow, HA2 9TR"
2026-09-12,1987040,Harrow Authentic Falafel,Restaurant/Cafe/Canteen,Kiosk 2 St Anns Road,Harrow,,,HA1 1LA,Harrow,AwaitingInspection,,FHRS,False,,,"Kiosk 2 St Anns Road, Harrow, HA1 1LA"
2026-09-12,1987034,Swastik Restaurant Ltd,Restaurant/Cafe/Canteen,397 Honeypot Lane,Stanmore,,,HA7 1JJ,Harrow,AwaitingInspection,,FHRS,False,,,"397 Honeypot Lane, Stanmore, HA7 1JJ"
2026-09-12,1986682,19 Fifty Seven Lounge Limited,Restaurant/Cafe/Canteen,9  Long Lane,,,Rowley Regis,B65 0HY,Sandwell,AwaitingInspection,,FHRS,False,,,"9  Long Lane, Rowley Regis, B65 0HY"
2026-09-12,1986680,Peri Spice,Restaurant/Cafe/Canteen,30A High Street,,,Cradley Heath,B64 5HL,Sandwell,AwaitingInspection,,FHRS,False,,,"30A High Street, Cradley Heath, B64 5HL"
2026-09-12,1908473,BUDDY BEARS PLAY CAFE,Restaurant/Cafe/Canteen,Bethel Temple Pentecostal Church,The Rookery,Newcastle Under Lyme,Staffordshire,ST5 6NA,Newcastle-Under-Lyme,AwaitingInspection,,FHRS,False,,,"Bethel Temple Pentecostal Church, The Rookery, Newcastle Under Lyme, Staffordshire, ST5 6NA"
2026-09-12,1986773,Buffet Box,Restaurant/Cafe/Canteen,Media House,1a Dunnswood Road,Wardpark,Cumbernauld,G67 3EN,North Lanarkshire,Awaiting Inspection,,FHIS,False,,,"Media House, 1a Dunnswood Road, Wardpark, Cumbernauld, G67 3EN"
2026-09-12,1986738,Bosphorus Cafe And Lounge,Restaurant/Cafe/Canteen,Bosphorus Cafe And Lounge,46 Manchester Road,Denton,Tameside,M34 3LE,Tameside,5,2026-09-08,FHRS,False,,,"Bosphorus Cafe And Lounge, 46 Manchester Road, Denton, Tameside, M34 3LE"
2026-09-12,1987029,Eventful Creations (ECL),Restaurant/Cafe/Canteen,2 Sisters Food Group Caxton Way,,Thetford,Norfolk,IP24 3RY,Breckland,AwaitingInspection,,FHRS,False,,,"2 Sisters Food Group Caxton Way, Thetford, Norfolk, IP24 3RY"
2026-09-12,1987027,Officers mess cafe,Restaurant/Cafe/Canteen,Old Buckenham Airfield Abbey Road,,Old Buckenham,Norfolk,NR17 1PU,Breckland,AwaitingInspection,,FHRS,False,,,"Old Buckenham Airfield Abbey Road, Old Buckenham, Norfolk, NR17 1PU"
2026-09-12,1987028,Playnooks,Restaurant/Cafe/Canteen,Unit 15 (next To Banham Zoo) Kenninghall Road,,Banham,Norfolk,NR16 2HE,Breckland,5,2026-08-18,FHRS,False,,,"Unit 15 (next To Banham Zoo) Kenninghall Road, Banham, Norfolk, NR16 2HE"
2026-09-12,1986750,Buns on the run smokehouse,Restaurant/Cafe/Canteen,The Plough,53 High Street,,Walcott,LN4 3SW,North Kesteven,AwaitingInspection,,FHRS,False,,,"The Plough, 53 High Street, Walcott, LN4 3SW"
2026-09-12,1986764,Moon & Cous,Restaurant/Cafe/Canteen,6 Haslemere Road,,Liphook,Hampshire,GU30 7AL,East Hampshire,AwaitingInspection,,FHRS,False,,,"6 Haslemere Road, Liphook, Hampshire, GU30 7AL"
2026-09-12,1469418,Coles Cafe,Restaurant/Cafe/Canteen,Salthouse Fields,Elton Road,Clevedon,,BS21 7RF,North Somerset,AwaitingInspection,,FHRS,False,,,"Salthouse Fields, Elton Road, Clevedon, BS21 7RF"
2026-09-12,1987207,Frequentea,Restaurant/Cafe/Canteen,,,,,,North Somerset,AwaitingInspection,,FHRS,False,,,
2026-09-12,1987215,Premier Inn Weston-super-Mare East (A370),Restaurant/Cafe/Canteen,,Hutton Moor Road,Weston-Super-Mare,,BS22 8LY,North Somerset,5,2025-09-24,FHRS,False,,,"Hutton Moor Road, Weston-Super-Mare, BS22 8LY"
2026-09-12,1986792,Backs Deli,Restaurant/Cafe/Canteen,62 Heaton Moor Road,Heaton Moor,Stockport,,SK4 4NZ,Stockport,AwaitingInspection,,FHRS,False,,,"62 Heaton Moor Road, Heaton Moor, Stockport, SK4 4NZ"
2026-09-12,1986784,BravoCafe,Restaurant/Cafe/Canteen,24 Broadstone Road,North Reddish,Stockport,,SK5 7AE,Stockport,AwaitingInspection,,FHRS,True,,,"24 Broadstone Road, North Reddish, Stockport, SK5 7AE"
2026-09-12,1986782,Mille Ospiti,Restaurant/Cafe/Canteen,139 London Road,Hazel Grove,Stockport,,SK7 4HH,Stockport,AwaitingInspection,,FHRS,False,,,"139 London Road, Hazel Grove, Stockport, SK7 4HH"
2026-09-12,1986781,SAPORI,Restaurant/Cafe/Canteen,18 Station Road,Cheadle Hulme,Cheadle,,SK8 5AE,Stockport,AwaitingInspection,,FHRS,False,,,"18 Station Road, Cheadle Hulme, Cheadle, SK8 5AE"
2026-09-12,1986796,Shahan Persian Grill,Restaurant/Cafe/Canteen,1 Moorside Road,Heaton Mersey,Stockport,,SK4 4DT,Stockport,AwaitingInspection,,FHRS,False,,,"1 Moorside Road, Heaton Mersey, Stockport, SK4 4DT"
2026-09-12,1986790,SIZZLE CAFE,Restaurant/Cafe/Canteen,29 The Precinct,Cheadle Hulme,Cheadle,,SK8 5BB,Stockport,AwaitingInspection,,FHRS,False,,,"29 The Precinct, Cheadle Hulme, Cheadle, SK8 5BB"
2026-09-12,1987032,Lord of Noodles,Restaurant/Cafe/Canteen,15 High Street Penicuik EH26 8HS,,,,EH26 8HS,Midlothian,Awaiting Inspection,2026-09-05,FHIS,False,,,"15 High Street Penicuik EH26 8HS, EH26 8HS"
2026-09-12,1987092,Avora Lounge,Restaurant/Cafe/Canteen,Kings Walk,Grays,Essex,,RM17 6HR,Thurrock,AwaitingInspection,,FHRS,False,,,"Kings Walk, Grays, Essex, RM17 6HR"
2026-09-12,1987072,Codsall Spice,Restaurant/Cafe/Canteen,139 Wolverhampton Road,Codsall,WOLVERHAMPTON,,WV8 1PF,South Staffordshire,AwaitingInspection,,FHRS,False,,,"139 Wolverhampton Road, Codsall, WOLVERHAMPTON, WV8 1PF"
2026-09-12,1987078,Puddle Duck Cafe,Restaurant/Cafe/Canteen,1 Bridgnorth Road,Stourton,STOURBRIDGE,,DY7 6RP,South Staffordshire,AwaitingInspection,,FHRS,False,,,"1 Bridgnorth Road, Stourton, STOURBRIDGE, DY7 6RP"
2026-09-12,1987162,Blank Street Coffee,Restaurant/Cafe/Canteen,134 Princes Street,Edinburgh,,,EH2 4AH,Edinburgh (City of),Awaiting Inspection,2026-09-09,FHIS,False,,,"134 Princes Street, Edinburgh, EH2 4AH"
2026-09-12,1987164,Guaiira by Mama Tingo,Restaurant/Cafe/Canteen,33 Elm Row,Edinburgh,,,EH7 4AH,Edinburgh (City of),Awaiting Inspection,,FHIS,False,,,"33 Elm Row, Edinburgh, EH7 4AH"
2026-09-12,1987161,Hanoi street food,Restaurant/Cafe/Canteen,121 Morrison Street,Edinburgh,,,EH3 8AJ,Edinburgh (City of),Pass,2026-09-03,FHIS,False,,,"121 Morrison Street, Edinburgh, EH3 8AJ"
2026-09-12,1987170,Mario Patisserie,Restaurant/Cafe/Canteen,132 West Granton Road,Edinburgh,,,EH5 1PF,Edinburgh (City of),Awaiting Inspection,2026-09-10,FHIS,False,,,"132 West Granton Road, Edinburgh, EH5 1PF"
2026-09-12,1987169,Mint Refreshing Indian Takeaway,Restaurant/Cafe/Canteen,64 Portobello High Street,Edinburgh,,,EH15 1AN,Edinburgh (City of),Awaiting Inspection,2026-09-09,FHIS,False,,,"64 Portobello High Street, Edinburgh, EH15 1AN"
2026-09-12,1987163,Pat's Deli,Restaurant/Cafe/Canteen,125 Portobello High Street,Edinburgh,,,EH15 1AF,Edinburgh (City of),Awaiting Inspection,2026-09-09,FHIS,False,,,"125 Portobello High Street, Edinburgh, EH15 1AF"
2026-09-12,1987160,The Realm VR Gaming,Restaurant/Cafe/Canteen,Roddinglaw Road,Edinburgh,,,EH12 9DB,Edinburgh (City of),Awaiting Inspection,2026-09-08,FHIS,False,,,"Roddinglaw Road, Edinburgh, EH12 9DB"
2026-09-12,1986698,Café Valence,Restaurant/Cafe/Canteen,Sutton Valence Village Hall,North Street,Sutton Valence,Kent,ME17 3HS,Maidstone,AwaitingInspection,,FHRS,False,,,"Sutton Valence Village Hall, North Street, Sutton Valence, Kent, ME17 3HS"
2026-09-12,1987087,Groovy Coffee Co.,Restaurant/Cafe/Canteen,STREET RECORD,Sextons Road,Bishops Stortford,Hertfordshire,,East Hertfordshire,AwaitingInspection,,FHRS,False,,,"STREET RECORD, Sextons Road, Bishops Stortford, Hertfordshire"
2026-09-12,1987090,Little Saigon Restaurant Ltd,Restaurant/Cafe/Canteen,3 Church Street,Bishops Stortford,Hertfordshire,,CM23 2LY,East Hertfordshire,AwaitingInspection,,FHRS,False,,,"3 Church Street, Bishops Stortford, Hertfordshire, CM23 2LY"
2026-09-12,1986932,Grapevine Catering,Restaurant/Cafe/Canteen,Masonic Hall,Princes Avenue,Caerphilly,,CF83 1HR,Caerffili,AwaitingInspection,,FHRS,False,,,"Masonic Hall, Princes Avenue, Caerphilly, CF83 1HR"
2026-09-12,1986930,Liquid Over Time Ltd,Restaurant/Cafe/Canteen,,14 Pentrebane Street,Caerphilly,,CF83 1FR,Caerffili,AwaitingInspection,,FHRS,False,,,"14 Pentrebane Street, Caerphilly, CF83 1FR"
2026-09-15,1987432,Wagamama,Restaurant/Cafe/Canteen,Unit A,Mallard Way,Silverlink Retail Park,Wallsend,NE28 9ND,North Tyneside,5,2026-09-02,FHRS,False,,,"Unit A, Mallard Way, Silverlink Retail Park, Wallsend, NE28 9ND"
2026-09-15,1987438,Apphia's Wonderful Cakes,Restaurant/Cafe/Canteen,,,,,,Bristol,AwaitingInspection,,FHRS,False,,,
2026-09-15,1987435,Best Grill Kebab House,Restaurant/Cafe/Canteen,,211 Wellington Hill West,Henleaze,Bristol,BS9 4QL,Bristol,AwaitingInspection,,FHRS,False,,,"211 Wellington Hill West, Henleaze, Bristol, BS9 4QL"
2026-09-15,1987439,Midgard Brew,Restaurant/Cafe/Canteen,,,,,,Bristol,AwaitingInspection,,FHRS,False,,,
2026-09-15,1987437,Simba pt ltd,Restaurant/Cafe/Canteen,,,,,,Bristol,AwaitingInspection,,FHRS,False,,,
2026-09-15,1987312,7Bone Oxford,Restaurant/Cafe/Canteen,,,,,,Oxford City,AwaitingInspection,,FHRS,False,,,
2026-09-15,1987311,Oregano Pizza And Coffee,Restaurant/Cafe/Canteen,Unit 7,59 - 63 Cowley Road,Oxford,Oxfordshire,OX4 1HR,Oxford City,AwaitingInspection,,FHRS,False,,,"Unit 7, 59 - 63 Cowley Road, Oxford, Oxfordshire, OX4 1HR"
2026-09-15,1987307,Vaults \& Garden Cafe,Restaurant/Cafe/Canteen,2 King Edward Street,Oxford,Oxfordshire,,OX1 4HS,Oxford City,AwaitingInspection,,FHRS,False,,,"2 King Edward Street, Oxford, Oxfordshire, OX1 4HS"
2026-09-15,1987306,Zizzi,Restaurant/Cafe/Canteen,,,,,,Oxford City,AwaitingInspection,,FHRS,False,,,
2026-09-15,1987587,Cafe in the Park,Restaurant/Cafe/Canteen,Cafe In The Park Park Street,,,Ripon,HG4 2BD,North Yorkshire,AwaitingInspection,,FHRS,False,,,"Cafe In The Park Park Street, Ripon, HG4 2BD"
2026-09-15,1987582,Greyfriars Cafe & Catering,Restaurant/Cafe/Canteen,Greyfriars Flints Terrace,,,Richmond,DL10 4DQ,North Yorkshire,AwaitingInspection,,FHRS,False,,,"Greyfriars Flints Terrace, Richmond, DL10 4DQ"
2026-09-15,1987608,Norr Cafe,Restaurant/Cafe/Canteen,4 John Street,,,Harrogate,HG1 1JZ,North Yorkshire,AwaitingInspection,,FHRS,False,,,"4 John Street, Harrogate, HG1 1JZ"
2026-09-15,1987600,Padel Up – Knaresborough,Restaurant/Cafe/Canteen,7 Manse Lane,,,Knaresborough,HG5 8NQ,North Yorkshire,AwaitingInspection,,FHRS,False,,,"7 Manse Lane, Knaresborough, HG5 8NQ"
2026-09-15,1987613,Resolution House,Restaurant/Cafe/Canteen,RESOLUTION HOUSE LAKE VIEW,,,SCARBOROUGH,YO11 3ZB,North Yorkshire,AwaitingInspection,,FHRS,False,,,"RESOLUTION HOUSE LAKE VIEW, SCARBOROUGH, YO11 3ZB"
2026-09-15,1987609,The Bistro @ Meadowfields,Restaurant/Cafe/Canteen,MEADOWFIELDS CHAPEL STREET,,,THIRSK,YO7 1TH,North Yorkshire,AwaitingInspection,,FHRS,False,,,"MEADOWFIELDS CHAPEL STREET, THIRSK, YO7 1TH"
2026-09-15,1987595,Tulip Cafe,Restaurant/Cafe/Canteen,9 Beulah Street,,,Harrogate,HG1 1QQ,North Yorkshire,AwaitingInspection,,FHRS,False,,,"9 Beulah Street, Harrogate, HG1 1QQ"
2026-09-15,1987585,Veeno,Restaurant/Cafe/Canteen,Crosby Road,,,Northallerton,DL6 1AU,North Yorkshire,AwaitingInspection,,FHRS,False,,,"Crosby Road, Northallerton, DL6 1AU"
2026-09-15,307992,Cariad Catering,Restaurant/Cafe/Canteen,Pentre Farm,,Llansoy,Usk,NP15 1DF,Monmouthshire,AwaitingInspection,,FHRS,False,,,"Pentre Farm, Llansoy, Usk, NP15 1DF"
2026-09-15,152316,Lake View Catering,Restaurant/Cafe/Canteen,Woodlake Park Golf Club,Coed-Chambers Road,Glascoed,Pontypool,NP4 0TE,Monmouthshire,3,2026-07-29,FHRS,False,,,"Woodlake Park Golf Club, Coed-Chambers Road, Glascoed, Pontypool, NP4 0TE"
2026-09-15,1987449,The Bank,Restaurant/Cafe/Canteen,,57 Bridge Street,Usk,Monmouthshire,NP15 1BQ,Monmouthshire,AwaitingInspection,,FHRS,False,,,"57 Bridge Street, Usk, Monmouthshire, NP15 1BQ"
2026-09-15,1987448,The Gallery Cafe at Court Arts,Restaurant/Cafe/Canteen,Court Robert,Bryngwyn Road,Tregare,Usk,NP15 2BZ,Monmouthshire,4,2026-07-24,FHRS,False,,,"Court Robert, Bryngwyn Road, Tregare, Usk, NP15 2BZ"
2026-09-15,1636322,Bijou Cafe,Restaurant/Cafe/Canteen,21 Burnt Ash Hill,London,,,SE12 0AA,Lewisham,4,2024-12-04,FHRS,False,,,"21 Burnt Ash Hill, London, SE12 0AA"
2026-09-15,1987337,CAFE Southend Lane,Restaurant/Cafe/Canteen,295 Southend Lane,London,,,SE6 3ND,Lewisham,AwaitingInspection,,FHRS,False,,,"295 Southend Lane, London, SE6 3ND"
2026-09-15,1987338,Cantina Boccone,Restaurant/Cafe/Canteen,Arch 8,4 Market Yard,Deptford,London,SE8 4BX,Lewisham,AwaitingInspection,,FHRS,False,,,"Arch 8, 4 Market Yard, Deptford, London, SE8 4BX"
2026-09-15,1987376,Craft Metropolis,Restaurant/Cafe/Canteen,26B Sydenham Road,London,,,SE26 5QW,Lewisham,AwaitingInspection,,FHRS,False,,,"26B Sydenham Road, London, SE26 5QW"
2026-09-15,1987361,The Bar Beach Grill,Restaurant/Cafe/Canteen,Unit,9 Lindsay Court,Loampit Vale,London,SE13 7LL,Lewisham,AwaitingInspection,,FHRS,False,,,"Unit, 9 Lindsay Court, Loampit Vale, London, SE13 7LL"
2026-09-15,1987362,THE WELLS CAFE,Restaurant/Cafe/Canteen,Sydenham Wells Park,Taylors Lane,London,,SE26 6LA,Lewisham,AwaitingInspection,,FHRS,False,,,"Sydenham Wells Park, Taylors Lane, London, SE26 6LA"
2026-09-15,1987260,Cleopatras Legacy CIC/Clepatras Chatham,Restaurant/Cafe/Canteen,Ground Floor,25 Military Road,Chatham,Medway,ME4 4JG,Medway,AwaitingInspection,,FHRS,False,,,"Ground Floor, 25 Military Road, Chatham, Medway, ME4 4JG"
2026-09-15,1987255,Curry Spice,Restaurant/Cafe/Canteen,55 Canterbury Street,Gillingham,Medway,,ME7 5TR,Medway,AwaitingInspection,,FHRS,False,,,"55 Canterbury Street, Gillingham, Medway, ME7 5TR"
2026-09-15,1987270,Turkuaz,Restaurant/Cafe/Canteen,Unit 7,Medway Valley Leisure Park,Chariot Way,Strood,ME2 2SS,Medway,AwaitingInspection,,FHRS,False,,,"Unit 7, Medway Valley Leisure Park, Chariot Way, Strood, ME2 2SS"
2026-09-15,1922384,Albatross,Restaurant/Cafe/Canteen,Retail Unit,8 - 10 Old Jewry,London,,EC2R 8DN,City of London Corporation,5,2026-09-07,FHRS,False,,,"Retail Unit, 8 - 10 Old Jewry, London, EC2R 8DN"
2026-09-15,1987420,Black Sheep Coffee,Restaurant/Cafe/Canteen,Five Kings House,1 Queen Street Place,London,,EC4R 1QS,City of London Corporation,AwaitingInspection,,FHRS,False,,,"Five Kings House, 1 Queen Street Place, London, EC4R 1QS"
2026-09-15,1987335,Cub Hub,Restaurant/Cafe/Canteen,Unit 2,Holby Business Park,West Street,Sowerby Bridge,HX6 3FH,Calderdale,AwaitingInspection,,FHRS,False,,,"Unit 2, Holby Business Park, West Street, Sowerby Bridge, HX6 3FH"
2026-09-15,1987327,God's Own Grub Cafe,Restaurant/Cafe/Canteen,305 Huddersfield Road,Halifax,Calderdale,,HX3 0PG,Calderdale,AwaitingInspection,,FHRS,False,,,"305 Huddersfield Road, Halifax, Calderdale, HX3 0PG"
2026-09-15,1987332,Golden Dragon,Restaurant/Cafe/Canteen,90 Southgate,Elland,Calderdale,,HX5 0EP,Calderdale,AwaitingInspection,,FHRS,False,,,"90 Southgate, Elland, Calderdale, HX5 0EP"
2026-09-15,1987328,Thai Sawadee Restaurant,Restaurant/Cafe/Canteen,59 Bradford Road,Brighouse,Calderdale,,HD6 1RS,Calderdale,AwaitingInspection,,FHRS,False,,,"59 Bradford Road, Brighouse, Calderdale, HD6 1RS"
2026-09-15,1987485,Cross Kitchen Oldwick Barns,Restaurant/Cafe/Canteen,Unit 3,Oldwick Farm,West Stoke Road,,PO18 9AA,Chichester,AwaitingInspection,,FHRS,False,,,"Unit 3, Oldwick Farm, West Stoke Road, PO18 9AA"
2026-09-15,1987393,Napolis Pizza,Restaurant/Cafe/Canteen,78 Brook Street,,Chester,Cheshire,CH1 3DN,Cheshire West and Chester,AwaitingInspection,,FHRS,False,,,"78 Brook Street, Chester, Cheshire, CH1 3DN"
2026-09-15,1987391,Puck & Pixel,Restaurant/Cafe/Canteen,15 - 17 High Street,,Northwich,Cheshire,CW9 5BY,Cheshire West and Chester,AwaitingInspection,,FHRS,False,,,"15 - 17 High Street, Northwich, Cheshire, CW9 5BY"
2026-09-15,1987405,Relish tandoori,Restaurant/Cafe/Canteen,25 Castle Street,,Northwich,Cheshire,CW8 1BA,Cheshire West and Chester,AwaitingInspection,,FHRS,False,,,"25 Castle Street, Northwich, Cheshire, CW8 1BA"
2026-09-15,1987419,Tasse Tee @ The Venue,Restaurant/Cafe/Canteen,The Venue Community Centre Gadbrook Road,Rudheath,Northwich,Cheshire,CW9 7JL,Cheshire West and Chester,AwaitingInspection,,FHRS,False,,,"The Venue Community Centre Gadbrook Road, Rudheath, Northwich, Cheshire, CW9 7JL"
2026-09-15,1987401,The Gate Inn,Restaurant/Cafe/Canteen,The Gate Inn Delamere Street,,Winsford,Cheshire,CW7 2NB,Cheshire West and Chester,5,2026-08-25,FHRS,False,,,"The Gate Inn Delamere Street, Winsford, Cheshire, CW7 2NB"
2026-09-15,1987240,Lucky star,Restaurant/Cafe/Canteen,36 Weydon Lane,,Farnham,,GU9 8UP,Waverley,AwaitingInspection,,FHRS,False,,,"36 Weydon Lane, Farnham, GU9 8UP"
2026-09-15,1987430,RECOVER LABS,Restaurant/Cafe/Canteen,,,,,,Southend-On-Sea,5,2026-09-02,FHRS,False,,,
2026-09-15,1987242,Desi Firangi,Restaurant/Cafe/Canteen,Ram Sports And Social Club,Ifield Avenue,West Green,Crawley,RH11 7AJ,Crawley,5,2026-08-25,FHRS,False,,,"Ram Sports And Social Club, Ifield Avenue, West Green, Crawley, RH11 7AJ"
2026-09-15,1987273,Sweets Town \& Grill,Restaurant/Cafe/Canteen,El Maestro,49 Duke Street,Chelmsford,Essex,CM1 1JA,Chelmsford,AwaitingInspection,,FHRS,False,,,"El Maestro, 49 Duke Street, Chelmsford, Essex, CM1 1JA"
2026-09-15,1987621,Sabai Coffee House,Restaurant/Cafe/Canteen,,44-46 Bank Street,Irvine,North Ayrshire,KA12 0LP,North Ayrshire,Awaiting Inspection,,FHIS,False,,,"44-46 Bank Street, Irvine, North Ayrshire, KA12 0LP"
2026-09-15,1987554,Cafe by the Street,Restaurant/Cafe/Canteen,,92 Academy Street,Inverness,Highland,IV1 1LU,Highland,Awaiting Inspection,2026-09-11,FHIS,False,,,"92 Academy Street, Inverness, Highland, IV1 1LU"
2026-09-15,1987548,Skye Thrive,Restaurant/Cafe/Canteen,,The Old Woollen Mill,Dunvegan Road,Portree,IV51 9HG,Highland,Awaiting Inspection,,FHIS,False,,,"The Old Woollen Mill, Dunvegan Road, Portree, IV51 9HG"
2026-09-15,1987552,SODEXO Ltd,Restaurant/Cafe/Canteen,Glen Mor,,Invergarry,,PH35 4HT,Highland,Awaiting Inspection,,FHIS,False,,,"Glen Mor, Invergarry, PH35 4HT"
2026-09-15,1987564,The Crazy Cup,Restaurant/Cafe/Canteen,,First Floor 35-36 High Street,Dingwall,,IV15 9SN,Highland,Awaiting Inspection,,FHIS,False,,,"First Floor 35-36 High Street, Dingwall, IV15 9SN"
2026-09-15,1987555,The Eatery by Biadh Blasta,Restaurant/Cafe/Canteen,,Site 5 Admirality Pier Shore Road Invergordon,,,IV18 0PP,Highland,Awaiting Inspection,,FHIS,False,,,"Site 5 Admirality Pier Shore Road Invergordon, IV18 0PP"
2026-09-15,1987556,XOKO,Restaurant/Cafe/Canteen,,2a Castle Wynd,Inverness,Highland,IV2 3EB,Highland,Awaiting Inspection,,FHIS,False,,,"2a Castle Wynd, Inverness, Highland, IV2 3EB"
2026-09-15,1987469,Papp’s Cafe,Restaurant/Cafe/Canteen,75 Moseley Avenue,,,Coventry,CV6 1HR,Coventry,AwaitingInspection,,FHRS,False,,,"75 Moseley Avenue, Coventry, CV6 1HR"
2026-09-15,1987467,Pickles grill restaurant,Restaurant/Cafe/Canteen,51 Spon End,,,Coventry,CV1 3HE,Coventry,AwaitingInspection,,FHRS,False,,,"51 Spon End, Coventry, CV1 3HE"
2026-09-15,1987465,Rudhra Restaurant,Restaurant/Cafe/Canteen,138 Far Gosford Street,,,Coventry,CV1 5DY,Coventry,AwaitingInspection,,FHRS,False,,,"138 Far Gosford Street, Coventry, CV1 5DY"
2026-09-15,1987480,The.feeda,Restaurant/Cafe/Canteen,Allard Way,,,Coventry,CV3 1JP,Coventry,AwaitingInspection,,FHRS,False,,,"Allard Way, Coventry, CV3 1JP"
2026-09-15,1987470,uttar dakshin,Restaurant/Cafe/Canteen,150 Far Gosford Street,,,Coventry,CV1 5DU,Coventry,AwaitingInspection,,FHRS,False,,,"150 Far Gosford Street, Coventry, CV1 5DU"
2026-09-15,1987224,Anna's Cafe,Restaurant/Cafe/Canteen,2A - 2B Opus Park Moorfield Road,,Guildford,Surrey,GU1 1SZ,Guildford,AwaitingInspection,,FHRS,False,,,"2A - 2B Opus Park Moorfield Road, Guildford, Surrey, GU1 1SZ"
2026-09-15,1987220,Lorenzo's Café,Restaurant/Cafe/Canteen,96 Stoke Road,,Guildford,Surrey,GU1 4JN,Guildford,5,2026-08-21,FHRS,False,,,"96 Stoke Road, Guildford, Surrey, GU1 4JN"
2026-09-15,1987226,The boring burger,Restaurant/Cafe/Canteen,21 Chapel Street,,Guildford,Surrey,GU1 3UL,Guildford,AwaitingInspection,,FHRS,False,,,"21 Chapel Street, Guildford, Surrey, GU1 3UL"
2026-09-15,1987228,The Cornish Bakery,Restaurant/Cafe/Canteen,84 - 86 High Street,,Guildford,Surrey,GU1 3HE,Guildford,AwaitingInspection,,FHRS,False,,,"84 - 86 High Street, Guildford, Surrey, GU1 3HE"
2026-09-15,1987221,The Sushi Co,Restaurant/Cafe/Canteen,221 High Street,,Guildford,Surrey,GU1 3BJ,Guildford,AwaitingInspection,,FHRS,False,,,"221 High Street, Guildford, Surrey, GU1 3BJ"
2026-09-15,1987303,AGAN,Restaurant/Cafe/Canteen,259 Kilburn High Road,London,,,NW6 7JR,Brent,AwaitingInspection,,FHRS,False,,,"259 Kilburn High Road, London, NW6 7JR"
2026-09-15,1203945,Fateera w Mangoosha,Restaurant/Cafe/Canteen,136 High Road,London,,,NW10 2PJ,Brent,AwaitingInspection,,FHRS,False,,,"136 High Road, London, NW10 2PJ"
2026-09-15,532511,HEARTSDESSERTLOVERS,Restaurant/Cafe/Canteen,22 Queensbury Station Parade,Edgware,,,HA8 5NR,Brent,AwaitingInspection,,FHRS,False,,,"22 Queensbury Station Parade, Edgware, HA8 5NR"
2026-09-15,1987302,Maison Mère Studio,Restaurant/Cafe/Canteen,207 Watford Road,Harrow,,,HA1 3UA,Brent,AwaitingInspection,,FHRS,False,,,"207 Watford Road, Harrow, HA1 3UA"
2026-09-15,532735,The Grand Saffron,Restaurant/Cafe/Canteen,119 Wembley Park Drive,Wembley,,,HA9 8HG,Brent,5,2026-09-05,FHRS,False,,,"119 Wembley Park Drive, Wembley, HA9 8HG"
2026-09-15,1987535,Seasons Forest Kitchen,Restaurant/Cafe/Canteen,10 Hartfield Road,,Forest Row,East Sussex,RH18 5DN,Wealden,AwaitingInspection,,FHRS,False,,,"10 Hartfield Road, Forest Row, East Sussex, RH18 5DN"
2026-09-15,1987571,101 Coffee,Restaurant/Cafe/Canteen,101 Elmers End Road,,Beckenham,,BR3 4SY,Bromley,AwaitingInspection,,FHRS,False,,,"101 Elmers End Road, Beckenham, BR3 4SY"
2026-09-15,1987578,High Bakes,Restaurant/Cafe/Canteen,6 Sundridge Parade Plaistow Lane,,Bromley,,BR1 4DT,Bromley,AwaitingInspection,,FHRS,False,,,"6 Sundridge Parade Plaistow Lane, Bromley, BR1 4DT"
2026-09-15,1987576,ODA CAFE,Restaurant/Cafe/Canteen,89 Elmers End Road,,Beckenham,,BR3 4SY,Bromley,AwaitingInspection,,FHRS,False,,,"89 Elmers End Road, Beckenham, BR3 4SY"
2026-09-15,1987577,ODA GRILL HOUSE RESTAURANT,Restaurant/Cafe/Canteen,,,,,,Bromley,AwaitingInspection,,FHRS,False,,,
2026-09-15,1987573,Rob Sussex,Restaurant/Cafe/Canteen,,,,,,Bromley,AwaitingInspection,,FHRS,False,,,
2026-09-15,1977157,Brew & Play,Restaurant/Cafe/Canteen,,42 St Mary's Street,Stamford,Lincolnshire,PE9 2DS,South Kesteven,5,2026-09-09,FHRS,False,,,"42 St Mary's Street, Stamford, Lincolnshire, PE9 2DS"
2026-09-15,1987278,Dalchini,Restaurant/Cafe/Canteen,10 - 14 Aylesbury Road,Wendover,Buckinghamshire,,HP22 6JQ,Buckinghamshire,AwaitingInspection,,FHRS,False,,,"10 - 14 Aylesbury Road, Wendover, Buckinghamshire, HP22 6JQ"
2026-09-15,1987276,Nileva Kitchen and Lounge,Restaurant/Cafe/Canteen,12 Oxford Road,New Denham,Denham,Buckinghamshire,UB9 4DQ,Buckinghamshire,AwaitingInspection,,FHRS,False,,,"12 Oxford Road, New Denham, Denham, Buckinghamshire, UB9 4DQ"
2026-09-15,1987500,Lichfield South Starbucks,Restaurant/Cafe/Canteen,Starbucks,Wall Island,Birmingham Road,Wall,WS14 0QP,Lichfield,AwaitingInspection,,FHRS,False,,,"Starbucks, Wall Island, Birmingham Road, Wall, WS14 0QP"
2026-09-15,1987501,Lippys Kitchen,Restaurant/Cafe/Canteen,21 Burntwood Town Shopping Centre,Cannock Road,Chase Terrace,Burntwood,WS7 1JR,Lichfield,AwaitingInspection,,FHRS,False,,,"21 Burntwood Town Shopping Centre, Cannock Road, Chase Terrace, Burntwood, WS7 1JR"
2026-09-15,1987502,MELA! Pizza,Restaurant/Cafe/Canteen,,,,,,Lichfield,AwaitingInspection,,FHRS,False,,,
2026-09-15,1987511,Hay's Shack @ The Queen Street Tap,Restaurant/Cafe/Canteen,42-44 Queen Street,,Deal,,CT14 6EY,Dover,AwaitingInspection,,FHRS,False,,,"42-44 Queen Street, Deal, CT14 6EY"
2026-09-15,1987509,The Bay Bistro,Restaurant/Cafe/Canteen,1 The Droveway,,St Margarets Bay,Kent,CT15 6DH,Dover,AwaitingInspection,,FHRS,False,,,"1 The Droveway, St Margarets Bay, Kent, CT15 6DH"
2026-09-15,1987304,Bunwell Community Coffee Shop,Restaurant/Cafe/Canteen,Bunwell Village Hall,The Turnpike,Bunwell,Norfolk,NR16 1SW,South Norfolk,AwaitingInspection,,FHRS,False,,,"Bunwell Village Hall, The Turnpike, Bunwell, Norfolk, NR16 1SW"
2026-09-15,1987516,Withern Village Hall,Restaurant/Cafe/Canteen,Withern Village Hall,Alford Road,Withern,Lincolnshire,LN13 0NF,East Lindsey,5,2026-09-07,FHRS,False,,,"Withern Village Hall, Alford Road, Withern, Lincolnshire, LN13 0NF"
2026-09-15,1987544,Tulip Cafe,Restaurant/Cafe/Canteen,69 Ongar Road,Brentwood,Essex,,CM15 9AZ,Brentwood,AwaitingInspection,,FHRS,False,,,"69 Ongar Road, Brentwood, Essex, CM15 9AZ"
2026-09-15,307992,Cariad Catering,Restaurant/Cafe/Canteen,Pentre Farm,,Llansoy,Usk,NP15 1DF,Sir Fynwy,AwaitingInspection,,FHRS,False,,,"Pentre Farm, Llansoy, Usk, NP15 1DF"
2026-09-15,152316,Lake View Catering,Restaurant/Cafe/Canteen,Woodlake Park Golf Club,Coed-Chambers Road,Glascoed,Pontypool,NP4 0TE,Sir Fynwy,3,2026-07-29,FHRS,False,,,"Woodlake Park Golf Club, Coed-Chambers Road, Glascoed, Pontypool, NP4 0TE"
2026-09-15,1987449,The Bank,Restaurant/Cafe/Canteen,,57 Bridge Street,Usk,Monmouthshire,NP15 1BQ,Sir Fynwy,AwaitingInspection,,FHRS,False,,,"57 Bridge Street, Usk, Monmouthshire, NP15 1BQ"
2026-09-15,1987448,The Gallery Cafe at Court Arts,Restaurant/Cafe/Canteen,Court Robert,Bryngwyn Road,Tregare,Usk,NP15 2BZ,Sir Fynwy,4,2026-07-24,FHRS,False,,,"Court Robert, Bryngwyn Road, Tregare, Usk, NP15 2BZ"
2026-09-15,1987522,The Curious Cafe and Gift Shop,Restaurant/Cafe/Canteen,Bulwell Hall Healthy Living Centre,Lawton Drive,,Nottingham,NG6 8BL,Nottingham City,AwaitingInspection,,FHRS,False,,,"Bulwell Hall Healthy Living Centre, Lawton Drive, Nottingham, NG6 8BL"
2026-09-15,1987320,Cajun Corner,Restaurant/Cafe/Canteen,496 - 498 Brixton Road,London,,,SW9 8EQ,Lambeth,AwaitingInspection,,FHRS,False,,,"496 - 498 Brixton Road, London, SW9 8EQ"
2026-09-15,1754271,Chocolate Dino Company,Restaurant/Cafe/Canteen,36 Kennington Road,London,,,SE1 7BL,Lambeth,5,2024-08-16,FHRS,False,,,"36 Kennington Road, London, SE1 7BL"
2026-09-15,1987315,Common Pizza,Restaurant/Cafe/Canteen,55 - 57 Old Town,London,,,SW4 0JQ,Lambeth,AwaitingInspection,,FHRS,False,,,"55 - 57 Old Town, London, SW4 0JQ"
2026-09-15,1987318,Merkato Spice,Restaurant/Cafe/Canteen,181 Ferndale Road,London,,,SW9 8BA,Lambeth,AwaitingInspection,,FHRS,False,,,"181 Ferndale Road, London, SW9 8BA"
2026-09-15,1987388,Meet And Eat,Restaurant/Cafe/Canteen,St Andrews Church,Cheadle Road,Cheadle Hulme,Cheadle,SK8 5ET,Stockport,AwaitingInspection,,FHRS,False,,,"St Andrews Church, Cheadle Road, Cheadle Hulme, Cheadle, SK8 5ET"
2026-09-15,1987386,The Place To Play,Restaurant/Cafe/Canteen,290 Gorton Road,North Reddish,Stockport,,SK5 6RN,Stockport,AwaitingInspection,,FHRS,False,,,"290 Gorton Road, North Reddish, Stockport, SK5 6RN"
2026-09-15,1802226,Coffee @ The Pier,Restaurant/Cafe/Canteen,Unit 5,South Parade Pier,South Parade,Southsea,PO4 0SW,Portsmouth,AwaitingInspection,,FHRS,False,,,"Unit 5, South Parade Pier, South Parade, Southsea, PO4 0SW"
2026-09-16,1987716,Koco Bloom Ltd,Restaurant/Cafe/Canteen,2 Queens Circus,Cheltenham,Gloucestershire,,GL50 1RX,Cheltenham,AwaitingInspection,,FHRS,False,,,"2 Queens Circus, Cheltenham, Gloucestershire, GL50 1RX"
2026-09-16,1987714,Siren Cheltenham Bar,Restaurant/Cafe/Canteen,Unit 3,The Brewery Quarter,Henrietta Street,Cheltenham,GL50 4FA,Cheltenham,AwaitingInspection,,FHRS,False,,,"Unit 3, The Brewery Quarter, Henrietta Street, Cheltenham, GL50 4FA"
2026-09-16,1987880,Betty's Bakes,Restaurant/Cafe/Canteen,18 Watlington,Hook,,,RG27 9TW,Hart,AwaitingInspection,,FHRS,False,,,"18 Watlington, Hook, RG27 9TW"
2026-09-16,1987948,Yateley Spice,Restaurant/Cafe/Canteen,66B Reading Road,Yateley,,,GU46 7UH,Hart,AwaitingInspection,,FHRS,False,,,"66B Reading Road, Yateley, GU46 7UH"
2026-09-16,1988154,136 Bowery Brew Co,Restaurant/Cafe/Canteen,136 Main Street,Barrhead,,East Renfrewshire,G78 1SG,East Renfrewshire,Awaiting Inspection,2026-08-14,FHIS,False,,,"136 Main Street, Barrhead, East Renfrewshire, G78 1SG"
2026-09-16,1988159,Indian At The Roundabout,Restaurant/Cafe/Canteen,2 Dovecothall Street,Barrhead,,East Renfrewshire,G78 1BS,East Renfrewshire,Awaiting Inspection,2026-09-03,FHIS,False,,,"2 Dovecothall Street, Barrhead, East Renfrewshire, G78 1BS"
2026-09-16,1988066,ANIKA INDIAN AND BANGLADESHI CUISINE,Restaurant/Cafe/Canteen,26 Deans Court,,Bicester,Oxfordshire,OX26 6RD,Cherwell,AwaitingInspection,,FHRS,False,,,"26 Deans Court, Bicester, Oxfordshire, OX26 6RD"
2026-09-16,1988067,Flame n Frost,Restaurant/Cafe/Canteen,33 Crown Walk,,Bicester,Oxfordshire,OX26 6HY,Cherwell,AwaitingInspection,,FHRS,False,,,"33 Crown Walk, Bicester, Oxfordshire, OX26 6HY"
2026-09-16,1988073,Gwens canal side cafe,Restaurant/Cafe/Canteen,Cafe At Banbury Museum And Gallery Castle Quay,,Banbury,Oxfordshire,OX16 2PQ,Cherwell,AwaitingInspection,,FHRS,False,,,"Cafe At Banbury Museum And Gallery Castle Quay, Banbury, Oxfordshire, OX16 2PQ"
2026-09-16,1988075,WINGERS BANBURY,Restaurant/Cafe/Canteen,57 Mewburn Road,,Banbury,Oxfordshire,OX16 9PQ,Cherwell,AwaitingInspection,,FHRS,False,,,"57 Mewburn Road, Banbury, Oxfordshire, OX16 9PQ"
2026-09-16,1987713,Baby Cakes,Restaurant/Cafe/Canteen,,,,,,Wigan,AwaitingInspection,,FHRS,False,,,
2026-09-16,1987712,Elena’s Bakery,Restaurant/Cafe/Canteen,,,,,,Wigan,AwaitingInspection,,FHRS,False,,,
2026-09-16,485147,Gaskells Munch Box,Restaurant/Cafe/Canteen,81 Norley Hall Avenue,Wigan,,,WN5 9LS,Wigan,AwaitingInspection,,FHRS,False,,,"81 Norley Hall Avenue, Wigan, WN5 9LS"
2026-09-16,1987697,Lulu's Seedlings and Sweet Things,Restaurant/Cafe/Canteen,,,,,,Wigan,AwaitingInspection,,FHRS,False,,,
2026-09-16,1987706,Lunch with Bee,Restaurant/Cafe/Canteen,,,,,,Wigan,AwaitingInspection,,FHRS,False,,,
2026-09-16,1987703,Matt's Sweets,Restaurant/Cafe/Canteen,,,,,,Wigan,AwaitingInspection,,FHRS,False,,,
2026-09-16,1987698,Meedahbakes,Restaurant/Cafe/Canteen,,,,,,Wigan,AwaitingInspection,,FHRS,False,,,
2026-09-16,1987702,Meow Mama,Restaurant/Cafe/Canteen,,,,,,Wigan,AwaitingInspection,,FHRS,False,,,
2026-09-16,1987711,Picky Bits,Restaurant/Cafe/Canteen,,,,,,Wigan,AwaitingInspection,,FHRS,False,,,
2026-09-16,1987705,Romey's,Restaurant/Cafe/Canteen,3 Mesnes Street,Wigan,,,WN1 1QP,Wigan,AwaitingInspection,,FHRS,False,,,"3 Mesnes Street, Wigan, WN1 1QP"
2026-09-16,1987707,Sports Club Catering,Restaurant/Cafe/Canteen,Green Lane,Standish,Wigan,,WN6 0TX,Wigan,AwaitingInspection,,FHRS,False,,,"Green Lane, Standish, Wigan, WN6 0TX"
2026-09-16,1987701,The Little Cookie Kitchen,Restaurant/Cafe/Canteen,,,,,,Wigan,AwaitingInspection,,FHRS,False,,,
2026-09-16,1987708,The Nourish Pantry,Restaurant/Cafe/Canteen,,,,,,Wigan,AwaitingInspection,,FHRS,False,,,
2026-09-16,1987709,The Verandah (inside the Greyhound Hotel),Restaurant/Cafe/Canteen,Warrington Road,Leigh,,,WN7 3XQ,Wigan,AwaitingInspection,,FHRS,False,,,"Warrington Road, Leigh, WN7 3XQ"
2026-09-16,1988131,The Happy Pot,Restaurant/Cafe/Canteen,Unit 25 Tooting Market 21-23 Tooting High Street,,London,Wandsworth,SW17 0SN,Wandsworth,AwaitingInspection,,FHRS,False,,,"Unit 25 Tooting Market 21-23 Tooting High Street, London, Wandsworth, SW17 0SN"
2026-09-16,1988077,Oxford Social,Restaurant/Cafe/Canteen,,88-94 Oxford Streets,Manchester,,M1 5WH,Manchester,AwaitingInspection,,FHRS,False,,,"88-94 Oxford Streets, Manchester, M1 5WH"
2026-09-16,1920789,Ceyara Ltd,Restaurant/Cafe/Canteen,12 Fiddies Drive,Bingham,Nottinghamshire,,NG13 7BG,Rushcliffe,AwaitingInspection,,FHRS,False,,,"12 Fiddies Drive, Bingham, Nottinghamshire, NG13 7BG"
2026-09-16,1988121,Karabatak Cafe,Restaurant/Cafe/Canteen,369 Richmond Road,,Twickenham,Richmond Upon Thames,TW1 2EJ,Richmond-Upon-Thames,AwaitingInspection,,FHRS,False,,,"369 Richmond Road, Twickenham, Richmond Upon Thames, TW1 2EJ"
2026-09-16,1988116,Karabatak International Consulting Ltd,Restaurant/Cafe/Canteen,369 Richmond Road,,Twickenham,Richmond Upon Thames,TW1 2EJ,Richmond-Upon-Thames,AwaitingInspection,,FHRS,False,,,"369 Richmond Road, Twickenham, Richmond Upon Thames, TW1 2EJ"
2026-09-16,1988124,Maria Restaurant,Restaurant/Cafe/Canteen,313 Upper Richmond Road West,,East Sheen,Richmond Upon Thames,SW14 8QR,Richmond-Upon-Thames,AwaitingInspection,,FHRS,False,,,"313 Upper Richmond Road West, East Sheen, Richmond Upon Thames, SW14 8QR"
2026-09-16,1988123,Millstone Cafe,Restaurant/Cafe/Canteen,39 Hampton Road,,Twickenham,Richmond Upon Thames,TW2 5QE,Richmond-Upon-Thames,AwaitingInspection,,FHRS,False,,,"39 Hampton Road, Twickenham, Richmond Upon Thames, TW2 5QE"
2026-09-16,1988114,Olympic Studios,Restaurant/Cafe/Canteen,117 - 123 Church Road,,Barnes,Richmond Upon Thames,SW13 9HL,Richmond-Upon-Thames,AwaitingInspection,,FHRS,False,,,"117 - 123 Church Road, Barnes, Richmond Upon Thames, SW13 9HL"
2026-09-16,1988122,Pixie Thai Kitchen,Restaurant/Cafe/Canteen,The Hand And Flower Upper Ham Road,,Ham,Richmond Upon Thames,TW10 5LA,Richmond-Upon-Thames,AwaitingInspection,,FHRS,False,,,"The Hand And Flower Upper Ham Road, Ham, Richmond Upon Thames, TW10 5LA"
2026-09-16,1931897,TURKISH BITE,Restaurant/Cafe/Canteen,7 Westminster House Kew Road,,Richmond,Richmond Upon Thames,TW9 2ND,Richmond-Upon-Thames,5,2026-08-18,FHRS,False,,,"7 Westminster House Kew Road, Richmond, Richmond Upon Thames, TW9 2ND"
2026-09-16,1987849,Game Haven,Restaurant/Cafe/Canteen,4 Burscough Street,Ormskirk,Lancashire,,L39 2ER,West Lancashire,AwaitingInspection,,FHRS,False,,,"4 Burscough Street, Ormskirk, Lancashire, L39 2ER"
2026-09-16,1987811,Base kitchen,Restaurant/Cafe/Canteen,212 East Prescot Road,,Liverpool,,L14 5NG,Liverpool,AwaitingInspection,,FHRS,False,,,"212 East Prescot Road, Liverpool, L14 5NG"
2026-09-16,966972,Aroma Coffee Bar,Restaurant/Cafe/Canteen,Ysbyty Llandochau Heol Penlan,Llandochau,Penarth,Bro Morgannwg,CF64 2XX,Bro Morgannwg,5,2026-09-02,FHRS,False,,,"Ysbyty Llandochau Heol Penlan, Llandochau, Penarth, Bro Morgannwg, CF64 2XX"
2026-09-16,1987770,Courts Cardiff,Restaurant/Cafe/Canteen,Braeside Penarth Road,,Penarth,Vale Of Glamorgan,CF64 1ND,Bro Morgannwg,AwaitingInspection,,FHRS,False,,,"Braeside Penarth Road, Penarth, Vale Of Glamorgan, CF64 1ND"
2026-09-16,1987758,For Goodness Taste Limited,Restaurant/Cafe/Canteen,Penarth Yacht Club The Esplanade,,Penarth,Vale Of Glamorgan,CF64 3AU,Bro Morgannwg,AwaitingInspection,,FHRS,False,,,"Penarth Yacht Club The Esplanade, Penarth, Vale Of Glamorgan, CF64 3AU"
2026-09-16,1987759,Pantruthyn Farm,Restaurant/Cafe/Canteen,Pant Ruthin Fach Farm,,St Mary Hill,Vale Of Glamorgan,CF35 5HY,Bro Morgannwg,AwaitingInspection,,FHRS,False,,,"Pant Ruthin Fach Farm, St Mary Hill, Vale Of Glamorgan, CF35 5HY"
2026-09-16,1987961,Bippity Boppity Cakes & Bakes,Restaurant/Cafe/Canteen,,,,,,Telford and Wrekin Council,AwaitingInspection,,FHRS,False,,,
2026-09-16,1987958,Coffee at NO.67,Restaurant/Cafe/Canteen,67 High Street,,Newport,Shropshire,TF10 7AU,Telford and Wrekin Council,AwaitingInspection,,FHRS,False,,,"67 High Street, Newport, Shropshire, TF10 7AU"
2026-09-16,1987956,Green Corner Bakery,Restaurant/Cafe/Canteen,,,,,,Telford and Wrekin Council,AwaitingInspection,,FHRS,False,,,
2026-09-16,1987960,Seenu’s kitchen,Restaurant/Cafe/Canteen,,,,,,Telford and Wrekin Council,AwaitingInspection,,FHRS,False,,,
2026-09-16,1988060,Bengal Spice,Restaurant/Cafe/Canteen,7 Fore Street,Taunton,Somerset,,TA4 4PX,Somerset,AwaitingInspection,,FHRS,False,,,"7 Fore Street, Taunton, Somerset, TA4 4PX"
2026-09-16,1988004,Costa (Northbound),Restaurant/Cafe/Canteen,Taunton Deane Motorway Service Area,,Pitminster,Taunton,TA3 7PF,Somerset,AwaitingInspection,,FHRS,False,,,"Taunton Deane Motorway Service Area, Pitminster, Taunton, TA3 7PF"
2026-09-16,1988007,Costa (Southbound),Restaurant/Cafe/Canteen,Taunton Deane Motorway Service Area,,Pitminster,Taunton,TA3 7PF,Somerset,AwaitingInspection,,FHRS,False,,,"Taunton Deane Motorway Service Area, Pitminster, Taunton, TA3 7PF"
2026-09-16,1988001,Hybrid T/A Chozen Noodle (Southbound),Restaurant/Cafe/Canteen,Taunton Deane Motorway Services,,Trull,Taunton,TA3 7PF,Somerset,AwaitingInspection,,FHRS,False,,,"Taunton Deane Motorway Services, Trull, Taunton, TA3 7PF"
2026-09-16,1988148,Orchard Spuds,Restaurant/Cafe/Canteen,North Down Farm,Yeovil Road,Haselbury Plucknett,Crewkerne,TA18 7PL,Somerset,AwaitingInspection,,FHRS,False,,,"North Down Farm, Yeovil Road, Haselbury Plucknett, Crewkerne, TA18 7PL"
2026-09-16,1987997,Taste Cafe,Restaurant/Cafe/Canteen,Sainsbury Supermarket,Hankridge Way,Taunton,Somerset,TA1 2LR,Somerset,AwaitingInspection,,FHRS,False,,,"Sainsbury Supermarket, Hankridge Way, Taunton, Somerset, TA1 2LR"
2026-09-16,1904515,2 Sisters Cafe & Bistro,Restaurant/Cafe/Canteen,33 Warner Street,Accrington,Lancashire,,BB5 1HN,Hyndburn,5,2026-01-29,FHRS,False,53.7517815,-2.3631977,"33 Warner Street, Accrington, Lancashire, BB5 1HN"
2026-09-16,903821,Abbey Friar,Restaurant/Cafe/Canteen,35 Abbey Street,Accrington,Lancashire,,BB5 1EN,Hyndburn,5,2026-01-27,FHRS,False,53.753172,-2.361739,"35 Abbey Street, Accrington, Lancashire, BB5 1EN"
2026-09-16,1672487,Accrington Stanley Community Trust,Restaurant/Cafe/Canteen,Stanley Sports Hub,Thorneyholme Rd. Accrington,,,BB5 6BD,Hyndburn,4,2026-06-16,FHRS,False,53.762643,-2.3600248,"Stanley Sports Hub, Thorneyholme Rd. Accrington, BB5 6BD"
2026-09-16,978280,Accrington Stanley Football Club,Restaurant/Cafe/Canteen,Livingstone Road,Accrington,Lancashire,,BB5 5BX,Hyndburn,5,2024-06-20,FHRS,False,53.7644691467285,-2.3707869052887,"Livingstone Road, Accrington, Lancashire, BB5 5BX"
2026-09-16,1683080,Affy's,Restaurant/Cafe/Canteen,108 Queen Street,Great Harwood,Lancashire,,BB6 7AL,Hyndburn,4,2025-08-21,FHRS,False,53.78581,-2.4024373,"108 Queen Street, Great Harwood, Lancashire, BB6 7AL"
2026-09-16,1808963,Akela Street Food,Restaurant/Cafe/Canteen,28 Queen Street,Great Harwood,Lancashire,,BB6 7QQ,Hyndburn,3,2025-01-30,FHRS,False,53.7859679,-2.4062635,"28 Queen Street, Great Harwood, Lancashire, BB6 7QQ"
2026-09-16,93934,Al - Hamza,Restaurant/Cafe/Canteen,161b Richmond Road,Accrington,Lancashire,,BB5 0JB,Hyndburn,5,2026-03-26,FHRS,False,53.745567,-2.379794,"161b Richmond Road, Accrington, Lancashire, BB5 0JB"
2026-09-16,1580083,Ambala @ Frontier Park,Restaurant/Cafe/Canteen,Blackburn Road,,,,BB1 3HR,Hyndburn,5,2026-06-02,FHRS,False,53.75657045,-2.44242205,"Blackburn Road, BB1 3HR"
2026-09-16,1983858,Amber's Tea Rooms,Restaurant/Cafe/Canteen,5 Arcade,Accrington,Lancashire,,BB5 2EL,Hyndburn,AwaitingInspection,,FHRS,False,53.7522467,-2.3639144,"5 Arcade, Accrington, Lancashire, BB5 2EL"
2026-09-16,1926464,Anarkali at the Game Cock Inn,Restaurant/Cafe/Canteen,8 Whalley Road,Great Harwood,Lancashire,,BB6 7UH,Hyndburn,2,2026-05-13,FHRS,False,53.7994346618652,-2.38775110244751,"8 Whalley Road, Great Harwood, Lancashire, BB6 7UH"
2026-09-16,539645,Angelica's Tea Room,Restaurant/Cafe/Canteen,Colliers Street,Oswaldtwistle,Lancashire,,BB5 3DE,Hyndburn,5,2025-08-04,FHRS,False,53.7478790283203,-2.39056611061096,"Colliers Street, Oswaldtwistle, Lancashire, BB5 3DE"
2026-09-16,109101,ASDA Customer Restaurant,Restaurant/Cafe/Canteen,Hyndburn Road,Accrington,,,BB5 1QR,Hyndburn,5,2026-01-29,FHRS,False,53.75371,-2.362563,"Hyndburn Road, Accrington, BB5 1QR"
2026-09-16,104927,Baltistan,Restaurant/Cafe/Canteen,217-219 Whalley Road,Clayton Le Moors,Accrington,,BB5 5HD,Hyndburn,4,2025-06-25,FHRS,False,53.772567,-2.382769,"217-219 Whalley Road, Clayton Le Moors, Accrington, BB5 5HD"
2026-09-16,1926461,Baxie Coffee Ltd,Restaurant/Cafe/Canteen,547 Manchester Road,Accrington,Lancashire,,BB5 2QJ,Hyndburn,4,2026-07-10,FHRS,False,53.7347108,-2.3458447,"547 Manchester Road, Accrington, Lancashire, BB5 2QJ"
2026-09-16,1667805,Black Horse,Restaurant/Cafe/Canteen,58 Abbey Street,Accrington,Lancashire,,BB5 1EE,Hyndburn,5,2026-03-27,FHRS,False,53.7522171,-2.3617642,"58 Abbey Street, Accrington, Lancashire, BB5 1EE"
2026-09-16,551290,BMP ( Europe) Limited,Restaurant/Cafe/Canteen,Shorten Brook Drive,Altham Business Park,Accrington,,BB5 5YH,Hyndburn,5,2025-03-05,FHRS,False,53.789483,-2.340908,"Shorten Brook Drive, Altham Business Park, Accrington, BB5 5YH"
2026-09-16,1705410,Britannia Tap and Grill,Restaurant/Cafe/Canteen,Haslingden Old Road,Oswaldtwistle,Lancashire,,BB5 3RJ,Hyndburn,4,2025-11-25,FHRS,False,53.7296485900879,-2.41461801528931,"Haslingden Old Road, Oswaldtwistle, Lancashire, BB5 3RJ"
2026-09-16,782965,Bulloughs,Restaurant/Cafe/Canteen,The Globe Centre,Unit 30 & 31,St James Square,,BB5 0RE,Hyndburn,5,2024-08-14,FHRS,False,53.750813,-2.369104,"The Globe Centre, Unit 30 & 31, St James Square, BB5 0RE"
2026-09-16,1568954,Cafe 21,Restaurant/Cafe/Canteen,21 High Street,Rishton,Lancashire,,BB1 4JZ,Hyndburn,5,2024-11-20,FHRS,False,53.768027,-2.4145403,"21 High Street, Rishton, Lancashire, BB1 4JZ"
2026-09-16,907930,Cafe Brunch,Restaurant/Cafe/Canteen,46 Broadway,Accrington,Lancashire,,BB5 1EW,Hyndburn,3,2026-04-21,FHRS,False,53.754191,-2.363689,"46 Broadway, Accrington, Lancashire, BB5 1EW"
2026-09-16,1526370,Cafe B's,Restaurant/Cafe/Canteen,23 Fern Gore Avenue,Accrington,Lancashire,,BB5 0NF,Hyndburn,5,2024-08-28,FHRS,False,53.74245,-2.376127,"23 Fern Gore Avenue, Accrington, Lancashire, BB5 0NF"
2026-09-16,110308,Cafe Nova,Restaurant/Cafe/Canteen,Colliers Street,Oswaldtwistle,Lancashire,,BB5 3DE,Hyndburn,5,2025-09-30,FHRS,False,53.7478790283203,-2.39056611061096,"Colliers Street, Oswaldtwistle, Lancashire, BB5 3DE"
2026-09-16,1069212,Cafe Ri-An,Restaurant/Cafe/Canteen,5 Stanley Street,Accrington,,,BB5 6PR,Hyndburn,5,2024-08-27,FHRS,False,53.7536032,-2.3619698,"5 Stanley Street, Accrington, BB5 6PR"
2026-09-16,1593812,Cafe William,Restaurant/Cafe/Canteen,25 Whalley Road,Altham West,Lancashire,,BB5 5DH,Hyndburn,4,2025-05-29,FHRS,False,53.7676941,-2.3750242,"25 Whalley Road, Altham West, Lancashire, BB5 5DH"
2026-09-16,733856,Canal View,Restaurant/Cafe/Canteen,2/4 Hermitage Street,Rishton,,,BB1 4NL,Hyndburn,5,2026-05-19,FHRS,False,53.768838,-2.40933,"2/4 Hermitage Street, Rishton, BB1 4NL"
2026-09-16,1150156,Carers Link Lancashire,Restaurant/Cafe/Canteen,54-56 Blackburn Road,Accrington,Lancashire,,BB5 1LE,Hyndburn,4,2026-02-17,FHRS,False,53.7533987,-2.3663813,"54-56 Blackburn Road, Accrington, Lancashire, BB5 1LE"
2026-09-16,1560330,Cha Cha Chai,Restaurant/Cafe/Canteen,105 Blackburn Road,Accrington,Lancashire,,BB5 1JJ,Hyndburn,5,2025-05-29,FHRS,False,53.7531452,-2.3669705,"105 Blackburn Road, Accrington, Lancashire, BB5 1JJ"
2026-09-16,1499047,Checcos Restaurant & Pizzeria,Restaurant/Cafe/Canteen,13 Whalley Road,Great Harwood,Lancashire,,BB6 7UH,Hyndburn,4,2025-07-22,FHRS,False,53.7969596,-2.3874389,"13 Whalley Road, Great Harwood, Lancashire, BB6 7UH"
2026-09-16,139104,Church Street Chippy,Restaurant/Cafe/Canteen,27 Church Street,Accrington,,,BB5 2EN,Hyndburn,4,2025-12-02,FHRS,False,53.752023,-2.364444,"27 Church Street, Accrington, BB5 2EN"
2026-09-16,797891,Churchfield House,Restaurant/Cafe/Canteen,Church Street,Great Harwood,Lancashire,,BB6 7RE,Hyndburn,5,2025-11-27,FHRS,False,53.789722,-2.405374,"Church Street, Great Harwood, Lancashire, BB6 7RE"
2026-09-16,1349325,Cinnabon,Restaurant/Cafe/Canteen,Frontier Park Service Station,Cinnabon,Whitebirk Roundabout,,BB1 3AL,Hyndburn,5,2024-06-27,FHRS,False,,,"Frontier Park Service Station, Cinnabon, Whitebirk Roundabout, BB1 3AL"
2026-09-16,1864253,Clarkey's,Restaurant/Cafe/Canteen,23-25 Queen Street,Great Harwood,Lancashire,,BB6 7QL,Hyndburn,4,2025-12-16,FHRS,False,53.7862993,-2.406933,"23-25 Queen Street, Great Harwood, Lancashire, BB6 7QL"
2026-09-16,111443,Clayton Street Chippy,Restaurant/Cafe/Canteen,7-9 Clayton Street,Great Harwood,Blackburn,,BB6 7AQ,Hyndburn,5,2024-12-18,FHRS,False,53.785357,-2.404528,"7-9 Clayton Street, Great Harwood, Blackburn, BB6 7AQ"
2026-09-16,1835722,CLUBHOUSE,Restaurant/Cafe/Canteen,Unit 1 Peel Centre,Whitebirk Drive,Blackburn,,BB1 3HT,Hyndburn,5,2025-11-03,FHRS,False,53.7589288,-2.4465966,"Unit 1 Peel Centre, Whitebirk Drive, Blackburn, BB1 3HT"
2026-09-16,1084125,Coach House @ Rhyddings Park,Restaurant/Cafe/Canteen,Park Lane,Oswaldtwistle,Lancashire,,BB5 3AF,Hyndburn,4,2026-07-03,FHRS,False,53.7422790527344,-2.39048409461975,"Park Lane, Oswaldtwistle, Lancashire, BB5 3AF"
2026-09-16,1926458,Continental Cuisine,Restaurant/Cafe/Canteen,52 Whalley Road,Accrington,Lancashire,,BB5 1AR,Hyndburn,4,2026-04-28,FHRS,False,53.7554638,-2.3641395,"52 Whalley Road, Accrington, Lancashire, BB5 1AR"
2026-09-16,1714388,Corky's,Restaurant/Cafe/Canteen,Highfield Road,Rishton,Lancashire,,BB1 4HB,Hyndburn,4,2026-07-24,FHRS,False,53.766383,-2.420017,"Highfield Road, Rishton, Lancashire, BB1 4HB"
2026-09-16,1174876,Costa,Restaurant/Cafe/Canteen,Drive Thru,Hyndburn Road,Accrington,,BB5 1PY,Hyndburn,5,2025-06-04,FHRS,False,53.7564277648926,-2.37261199951172,"Drive Thru, Hyndburn Road, Accrington, BB5 1PY"
2026-09-16,111630,Costa,Restaurant/Cafe/Canteen,Unit 6 Cornhill,Broadway,Accrington,,BB5 1EY,Hyndburn,5,2025-11-19,FHRS,False,53.75354,-2.364988,"Unit 6 Cornhill, Broadway, Accrington, BB5 1EY"
2026-09-16,1090662,Costa,Restaurant/Cafe/Canteen,Whitebirk Drive,Rishton,Lancashire,,BB1 3HT,Hyndburn,5,2025-05-13,FHRS,False,53.759285,-2.446838,"Whitebirk Drive, Rishton, Lancashire, BB1 3HT"
2026-09-16,1912132,Crust & Coffee Corner,Restaurant/Cafe/Canteen,228 Whalley Road,Accrington,Lancashire,,BB5 5AA,Hyndburn,2,2026-03-19,FHRS,False,53.7619813,-2.3695809,"228 Whalley Road, Accrington, Lancashire, BB5 5AA"
2026-09-16,1568956,CSG Foods @ Studio,Restaurant/Cafe/Canteen,Petre Road,Clayton Business Park,Clayton-Le-Moors,,BB5 5JB,Hyndburn,5,2024-11-05,FHRS,False,,,"Petre Road, Clayton Business Park, Clayton-Le-Moors, BB5 5JB"
2026-09-16,1664037,Daly's Sandwich Bar,Restaurant/Cafe/Canteen,104 Burnley Road,Accrington,Lancashire,,BB5 6DW,Hyndburn,4,2026-07-15,FHRS,False,53.7566169,-2.3602668,"104 Burnley Road, Accrington, Lancashire, BB5 6DW"
2026-09-16,1756460,Desi Spot Cuisine,Restaurant/Cafe/Canteen,146 Blackburn Road,Accrington,Lancashire,,BB5 0AE,Hyndburn,4,2025-02-28,FHRS,True,53.7537225,-2.3722452,"146 Blackburn Road, Accrington, Lancashire, BB5 0AE"
2026-09-16,1797588,Dixy Chicken,Restaurant/Cafe/Canteen,102-104 Union Road,Oswaldtwistle,Lancashire,,BB5 3DA,Hyndburn,5,2025-03-04,FHRS,False,53.747512,-2.392564,"102-104 Union Road, Oswaldtwistle, Lancashire, BB5 3DA"
2026-09-16,1983863,Dog & Partridge,Restaurant/Cafe/Canteen,Back Lane,Accrington,Lancashire,,BB5 2RE,Hyndburn,AwaitingInspection,,FHRS,False,,,"Back Lane, Accrington, Lancashire, BB5 2RE"
2026-09-16,1097263,Dog & Partridge - Wet sales only,Restaurant/Cafe/Canteen,41 Back Lane,Baxenden,Accrington,,BB5 2RE,Hyndburn,5,2025-10-22,FHRS,False,53.733131,-2.34271,"41 Back Lane, Baxenden, Accrington, BB5 2RE"
2026-09-16,1499058,Double Decker Diner,Restaurant/Cafe/Canteen,8-10 Church Street,Accrington,Lancashire,,BB5 2EH,Hyndburn,4,2026-07-02,FHRS,False,53.752634,-2.36451,"8-10 Church Street, Accrington, Lancashire, BB5 2EH"
2026-09-16,1550999,Down Tools Cafe @ Accrington & Rossendale College,Restaurant/Cafe/Canteen,Sandy Lane,Accrington,,,BB5 2AR,Hyndburn,5,2024-09-23,FHRS,False,53.750178,-2.3544688,"Sandy Lane, Accrington, BB5 2AR"
2026-09-16,1857372,Duckworth Hall,Restaurant/Cafe/Canteen,Haslingden Old Road,Oswaldtwistle,Lancashire,,BB5 3RQ,Hyndburn,4,2025-09-16,FHRS,False,53.7348594665527,-2.42355298995972,"Haslingden Old Road, Oswaldtwistle, Lancashire, BB5 3RQ"
2026-09-16,1797591,Elsies,Restaurant/Cafe/Canteen,66 Abbey Street,Accrington,Lancashire,,BB5 1EE,Hyndburn,5,2025-01-27,FHRS,False,53.7518778,-2.3616507,"66 Abbey Street, Accrington, Lancashire, BB5 1EE"
2026-09-16,1205376,Francesco's,Restaurant/Cafe/Canteen,189 Whalley Road,Clayton Le Moors,Lancashire,,BB5 5HD,Hyndburn,5,2024-12-19,FHRS,False,53.7717925,-2.3822149,"189 Whalley Road, Clayton Le Moors, Lancashire, BB5 5HD"
2026-09-16,1926472,Francos,Restaurant/Cafe/Canteen,236-238 Union Road,Oswaldtwistle,Lancashire,,BB5 3JB,Hyndburn,5,2026-05-28,FHRS,False,53.7432014,-2.396571,"236-238 Union Road, Oswaldtwistle, Lancashire, BB5 3JB"
2026-09-16,1730501,Frankies Cafe,Restaurant/Cafe/Canteen,4 Broadway,Accrington,Lancashire,,BB5 1EY,Hyndburn,4,2026-06-29,FHRS,False,53.75354,-2.364988,"4 Broadway, Accrington, Lancashire, BB5 1EY"
2026-09-16,1876867,Fresto Sticks,Restaurant/Cafe/Canteen,127 Whalley Road,Clayton Le Moors,Lancashire,,BB5 5ED,Hyndburn,4,2025-10-14,FHRS,False,53.769665,-2.379222,"127 Whalley Road, Clayton Le Moors, Lancashire, BB5 5ED"
2026-09-16,101940,Gobbiners Cafe,Restaurant/Cafe/Canteen,359 Union Road,Oswaldtwistle,Accrington,,BB5 3HS,Hyndburn,4,2025-02-11,FHRS,False,53.741627,-2.400166,"359 Union Road, Oswaldtwistle, Accrington, BB5 3HS"
2026-09-16,1926462,Great Harwood Starbucks,Restaurant/Cafe/Canteen,Heys Lane,Great Harwood,Lancashire,,BB6 7UA,Hyndburn,5,2026-07-03,FHRS,False,,,"Heys Lane, Great Harwood, Lancashire, BB6 7UA"
2026-09-16,1499055,Greggs,Restaurant/Cafe/Canteen,Hyndburn Road,Accrington,Lancashire,,BB5 1QF,Hyndburn,4,2026-06-16,FHRS,False,53.754479,-2.369409,"Hyndburn Road, Accrington, Lancashire, BB5 1QF"
2026-09-16,922306,Greggs Plc,Restaurant/Cafe/Canteen,2 Broadway,Accrington,Lancashire,,BB5 1ET,Hyndburn,5,2025-02-05,FHRS,False,53.753477,-2.365048,"2 Broadway, Accrington, Lancashire, BB5 1ET"
2026-09-16,1926463,Grub on the green,Restaurant/Cafe/Canteen,Whalley Road,Great Harwood,Lancashire,,BB6 7TE,Hyndburn,5,2026-06-22,FHRS,False,53.791725,-2.386738,"Whalley Road, Great Harwood, Lancashire, BB6 7TE"
2026-09-16,1864257,Harwood Spuds,Restaurant/Cafe/Canteen,8 Blackburn Road,Great Harwood,Lancashire,,BB67DE,Hyndburn,3,2025-09-30,FHRS,False,53.7856992,-2.4086285,"8 Blackburn Road, Great Harwood, Lancashire, BB67DE"
2026-09-16,110513,Hot Stuff,Restaurant/Cafe/Canteen,Metcalfe Drive,Altham Industrial Estate,Altham,,BB5 5TU,Hyndburn,4,2025-12-16,FHRS,False,53.788256,-2.354589,"Metcalfe Drive, Altham Industrial Estate, Altham, BB5 5TU"
2026-09-16,1962217,Hotspot Lounge,Restaurant/Cafe/Canteen,Cornhill,Accrington,Lancashire,,BB5 1EX,Hyndburn,AwaitingInspection,,FHRS,False,53.754438,-2.365315,"Cornhill, Accrington, Lancashire, BB5 1EX"
2026-09-16,1892314,Hyndburn Leisure,Restaurant/Cafe/Canteen,The Cath Thom Leisure Centre,Clayton Hall Drive,Clayton Le Moors,,BB5 5SG,Hyndburn,5,2025-12-18,FHRS,False,53.7837887,-2.3772859,"The Cath Thom Leisure Centre, Clayton Hall Drive, Clayton Le Moors, BB5 5SG"
2026-09-16,1215724,Hyndburn Leisure Cafe,Restaurant/Cafe/Canteen,Henry Street,,,,BB5 4EP,Hyndburn,4,2025-11-28,FHRS,False,53.7549133300781,-2.38758206367493,"Henry Street, BB5 4EP"
2026-09-16,1499043,Imposta Coffee Shop,Restaurant/Cafe/Canteen,1 Abbey Street,Accrington,Lancashire,,BB5 1EN,Hyndburn,3,2025-12-18,FHRS,False,53.753172,-2.361739,"1 Abbey Street, Accrington, Lancashire, BB5 1EN"
2026-09-16,1797592,Jo's Vintage Coffee Bar,Restaurant/Cafe/Canteen,Broadway,Accrington,Lancashire,,BB5 1EX,Hyndburn,5,2025-02-18,FHRS,False,53.7544364929199,-2.36531496047974,"Broadway, Accrington, Lancashire, BB5 1EX"
2026-09-16,1672489,Kahaani Restaurant,Restaurant/Cafe/Canteen,8 Whalley Road,Clayton Le Moors,Lancashire,,BB5 5DT,Hyndburn,5,2025-10-20,FHRS,False,53.768594,-2.376892,"8 Whalley Road, Clayton Le Moors, Lancashire, BB5 5DT"
2026-09-16,73264,KFC,Restaurant/Cafe/Canteen,Hyndburn Road,Accrington,Lancashire,,BB5 4EQ,Hyndburn,4,2025-07-15,FHRS,False,53.7560195922852,-2.38269400596619,"Hyndburn Road, Accrington, Lancashire, BB5 4EQ"
2026-09-16,1808962,KFC - Whitebirk Roundabout,Restaurant/Cafe/Canteen,A678 Frontier Avenue,Blackburn,,,BB1 3HR,Hyndburn,5,2024-12-09,FHRS,False,,,"A678 Frontier Avenue, Blackburn, BB1 3HR"
2026-09-16,1790094,Kirsty's Boutique Bakery Ltd,Restaurant/Cafe/Canteen,37 Fern Gore Avenue,Accrington,Lancashire,,BB5 0NF,Hyndburn,5,2025-05-28,FHRS,False,53.7420945,-2.3771233,"37 Fern Gore Avenue, Accrington, Lancashire, BB5 0NF"
2026-09-16,1584622,Lancashire Police,Restaurant/Cafe/Canteen,Whitebirk Drive,Rishton,Lancashire,,BB1 3HP,Hyndburn,5,2025-02-12,FHRS,False,,,"Whitebirk Drive, Rishton, Lancashire, BB1 3HP"
2026-09-16,1941254,Ljs Tearoom,Restaurant/Cafe/Canteen,Enfield Cricket Club,Dill Hall Lane,Accrington,,BB5 4DQ,Hyndburn,5,2026-06-03,FHRS,False,,,"Enfield Cricket Club, Dill Hall Lane, Accrington, BB5 4DQ"
2026-09-16,1864262,Maqha,Restaurant/Cafe/Canteen,Elton Road,Belthorn,Lancashire,,BB1 2PL,Hyndburn,5,2026-01-09,FHRS,False,53.718711,-2.424966,"Elton Road, Belthorn, Lancashire, BB1 2PL"
2026-09-16,1912131,Martins Bakery,Restaurant/Cafe/Canteen,325 Union Road,Oswaldtwistle,Lancashire,,BB5 3HS,Hyndburn,4,2026-03-18,FHRS,False,53.7416333,-2.4001495,"325 Union Road, Oswaldtwistle, Lancashire, BB5 3HS"
2026-09-16,1084122,Maundy Relief,Restaurant/Cafe/Canteen,29 Abbey Street,Accrington,,,BB5 1EN,Hyndburn,4,2026-07-01,FHRS,False,53.753173828125,-2.36174011230469,"29 Abbey Street, Accrington, BB5 1EN"
2026-09-16,107820,McDonald's Restaurants Ltd,Restaurant/Cafe/Canteen,Hyndburn Road,Accrington,,,BB5 1PY,Hyndburn,5,2024-09-05,FHRS,False,53.754565,-2.376599,"Hyndburn Road, Accrington, BB5 1PY"
2026-09-16,1560332,Mediterranean Kitchen,Restaurant/Cafe/Canteen,92 Blackburn Road,Accrington,Lancashire,,BB5 1LL,Hyndburn,4,2026-03-09,FHRS,False,53.7537002,-2.3680976,"92 Blackburn Road, Accrington, Lancashire, BB5 1LL"
2026-09-16,1560319,Mellows Lounge Bar and Restaurant,Restaurant/Cafe/Canteen,12 Queen Street,Great Harwood,,,BB6 7QQ,Hyndburn,5,2024-11-22,FHRS,False,53.7860069274902,-2.40593099594116,"12 Queen Street, Great Harwood, BB6 7QQ"
2026-09-16,1661068,Mitali Restaurant,Restaurant/Cafe/Canteen,17-19 Warner Street,Accrington,Lancashire,,BB5 1HN,Hyndburn,4,2026-02-06,FHRS,False,53.7518739,-2.3623795,"17-19 Warner Street, Accrington, Lancashire, BB5 1HN"
2026-09-16,1697692,Monte Cristo,Restaurant/Cafe/Canteen,125 Henry Street,Church,Lancashire,,BB5 4EP,Hyndburn,4,2025-09-18,FHRS,False,53.7549614,-2.3867784,"125 Henry Street, Church, Lancashire, BB5 4EP"
2026-09-16,717160,Mr Gatty's Tea Room,Restaurant/Cafe/Canteen,Elmfield Hall Hyndburn Road,Accrington,,,BB5 4AA,Hyndburn,5,2024-09-03,FHRS,False,53.756777,-2.381958,"Elmfield Hall Hyndburn Road, Accrington, BB5 4AA"
2026-09-16,1926456,My Abaseen,Restaurant/Cafe/Canteen,368 Blackburn Road,Accrington,Lancashire,,BB5 1SA,Hyndburn,2,2026-07-29,FHRS,False,53.7527295,-2.3828216,"368 Blackburn Road, Accrington, Lancashire, BB5 1SA"
2026-09-16,1487029,Old Mother Redcap,Restaurant/Cafe/Canteen,Blackburn Road,Oswaldtwistle,Lancashire,,BB1 3LS,Hyndburn,5,2026-03-10,FHRS,False,,,"Blackburn Road, Oswaldtwistle, Lancashire, BB1 3LS"
2026-09-16,1962215,On the Breadline,Restaurant/Cafe/Canteen,Glebe Street,Great Harwood,Lancashire,,BB6 7HG,Hyndburn,5,2026-06-23,FHRS,False,53.785758972168,-2.40750598907471,"Glebe Street, Great Harwood, Lancashire, BB6 7HG"
2026-09-16,1790102,Otium Catering LTD @ RSL Callender,Restaurant/Cafe/Canteen,12 Metcalf Drive,Altham,,,BB5 5AY,Hyndburn,5,2025-01-31,FHRS,False,53.786609,-2.350816,"12 Metcalf Drive, Altham, BB5 5AY"
2026-09-16,1808968,Otto Cafe and Grill,Restaurant/Cafe/Canteen,35 Queen Street,Great Harwood,Lancashire,,BB6 7QP,Hyndburn,4,2025-02-20,FHRS,False,53.7864262,-2.4062983,"35 Queen Street, Great Harwood, Lancashire, BB6 7QP"
2026-09-16,1782191,Pakistan on a Plate,Restaurant/Cafe/Canteen,7 Union Street,Accrington,Lancashire,,BB5 1PL,Hyndburn,5,2025-01-31,FHRS,False,53.7534449,-2.365957,"7 Union Street, Accrington, Lancashire, BB5 1PL"
2026-09-16,1835726,Penny House Lane Cafe,Restaurant/Cafe/Canteen,15 Penny House Lane,Accrington,Lancashire,,BB5 6AL,Hyndburn,4,2025-07-21,FHRS,False,53.7592034,-2.3593724,"15 Penny House Lane, Accrington, Lancashire, BB5 6AL"
2026-09-16,1052644,Playtime Oswaldtwistle Ltd,Restaurant/Cafe/Canteen,17 John Street,Oswaldtwistle,Lancashire,,BB5 3JP,Hyndburn,5,2025-09-02,FHRS,False,53.741489,-2.398178,"17 John Street, Oswaldtwistle, Lancashire, BB5 3JP"
2026-09-16,1648599,ReAct Academy of Theatre Arts,Restaurant/Cafe/Canteen,43B Market Street,Alleytroyds,Church,,BB5 0DP,Hyndburn,5,2024-01-17,FHRS,False,53.7516159,-2.3914793,"43B Market Street, Alleytroyds, Church, BB5 0DP"
2026-09-16,101884,Reena Tandoori Restaurant,Restaurant/Cafe/Canteen,328 Union Road,Oswaldtwistle,Accrington,,BB5 3JD,Hyndburn,5,2024-12-04,FHRS,False,53.742013,-2.400094,"328 Union Road, Oswaldtwistle, Accrington, BB5 3JD"
2026-09-16,878582,Royal Phoenix,Restaurant/Cafe/Canteen,48-50 Union Road,Oswaldtwistle,Lancashire,,BB5 3DA,Hyndburn,5,2026-03-11,FHRS,False,53.747512,-2.392564,"48-50 Union Road, Oswaldtwistle, Lancashire, BB5 3DA"
2026-09-16,1848280,Sams Sarnies @ Accrington Bus Station,Restaurant/Cafe/Canteen,Peel Street,Accrington,Lancashire,,BB5 1LL,Hyndburn,5,2025-10-08,FHRS,False,53.75316111,-2.36370962,"Peel Street, Accrington, Lancashire, BB5 1LL"
2026-09-16,1349328,Sbarro,Restaurant/Cafe/Canteen,Frontier Park Service Station,Whitebirk Roundabout,J6 M65,,BB1 3HR,Hyndburn,4,2025-11-05,FHRS,False,,,"Frontier Park Service Station, Whitebirk Roundabout, J6 M65, BB1 3HR"
2026-09-16,87675,Senator International,Restaurant/Cafe/Canteen,Newhouse Road,Huncoat,Accrington,,BB5 6NA,Hyndburn,5,2024-11-01,FHRS,False,53.76648,-2.356939,"Newhouse Road, Huncoat, Accrington, BB5 6NA"
2026-09-16,100434,Senator International Limited,Restaurant/Cafe/Canteen,Sykeside Drive,Altham,Accrington,,BB5 5YE,Hyndburn,5,2024-10-29,FHRS,False,53.791122,-2.342728,"Sykeside Drive, Altham, Accrington, BB5 5YE"
2026-09-16,1730504,Sipps,Restaurant/Cafe/Canteen,50-52 Abbey Street,Accrington,Lancashire,,BB5 1EE,Hyndburn,5,2024-11-08,FHRS,False,53.7524142,-2.3618472,"50-52 Abbey Street, Accrington, Lancashire, BB5 1EE"
2026-09-16,1835728,Snuffy Arrods,Restaurant/Cafe/Canteen,Wood Street,Great Harwood,Lancashire,,BB6 7UD,Hyndburn,4,2025-07-01,FHRS,False,,,"Wood Street, Great Harwood, Lancashire, BB6 7UD"
2026-09-16,939181,Space 2 Make,Restaurant/Cafe/Canteen,70-72 Blackburn Road,Accrington,Lancashire,,BB5 1LE,Hyndburn,5,2023-12-19,FHRS,False,53.753418,-2.366731,"70-72 Blackburn Road, Accrington, Lancashire, BB5 1LE"
2026-09-16,1904517,Spud Bros Express Blackburn @ Frontier Park,Restaurant/Cafe/Canteen,Frontier Park,Burnley Road,Blackburn,,BB1 3HR,Hyndburn,5,2026-03-10,FHRS,False,,,"Frontier Park, Burnley Road, Blackburn, BB1 3HR"
2026-09-16,751127,SRS Catering Ltd @ The Gallery Kitchen,Restaurant/Cafe/Canteen,''Haworth Art Gallery'' Manchester Road,Accrington,,,BB5 2JS,Hyndburn,5,2024-11-13,FHRS,False,53.74118,-2.356587,"''Haworth Art Gallery'' Manchester Road, Accrington, BB5 2JS"
2026-09-16,1077038,Starbucks,Restaurant/Cafe/Canteen,Whitebirk Roundabout,J6 M65,Blackburn,,BB1 3AL,Hyndburn,5,2026-02-10,FHRS,False,53.75470425,-2.44133011,"Whitebirk Roundabout, J6 M65, Blackburn, BB1 3AL"
2026-09-16,1892322,Subway,Restaurant/Cafe/Canteen,23 Union Street,Accrington,Lancashire,,BB5 1PL,Hyndburn,5,2025-12-02,FHRS,False,53.7538089,-2.3662802,"23 Union Street, Accrington, Lancashire, BB5 1PL"
2026-09-16,1931154,Sweet Treats,Restaurant/Cafe/Canteen,26 High Street,Rishton,Lancashire,,BB1 4LA,Hyndburn,5,2026-04-09,FHRS,False,53.7685603,-2.4136505,"26 High Street, Rishton, Lancashire, BB1 4LA"
2026-09-16,1097255,Tap Select,Restaurant/Cafe/Canteen,320 Union Road,Oswaldtwistle,Accrington,,BB5 3JD,Hyndburn,5,2026-02-20,FHRS,False,53.7420310974121,-2.3999879360199,"320 Union Road, Oswaldtwistle, Accrington, BB5 3JD"
2026-09-16,1664036,Tasty,Restaurant/Cafe/Canteen,33b Windsor Road,Knuzden Brook,Oswaldtwistle,,BB1 2DQ,Hyndburn,3,2026-02-13,FHRS,False,53.74613,-2.436009,"33b Windsor Road, Knuzden Brook, Oswaldtwistle, BB1 2DQ"
2026-09-16,717156,Tesco Accrington Cafe,Restaurant/Cafe/Canteen,2 Eagle Street,Accrington,Lancashire,,BB5 1LJ,Hyndburn,5,2024-11-07,FHRS,False,53.752961,-2.368987,"2 Eagle Street, Accrington, Lancashire, BB5 1LJ"
2026-09-16,717158,Tesco Family Dining Ltd - Tesco Cafe,Restaurant/Cafe/Canteen,85 Queen Street,Great Harwood,Lancashire,,BB6 7AT,Hyndburn,5,2026-06-05,FHRS,False,53.786628,-2.400655,"85 Queen Street, Great Harwood, Lancashire, BB6 7AT"
2026-09-16,861515,The Coffee House at Brave Church,Restaurant/Cafe/Canteen,Watson Street,Oswaldtwistle,Lancashire,,BB5 3HH,Hyndburn,5,2025-02-13,FHRS,False,53.743799,-2.392681,"Watson Street, Oswaldtwistle, Lancashire, BB5 3HH"
2026-09-16,1550998,The Coffee Shop @ Accrington & Rossendale College,Restaurant/Cafe/Canteen,Sandy Lane,Accrington,,,BB5 2AR,Hyndburn,5,2024-09-23,FHRS,False,53.750178,-2.3544688,"Sandy Lane, Accrington, BB5 2AR"
2026-09-16,144717,The Courtyard at The Hungry Tackler Ltd,Restaurant/Cafe/Canteen,Collier Street,Oswaldtwistle,Accrington,,BB5 3DE,Hyndburn,5,2024-12-19,FHRS,False,53.747878,-2.390566,"Collier Street, Oswaldtwistle, Accrington, BB5 3DE"
2026-09-16,1412948,The Crafty Fox,Restaurant/Cafe/Canteen,21 Abbey Street,Accrington,Lancashire,,BB5 1EN,Hyndburn,4,2025-11-07,FHRS,False,53.753215,-2.3617693,"21 Abbey Street, Accrington, Lancashire, BB5 1EN"
2026-09-16,1857370,The Cross Axes (Wet Sales ONLY),Restaurant/Cafe/Canteen,7 Church Street,Great Harwood,Lancashire,,BB6 7NF,Hyndburn,4,2025-10-31,FHRS,False,53.786668,-2.407515,"7 Church Street, Great Harwood, Lancashire, BB6 7NF"
2026-09-16,1857369,The Dog and Otter,Restaurant/Cafe/Canteen,Cliffe Lane,Great Harwood,Lancashire,,BB6 7PG,Hyndburn,5,2025-09-01,FHRS,False,53.792349,-2.409939,"Cliffe Lane, Great Harwood, Lancashire, BB6 7PG"
2026-09-16,1941253,The Dog Inn,Restaurant/Cafe/Canteen,61 Belthorn Road,Belthorn,Lancashire,,BB1 2NN,Hyndburn,AwaitingInspection,,FHRS,False,53.718776,-2.432013,"61 Belthorn Road, Belthorn, Lancashire, BB1 2NN"
2026-09-16,769290,The Dog Inn Wet Sales & Coffee Shop,Restaurant/Cafe/Canteen,61 Belthorn Road,Belthorn,Lancashire,,BB1 2NN,Hyndburn,3,2024-10-30,FHRS,False,53.718776,-2.432013,"61 Belthorn Road, Belthorn, Lancashire, BB1 2NN"
2026-09-16,1469012,The Doula Cafe,Restaurant/Cafe/Canteen,Unit 24 Cornhill,Accrington,,,BB5 1EX,Hyndburn,3,2026-05-20,FHRS,False,53.7543241,-2.3646906,"Unit 24 Cornhill, Accrington, BB5 1EX"
2026-09-16,1746770,The Four Seasons Cafe and Bistro,Restaurant/Cafe/Canteen,284 Union Road,Oswaldtwistle,Lancashire,,BB5 3JD,Hyndburn,5,2024-07-30,FHRS,False,53.7425381,-2.398369,"284 Union Road, Oswaldtwistle, Lancashire, BB5 3JD"
2026-09-16,946513,The Jump Works,Restaurant/Cafe/Canteen,Sydney Street,Accrington,Lancashire,,BB5 6EG,Hyndburn,3,2025-02-18,FHRS,False,53.755991,-2.359837,"Sydney Street, Accrington, Lancashire, BB5 6EG"
2026-09-16,1848284,The Park Inn,Restaurant/Cafe/Canteen,68 Manchester Road,Accrington,Lancashire,,BB5 2BN,Hyndburn,5,2025-08-26,FHRS,False,53.7481619,-2.3585378,"68 Manchester Road, Accrington, Lancashire, BB5 2BN"
2026-09-16,144716,The Pavillion Restaurant,Restaurant/Cafe/Canteen,Collier Street,Oswaldtwistle,Accrington,,BB5 3DE,Hyndburn,5,2025-12-15,FHRS,False,53.747878,-2.390566,"Collier Street, Oswaldtwistle, Accrington, BB5 3DE"
2026-09-16,1697686,The Royal Hotel,Restaurant/Cafe/Canteen,2 Station Road,Great Harwood,Lancashire,,BB6 7BA,Hyndburn,4,2025-08-06,FHRS,False,53.785088,-2.396269,"2 Station Road, Great Harwood, Lancashire, BB6 7BA"
2026-09-16,1857374,The Vape Shop Clayton,Restaurant/Cafe/Canteen,175 Whalley Road,Clayton Le Moors,Lancashire,,BB5 5HD,Hyndburn,4,2025-10-09,FHRS,False,53.772567,-2.382769,"175 Whalley Road, Clayton Le Moors, Lancashire, BB5 5HD"
2026-09-16,1926460,The Walton Arms,Restaurant/Cafe/Canteen,Burnley Road,Altham,Lancashire,,BB5 5UL,Hyndburn,4,2026-01-22,FHRS,False,,,"Burnley Road, Altham, Lancashire, BB5 5UL"
2026-09-16,1941261,The Whitakers Arms,Restaurant/Cafe/Canteen,322 Burnley Road,Accrington,Lancashire,,BB5 6HG,Hyndburn,5,2026-03-25,FHRS,False,53.762158,-2.350531,"322 Burnley Road, Accrington, Lancashire, BB5 6HG"
2026-09-16,978276,The Whitecroft Indian Restaurant,Restaurant/Cafe/Canteen,Haslingden Old Road,Oswaldtwistle,Lancashire,,BB5 3RT,Hyndburn,3,2026-06-18,FHRS,False,53.7255630493164,-2.38726711273193,"Haslingden Old Road, Oswaldtwistle, Lancashire, BB5 3RT"
2026-09-16,1487034,"Tipsy Table Food, Bar and Lounge",Restaurant/Cafe/Canteen,39-43 Abbey Street,Accrington,Lancashire,,BB5 1EN,Hyndburn,4,2024-12-13,FHRS,False,53.753172,-2.361739,"39-43 Abbey Street, Accrington, Lancashire, BB5 1EN"
2026-09-16,1097266,Towngate Cafe,Restaurant/Cafe/Canteen,15-17 Blackburn Road,Great Harwood,Lancashire,,BB6 7DF,Hyndburn,5,2025-05-09,FHRS,False,53.78465,-2.408725,"15-17 Blackburn Road, Great Harwood, Lancashire, BB6 7DF"
2026-09-16,1395686,Village Pizzeria Restaurant also t/a Chicken Accrington Takeaway,Restaurant/Cafe/Canteen,378-380 Blackburn Road,Accrington,Lancashire,,BB5 1SA,Hyndburn,5,2025-08-19,FHRS,False,53.7527342,-2.3834366,"378-380 Blackburn Road, Accrington, Lancashire, BB5 1SA"
2026-09-16,111377,Vue Entertainment,Restaurant/Cafe/Canteen,Hyndburn Road,Accringtonton,,,BB5 1PR,Hyndburn,5,2024-10-24,FHRS,False,53.754602,-2.367712,"Hyndburn Road, Accringtonton, BB5 1PR"
2026-09-16,1451230,White Bull,Restaurant/Cafe/Canteen,166 New Lane,Oswaldtwistle,Lancashire,,BB5 3QW,Hyndburn,1,2026-07-22,FHRS,False,53.737374,-2.40578,"166 New Lane, Oswaldtwistle, Lancashire, BB5 3QW"
2026-09-16,1866577,Wilk Bakery,Restaurant/Cafe/Canteen,Accrington Market Town Square,Blackburn Road,Accrington,,BB5 1JJ,Hyndburn,4,2025-11-08,FHRS,False,53.7533287,-2.3643344,"Accrington Market Town Square, Blackburn Road, Accrington, BB5 1JJ"
2026-09-16,1987970,H&W Catering Ltd,Restaurant/Cafe/Canteen,Ensign House,Admirals Way,London,,E14 9XQ,Tower Hamlets,AwaitingInspection,,FHRS,False,,,"Ensign House, Admirals Way, London, E14 9XQ"
2026-09-16,1987972,Isso,Restaurant/Cafe/Canteen,Isso Unit 3,25 Cabot Square,London,,E14 5AB,Tower Hamlets,AwaitingInspection,,FHRS,False,,,"Isso Unit 3, 25 Cabot Square, London, E14 5AB"
2026-09-16,1987980,La Nina Caffe & Mercato,Restaurant/Cafe/Canteen,Unit 21 Skylines Village,Limeharbour,London,,E14 9TS,Tower Hamlets,AwaitingInspection,,FHRS,False,,,"Unit 21 Skylines Village, Limeharbour, London, E14 9TS"
2026-09-16,1987973,Lexington @ State Street London,Restaurant/Cafe/Canteen,,20 Churchill Place,London,,E14 5HJ,Tower Hamlets,AwaitingInspection,,FHRS,False,,,"20 Churchill Place, London, E14 5HJ"
2026-09-16,1987977,Su Kitchen,Restaurant/Cafe/Canteen,Unit 2a Queens Yard,White Post Lane,London,,E9 5EN,Tower Hamlets,AwaitingInspection,,FHRS,False,,,"Unit 2a Queens Yard, White Post Lane, London, E9 5EN"
2026-09-16,1987969,Supershakes,Restaurant/Cafe/Canteen,Unit 7 Harbord Square,12 East Lane,London,,E14 9QP,Tower Hamlets,AwaitingInspection,,FHRS,False,,,"Unit 7 Harbord Square, 12 East Lane, London, E14 9QP"
2026-09-16,1987968,Two Twins Tacos Canary Wharf,Restaurant/Cafe/Canteen,Unit 68 Jubilee Place,45 Bank Street,London,,E14 5NY,Tower Hamlets,AwaitingInspection,,FHRS,False,,,"Unit 68 Jubilee Place, 45 Bank Street, London, E14 5NY"
2026-09-16,1988058,FIA Coffeehouse,Restaurant/Cafe/Canteen,17 Miller Arcade,Lancaster Road,Preston,,PR1 2QY,Preston,AwaitingInspection,,FHRS,False,,,"17 Miller Arcade, Lancaster Road, Preston, PR1 2QY"
2026-09-16,1987829,Cafe Brake,Restaurant/Cafe/Canteen,,376 Parsloes Avenue,,Dagenham,RM9 5QP,Barking and Dagenham,AwaitingInspection,,FHRS,False,,,"376 Parsloes Avenue, Dagenham, RM9 5QP"
2026-09-16,1987831,Sugaroholic / Layali Laban,Restaurant/Cafe/Canteen,7 The Mall,Heathway,,Dagenham,RM10 8RE,Barking and Dagenham,AwaitingInspection,,FHRS,False,,,"7 The Mall, Heathway, Dagenham, RM10 8RE"
2026-09-16,1987818,RED LION INN MELIDEN LTD,Restaurant/Cafe/Canteen,4 Ffordd Talargoch,,Prestatyn,,LL19 8LA,Denbighshire,AwaitingInspection,,FHRS,False,,,"4 Ffordd Talargoch, Prestatyn, LL19 8LA"
2026-09-16,1987815,Vintage Sugar,Restaurant/Cafe/Canteen,27-29 Meliden Road,,Prestatyn,,LL19 9SD,Denbighshire,AwaitingInspection,,FHRS,False,,,"27-29 Meliden Road, Prestatyn, LL19 9SD"
2026-09-16,1987819,Wellspring Church,Restaurant/Cafe/Canteen,,,,,,Denbighshire,AwaitingInspection,,FHRS,False,,,
2026-09-16,1987806,Ranya cafe,Restaurant/Cafe/Canteen,,314,Walworth Road,London,SE17 2NA,Southwark,AwaitingInspection,,FHRS,False,,,"314, Walworth Road, London, SE17 2NA"
2026-09-16,1987803,Sushi revolution,Restaurant/Cafe/Canteen,Unit 3,3,Deal Porters Way,London,SE16 2FR,Southwark,AwaitingInspection,,FHRS,False,,,"Unit 3, 3, Deal Porters Way, London, SE16 2FR"
2026-09-16,543002,South Stoke Community Shop,Restaurant/Cafe/Canteen,South Stoke Community Shop Cross Keys Road,South Stoke,Reading,,RG8 0JT,South Oxfordshire,AwaitingInspection,,FHRS,False,,,"South Stoke Community Shop Cross Keys Road, South Stoke, Reading, RG8 0JT"
2026-09-16,845103,RELX Quadrant House (Elior),Restaurant/Cafe/Canteen,Quadrant House,The Quadrant,Sutton,,SM2 5AS,Sutton,5,2022-05-04,FHRS,False,,,"Quadrant House, The Quadrant, Sutton, SM2 5AS"
2026-09-16,1987748,The Pot African Caribbean,Restaurant/Cafe/Canteen,Unit A,36 Wellmeadow Street,Paisley,Renfrewshire,PA1 2EG,Renfrewshire,Awaiting Inspection,,FHIS,False,,,"Unit A, 36 Wellmeadow Street, Paisley, Renfrewshire, PA1 2EG"
2026-09-16,1987749,Tony Macaroni,Restaurant/Cafe/Canteen,,2 Kings Inch Road,Renfrew,,PA4 8XQ,Renfrewshire,Awaiting Inspection,,FHIS,False,,,"2 Kings Inch Road, Renfrew, PA4 8XQ"
2026-09-16,966972,Aroma Coffee Pod,Restaurant/Cafe/Canteen,University Hospital Llandough Penlan Road,Llandough,Penarth,Vale Of Glamorgan,CF64 2XX,Vale of Glamorgan,5,2026-09-02,FHRS,False,,,"University Hospital Llandough Penlan Road, Llandough, Penarth, Vale Of Glamorgan, CF64 2XX"
2026-09-16,1987770,Courts Cardiff,Restaurant/Cafe/Canteen,Braeside Penarth Road,,Penarth,Vale Of Glamorgan,CF64 1ND,Vale of Glamorgan,AwaitingInspection,,FHRS,False,,,"Braeside Penarth Road, Penarth, Vale Of Glamorgan, CF64 1ND"
2026-09-16,1987758,For Goodness Taste Limited,Restaurant/Cafe/Canteen,Penarth Yacht Club The Esplanade,,Penarth,Vale Of Glamorgan,CF64 3AU,Vale of Glamorgan,AwaitingInspection,,FHRS,False,,,"Penarth Yacht Club The Esplanade, Penarth, Vale Of Glamorgan, CF64 3AU"
2026-09-16,1987759,Pantruthyn Farm,Restaurant/Cafe/Canteen,Pant Ruthin Fach Farm,,St Mary Hill,Vale Of Glamorgan,CF35 5HY,Vale of Glamorgan,AwaitingInspection,,FHRS,False,,,"Pant Ruthin Fach Farm, St Mary Hill, Vale Of Glamorgan, CF35 5HY"
2026-09-16,1987988,Chickitos,Restaurant/Cafe/Canteen,,238a Burton Road,Derby,,DE23 6AA,Derby City,AwaitingInspection,,FHRS,False,,,"238a Burton Road, Derby, DE23 6AA"
2026-09-16,1988091,El Cafetal,Restaurant/Cafe/Canteen,Ground Floor Suite 3,13 - 15 St Georges Street,Norwich,,NR3 1AB,Norwich City,AwaitingInspection,,FHRS,False,,,"Ground Floor Suite 3, 13 - 15 St Georges Street, Norwich, NR3 1AB"
2026-09-16,1988093,Emilios,Restaurant/Cafe/Canteen,Ground Floor,2 Bell Road,Norwich,,NR3 4RA,Norwich City,AwaitingInspection,,FHRS,False,,,"Ground Floor, 2 Bell Road, Norwich, NR3 4RA"
2026-09-16,1988095,Kerbside Kitchen Norwich,Restaurant/Cafe/Canteen,Basement And Ground Floor,24 - 28 Prince Of Wales Road,Norwich,,NR1 1LG,Norwich City,AwaitingInspection,,FHRS,False,,,"Basement And Ground Floor, 24 - 28 Prince Of Wales Road, Norwich, NR1 1LG"
2026-09-16,1987638,Rectory Farm Kitchen,Restaurant/Cafe/Canteen,Rectory Farm,Lutton Road,Warmington,Peterborough,PE8 6UT,North Northamptonshire,5,2026-09-01,FHRS,False,,,"Rectory Farm, Lutton Road, Warmington, Peterborough, PE8 6UT"
2026-09-16,1987670,Huddy's,Restaurant/Cafe/Canteen,311 North Woolwich Road,Silvertown,London,,E16 2BB,Newham,AwaitingInspection,,FHRS,False,,,"311 North Woolwich Road, Silvertown, London, E16 2BB"
2026-09-16,1987665,PF Chang's,Restaurant/Cafe/Canteen,301 The Loft,Westfield Stratford City,Montfichet Road,Stratford,E20 1ET,Newham,AwaitingInspection,,FHRS,False,,,"301 The Loft, Westfield Stratford City, Montfichet Road, Stratford, E20 1ET"
2026-09-16,1749076,Ribeye,Restaurant/Cafe/Canteen,58 Plashet Road,Plaistow,London,,E13 0RQ,Newham,4,2026-01-17,FHRS,False,,,"58 Plashet Road, Plaistow, London, E13 0RQ"
2026-09-16,1987796,Bollywood,Restaurant/Cafe/Canteen,442C Cowbridge Road East,Canton,Cardiff,,CF5 1JN,Caerdydd,AwaitingInspection,,FHRS,False,,,"442C Cowbridge Road East, Canton, Cardiff, CF5 1JN"
2026-09-16,1987792,EASTERN LEISURE CENTRE,Restaurant/Cafe/Canteen,Eastern Leisure Centre Llanrumney Avenue,Llanrumney,Cardiff,,CF3 4DN,Caerdydd,AwaitingInspection,,FHRS,False,,,"Eastern Leisure Centre Llanrumney Avenue, Llanrumney, Cardiff, CF3 4DN"
2026-09-16,1987778,Garden & Vine,Restaurant/Cafe/Canteen,79 Pontcanna Street,Pontcanna,Cardiff,,CF11 9HS,Caerdydd,AwaitingInspection,,FHRS,False,,,"79 Pontcanna Street, Pontcanna, Cardiff, CF11 9HS"
2026-09-16,1618910,Greek Village,Restaurant/Cafe/Canteen,21 Caroline Street,Cathays,Cardiff,,CF10 1FG,Caerdydd,5,2026-04-13,FHRS,False,,,"21 Caroline Street, Cathays, Cardiff, CF10 1FG"
2026-09-16,1987773,Levant Grill,Restaurant/Cafe/Canteen,222-224 City Road,,Cardiff,,CF24 3JH,Caerdydd,AwaitingInspection,,FHRS,False,,,"222-224 City Road, Cardiff, CF24 3JH"
2026-09-16,1987787,Mouseys Baguettes,Restaurant/Cafe/Canteen,Star Hub Muirton Road,Splott,Cardiff,,CF24 2SJ,Caerdydd,AwaitingInspection,,FHRS,False,,,"Star Hub Muirton Road, Splott, Cardiff, CF24 2SJ"
2026-09-16,1987800,Samina Gul,Restaurant/Cafe/Canteen,62 Tudor Street,Riverside,Cardiff,,CF11 6AJ,Caerdydd,AwaitingInspection,,FHRS,False,,,"62 Tudor Street, Riverside, Cardiff, CF11 6AJ"
2026-09-16,1987798,Vicino,Restaurant/Cafe/Canteen,37 Tair Erw Gain,Pontcanna,Cardiff,,CF11 9FT,Caerdydd,AwaitingInspection,,FHRS,False,,,"37 Tair Erw Gain, Pontcanna, Cardiff, CF11 9FT"
2026-09-16,1988106,Daisy,Restaurant/Cafe/Canteen,18 Coombe Lane,,Raynes Park,Merton,SW20 8ND,Merton,AwaitingInspection,,FHRS,False,,,"18 Coombe Lane, Raynes Park, Merton, SW20 8ND"
2026-09-16,1988101,MOJUZA,Restaurant/Cafe/Canteen,222 Merton High Street,,Colliers Wood,Merton,SW19 1AU,Merton,AwaitingInspection,,FHRS,False,,,"222 Merton High Street, Colliers Wood, Merton, SW19 1AU"
2026-09-16,1988097,Papa Johns Pizza,Restaurant/Cafe/Canteen,25 London Road,,Morden,Merton,SM4 5HT,Merton,AwaitingInspection,,FHRS,False,,,"25 London Road, Morden, Merton, SM4 5HT"
2026-09-16,1988103,SushiDog Wimbledon,Restaurant/Cafe/Canteen,7 Wimbledon Bridge,,Wimbledon,Merton,SW19 7NH,Merton,AwaitingInspection,,FHRS,False,,,"7 Wimbledon Bridge, Wimbledon, Merton, SW19 7NH"
2026-09-16,1987818,RED LION INN MELIDEN LTD,Restaurant/Cafe/Canteen,4 Ffordd Talargoch,,Prestatyn,,LL19 8LA,Sir Ddinbych,AwaitingInspection,,FHRS,False,,,"4 Ffordd Talargoch, Prestatyn, LL19 8LA"
2026-09-16,1987815,Vintage Sugar,Restaurant/Cafe/Canteen,27-29 Meliden Road,,Prestatyn,,LL19 9SD,Sir Ddinbych,AwaitingInspection,,FHRS,False,,,"27-29 Meliden Road, Prestatyn, LL19 9SD"
2026-09-16,1987819,Wellspring Church,Restaurant/Cafe/Canteen,,,,,,Sir Ddinbych,AwaitingInspection,,FHRS,False,,,
2026-09-16,215481,Lifehouse Church,Restaurant/Cafe/Canteen,Beetwell House,Beetwell Street,,Chesterfield,S40 1SH,Chesterfield,AwaitingInspection,,FHRS,False,,,"Beetwell House, Beetwell Street, Chesterfield, S40 1SH"
2026-09-16,1988041,Pistachio,Restaurant/Cafe/Canteen,38-40 Chase Side,LONDON,,,N14 5PA,Enfield,3,2025-11-27,FHRS,False,,,"38-40 Chase Side, LONDON, N14 5PA"
2026-09-16,1988029,Premier Inn London Enfield,Restaurant/Cafe/Canteen,4 Solar Way,ENFIELD,,,EN3 7XY,Enfield,AwaitingInspection,,FHRS,False,,,"4 Solar Way, ENFIELD, EN3 7XY"
2026-09-16,1987796,Bollywood,Restaurant/Cafe/Canteen,442C Cowbridge Road East,Canton,Cardiff,,CF5 1JN,Cardiff,AwaitingInspection,,FHRS,False,,,"442C Cowbridge Road East, Canton, Cardiff, CF5 1JN"
2026-09-16,1987792,EASTERN LEISURE CENTRE,Restaurant/Cafe/Canteen,Eastern Leisure Centre Llanrumney Avenue,Llanrumney,Cardiff,,CF3 4DN,Cardiff,AwaitingInspection,,FHRS,False,,,"Eastern Leisure Centre Llanrumney Avenue, Llanrumney, Cardiff, CF3 4DN"
2026-09-16,1987778,Garden & Vine,Restaurant/Cafe/Canteen,79 Pontcanna Street,Pontcanna,Cardiff,,CF11 9HS,Cardiff,AwaitingInspection,,FHRS,False,,,"79 Pontcanna Street, Pontcanna, Cardiff, CF11 9HS"
2026-09-16,1618910,Greek Village,Restaurant/Cafe/Canteen,21 Caroline Street,Cathays,Cardiff,,CF10 1FG,Cardiff,5,2026-04-13,FHRS,False,,,"21 Caroline Street, Cathays, Cardiff, CF10 1FG"
2026-09-16,1987773,Levant Grill,Restaurant/Cafe/Canteen,222-224 City Road,,Cardiff,,CF24 3JH,Cardiff,AwaitingInspection,,FHRS,False,,,"222-224 City Road, Cardiff, CF24 3JH"
2026-09-16,1987787,Mouseys Baguettes,Restaurant/Cafe/Canteen,Star Hub Muirton Road,Splott,Cardiff,,CF24 2SJ,Cardiff,AwaitingInspection,,FHRS,False,,,"Star Hub Muirton Road, Splott, Cardiff, CF24 2SJ"
2026-09-16,1987800,Samina Gul,Restaurant/Cafe/Canteen,62 Tudor Street,Riverside,Cardiff,,CF11 6AJ,Cardiff,AwaitingInspection,,FHRS,False,,,"62 Tudor Street, Riverside, Cardiff, CF11 6AJ"
2026-09-16,1987798,Vicino,Restaurant/Cafe/Canteen,37 Tair Erw Gain,Pontcanna,Cardiff,,CF11 9FT,Cardiff,AwaitingInspection,,FHRS,False,,,"37 Tair Erw Gain, Pontcanna, Cardiff, CF11 9FT"
2026-09-16,1987855,Fable,Restaurant/Cafe/Canteen,13 Lewes Road,Brighton,,,BN2 3HP,Brighton and Hove,AwaitingInspection,,FHRS,False,,,"13 Lewes Road, Brighton, BN2 3HP"
2026-09-16,1987857,Iro Sushi,Restaurant/Cafe/Canteen,13 York Place,Brighton,,,BN1 4GU,Brighton and Hove,AwaitingInspection,,FHRS,False,,,"13 York Place, Brighton, BN1 4GU"
2026-09-16,1987858,Iron Horse Coffee,Restaurant/Cafe/Canteen,21D Campbell Road,Brighton,,,BN1 4QD,Brighton and Hove,AwaitingInspection,,FHRS,False,,,"21D Campbell Road, Brighton, BN1 4QD"
2026-09-16,1987853,MERGE Coffee & Bakes,Restaurant/Cafe/Canteen,75 - 76 Western Road,Hove,,,BN3 2JQ,Brighton and Hove,AwaitingInspection,,FHRS,False,,,"75 - 76 Western Road, Hove, BN3 2JQ"
2026-09-16,1987861,PowerWatts,Restaurant/Cafe/Canteen,3 Neptune Square,Brighton,,,BN2 0AT,Brighton and Hove,AwaitingInspection,,FHRS,False,,,"3 Neptune Square, Brighton, BN2 0AT"
2026-09-16,1987862,Sandwich Masters,Restaurant/Cafe/Canteen,101 Old Shoreham Road,Hove,,,BN3 7AQ,Brighton and Hove,AwaitingInspection,,FHRS,False,,,"101 Old Shoreham Road, Hove, BN3 7AQ"
2026-09-16,1987863,Seasons Tribe Studios,Restaurant/Cafe/Canteen,Unit 2,St Josephs Business Park,St Josephs Close,Hove,BN3 7HG,Brighton and Hove,AwaitingInspection,,FHRS,False,,,"Unit 2, St Josephs Business Park, St Josephs Close, Hove, BN3 7HG"
2026-09-16,1987876,The Ledward Centre Cafe,Restaurant/Cafe/Canteen,14A Jubilee Street,Brighton,,,BN1 1GE,Brighton and Hove,AwaitingInspection,,FHRS,True,,,"14A Jubilee Street, Brighton, BN1 1GE"
2026-09-16,1987873,The Little Warung,Restaurant/Cafe/Canteen,St Mary Magdalene Church,55 Upper North Street,Brighton,,BN1 3FH,Brighton and Hove,AwaitingInspection,,FHRS,False,,,"St Mary Magdalene Church, 55 Upper North Street, Brighton, BN1 3FH"
2026-09-16,1988053,The Seagull Cafe,Restaurant/Cafe/Canteen,13 Broad Street,Portsmouth,,,PO1 2JD,Portsmouth,AwaitingInspection,,FHRS,False,,,"13 Broad Street, Portsmouth, PO1 2JD"
2026-09-16,462356,Emma's Cafe,Restaurant/Cafe/Canteen,Thornhill House,38 Hope Street,Thornhill,Rotherham,S60 1LH,Rotherham,AwaitingInspection,,FHRS,False,,,"Thornhill House, 38 Hope Street, Thornhill, Rotherham, S60 1LH"
2026-09-16,848828,GW Chip Shop,Restaurant/Cafe/Canteen,,21 High Street,Rotherham Town Centre,Rotherham South Yorkshire,S60 1PT,Rotherham,AwaitingInspection,,FHRS,False,,,"21 High Street, Rotherham Town Centre, Rotherham South Yorkshire, S60 1PT"
2026-09-16,633412,Roosters,Restaurant/Cafe/Canteen,,29 Chapel Avenue,Brampton Bierlow,Barnsley,S73 0XH,Rotherham,AwaitingInspection,,FHRS,False,,,"29 Chapel Avenue, Brampton Bierlow, Barnsley, S73 0XH"
2026-09-17,1988223,Vineyard72 Front Street,Restaurant/Cafe/Canteen,23 Front Street,Tynemouth,Tyne And Wear,,NE30 4DX,North Tyneside,5,2026-09-02,FHRS,False,,,"23 Front Street, Tynemouth, Tyne And Wear, NE30 4DX"
2026-09-17,1811085,Chicken Valley,Restaurant/Cafe/Canteen,30 - 32 Yorktown Road,,Sandhurst,Bracknell Forest,GU47 9DT,Bracknell Forest,AwaitingInspection,,FHRS,False,,,"30 - 32 Yorktown Road, Sandhurst, Bracknell Forest, GU47 9DT"
2026-09-17,1988615,Country Cabin,Restaurant/Cafe/Canteen,SHOP ADJACENT PURBECK HOUSE CANTERBURY ROAD,,LYMINGE,,CT18 8HU,Folkestone and Hythe,AwaitingInspection,,FHRS,False,,,"SHOP ADJACENT PURBECK HOUSE CANTERBURY ROAD, LYMINGE, CT18 8HU"
2026-09-17,1988616,Rebel of New Romney,Restaurant/Cafe/Canteen,23 HIGH STREET,,NEW ROMNEY,,TN28 8BN,Folkestone and Hythe,AwaitingInspection,,FHRS,False,,,"23 HIGH STREET, NEW ROMNEY, TN28 8BN"
2026-09-17,1913272,Al-Uruba Cafe,Restaurant/Cafe/Canteen,391A Coventry Road,Nechells,Birmingham,,B10 0SP,Birmingham,AwaitingInspection,,FHRS,False,,,"391A Coventry Road, Nechells, Birmingham, B10 0SP"
2026-09-17,1988395,AWA Restaurant,Restaurant/Cafe/Canteen,The Farcroft,Rookery Road,Handsworth Wood,Birmingham,B21 9QY,Birmingham,AwaitingInspection,,FHRS,True,,,"The Farcroft, Rookery Road, Handsworth Wood, Birmingham, B21 9QY"
2026-09-17,1988494,Balkan Sisters Halal Food,Restaurant/Cafe/Canteen,143 Bromsgrove Street,Birmingham,,,B5 6RG,Birmingham,AwaitingInspection,,FHRS,False,,,"143 Bromsgrove Street, Birmingham, B5 6RG"
2026-09-17,1988485,Baresca,Restaurant/Cafe/Canteen,2  Mere Green Road,Birmingham,,,B75 5BP,Birmingham,AwaitingInspection,,FHRS,False,,,"2  Mere Green Road, Birmingham, B75 5BP"
2026-09-17,1988446,Big Johns - Cotteridge,Restaurant/Cafe/Canteen,1846 Pershore Road,Bournville,Birmingham,,B30 3AS,Birmingham,AwaitingInspection,,FHRS,False,,,"1846 Pershore Road, Bournville, Birmingham, B30 3AS"
2026-09-17,1988445,BLOK 108,Restaurant/Cafe/Canteen,25 High Street,Moseley And Kings Heath,Birmingham,,B14 7BB,Birmingham,AwaitingInspection,,FHRS,False,,,"25 High Street, Moseley And Kings Heath, Birmingham, B14 7BB"
2026-09-17,1988539,Boing Boing Samosa's,Restaurant/Cafe/Canteen,76 Island Road,Birmingham,,,B21 8NR,Birmingham,AwaitingInspection,,FHRS,False,,,"76 Island Road, Birmingham, B21 8NR"
2026-09-17,1988500,Bolani House,Restaurant/Cafe/Canteen,720G Stratford Road,Springfield,Birmingham,,B11 4AT,Birmingham,AwaitingInspection,,FHRS,False,,,"720G Stratford Road, Springfield, Birmingham, B11 4AT"
2026-09-17,1988421,Byrd,Restaurant/Cafe/Canteen,86A Old Snow Hill,Birmingham,,,B4 6HW,Birmingham,AwaitingInspection,,FHRS,False,,,"86A Old Snow Hill, Birmingham, B4 6HW"
2026-09-17,1988399,Crave Central,Restaurant/Cafe/Canteen,2 Pritchett Street,Birmingham,,,B6 4EH,Birmingham,AwaitingInspection,,FHRS,False,,,"2 Pritchett Street, Birmingham, B6 4EH"
2026-09-17,1988546,Crave detroit pizza,Restaurant/Cafe/Canteen,363 Ladypool Road,Birmingham,,,B12 8LA,Birmingham,AwaitingInspection,,FHRS,False,,,"363 Ladypool Road, Birmingham, B12 8LA"
2026-09-17,1988566,D.A.F.C C.I.C,Restaurant/Cafe/Canteen,Holly Road,Lozells And East Handsworth,Birmingham,,B20 2BY,Birmingham,AwaitingInspection,,FHRS,False,,,"Holly Road, Lozells And East Handsworth, Birmingham, B20 2BY"
2026-09-17,1988577,Dixy Chicken,Restaurant/Cafe/Canteen,306 Kitts Green Road,Birmingham,,,B33 9SB,Birmingham,AwaitingInspection,,FHRS,False,,,"306 Kitts Green Road, Birmingham, B33 9SB"
2026-09-17,1988427,Ertas Foods Ltd,Restaurant/Cafe/Canteen,2 Stockwell Road,Birmingham,,,B21 9RJ,Birmingham,AwaitingInspection,,FHRS,True,,,"2 Stockwell Road, Birmingham, B21 9RJ"
2026-09-17,1988398,Golden Lounge restaurant,Restaurant/Cafe/Canteen,25-27  Barr Street,Birmingham,,,B19 3EH,Birmingham,AwaitingInspection,,FHRS,False,,,"25-27  Barr Street, Birmingham, B19 3EH"
2026-09-17,1988413,Hotville,Restaurant/Cafe/Canteen,811 Stratford Road,Springfield,Birmingham,,B11 4DA,Birmingham,AwaitingInspection,,FHRS,False,,,"811 Stratford Road, Springfield, Birmingham, B11 4DA"
2026-09-17,1988490,Hotville - Alum Rock,Restaurant/Cafe/Canteen,260 Alum Rock Road,Birmingham,,,B8 3DD,Birmingham,AwaitingInspection,,FHRS,False,,,"260 Alum Rock Road, Birmingham, B8 3DD"
2026-09-17,1988565,Istanbul turkish restaurant,Restaurant/Cafe/Canteen,2220 Coventry Road,Sheldon,Birmingham,,B26 3JH,Birmingham,AwaitingInspection,,FHRS,False,,,"2220 Coventry Road, Sheldon, Birmingham, B26 3JH"
2026-09-17,1716289,Juices 4 life cafe,Restaurant/Cafe/Canteen,477 Coventry Road,Nechells,Birmingham,,B10 0TJ,Birmingham,5,2025-06-30,FHRS,False,,,"477 Coventry Road, Nechells, Birmingham, B10 0TJ"
2026-09-17,1988513,Juices4Life,Restaurant/Cafe/Canteen,291 Soho Road,Birmingham,,,B21 9SA,Birmingham,AwaitingInspection,,FHRS,False,,,"291 Soho Road, Birmingham, B21 9SA"
2026-09-17,1732381,Karwan Restaurant Birmingham,Restaurant/Cafe/Canteen,759-761 Alum Rock Road,Birmingham,,,B8 3PX,Birmingham,AwaitingInspection,,FHRS,True,,,"759-761 Alum Rock Road, Birmingham, B8 3PX"
2026-09-17,1988451,Kibou Birmingham,Restaurant/Cafe/Canteen,61-63 Temple Row,Birmingham,,,B2 5LS,Birmingham,AwaitingInspection,,FHRS,False,,,"61-63 Temple Row, Birmingham, B2 5LS"
2026-09-17,1988584,Kibou Restaurants Ltd,Restaurant/Cafe/Canteen,Eagle Tower,Montpellier Drive,Cheltenham,Birmingham,GL50 1TA,Birmingham,AwaitingInspection,,FHRS,False,,,"Eagle Tower, Montpellier Drive, Cheltenham, Birmingham, GL50 1TA"
2026-09-17,1988418,Kings Heath Community Centre Ltd,Restaurant/Cafe/Canteen,Kings Heath Community Centre,8 Heathfield Road,Moseley And Kings Heath,Birmingham,B14 7DB,Birmingham,AwaitingInspection,,FHRS,False,,,"Kings Heath Community Centre, 8 Heathfield Road, Moseley And Kings Heath, Birmingham, B14 7DB"
2026-09-17,1988579,Korean soup and rice,Restaurant/Cafe/Canteen,Unit 4 Arcadian Food Centre,86 Hurst Street,Birmingham,,B5 4BU,Birmingham,AwaitingInspection,,FHRS,False,,,"Unit 4 Arcadian Food Centre, 86 Hurst Street, Birmingham, B5 4BU"
2026-09-17,1988475,LILY'S SZECHUAN RESTAURANT,Restaurant/Cafe/Canteen,,28  Horse Fair,Birmingham,,B1 1DD,Birmingham,AwaitingInspection,,FHRS,False,,,"28  Horse Fair, Birmingham, B1 1DD"
2026-09-17,1988524,Mimi AFROBITES kitchen,Restaurant/Cafe/Canteen,189 Gravelly Lane,Erdington,Birmingham,,B23 5SG,Birmingham,AwaitingInspection,,FHRS,False,,,"189 Gravelly Lane, Erdington, Birmingham, B23 5SG"
2026-09-17,1988529,motoo's,Restaurant/Cafe/Canteen,415 Golden Hillock Road,Birmingham,,,B11 2QL,Birmingham,AwaitingInspection,,FHRS,False,,,"415 Golden Hillock Road, Birmingham, B11 2QL"
2026-09-17,1988463,My grill,Restaurant/Cafe/Canteen,138 Soho Road,Birmingham,,,B21 9LN,Birmingham,AwaitingInspection,,FHRS,False,,,"138 Soho Road, Birmingham, B21 9LN"
2026-09-17,1988498,Ocean Pan,Restaurant/Cafe/Canteen,1 Bath Passage,Birmingham,,,B5 4SZ,Birmingham,AwaitingInspection,,FHRS,False,,,"1 Bath Passage, Birmingham, B5 4SZ"
2026-09-17,1988573,Ottimo,Restaurant/Cafe/Canteen,89 Newhall Street,Birmingham,,,B3 1LH,Birmingham,AwaitingInspection,,FHRS,False,,,"89 Newhall Street, Birmingham, B3 1LH"
2026-09-17,1988467,Pacjams kitchen,Restaurant/Cafe/Canteen,119-120 Moseley Street,Birmingham,,,B12 0RY,Birmingham,AwaitingInspection,,FHRS,False,,,"119-120 Moseley Street, Birmingham, B12 0RY"
2026-09-17,1988444,Palmyra Syrian & Lebanese Restaurant,Restaurant/Cafe/Canteen,13  St Marys Row,Birmingham,,,B13 8HW,Birmingham,AwaitingInspection,,FHRS,False,,,"13  St Marys Row, Birmingham, B13 8HW"
2026-09-17,1988439,Pepe's Piri Piri,Restaurant/Cafe/Canteen,608 Bromford Lane,Hodge Hill,Birmingham,,B8 2DP,Birmingham,AwaitingInspection,,FHRS,False,,,"608 Bromford Lane, Hodge Hill, Birmingham, B8 2DP"
2026-09-17,1988516,Pepper Chef,Restaurant/Cafe/Canteen,61-63 Hurst Street,Birmingham,,,B5 4TE,Birmingham,AwaitingInspection,,FHRS,False,,,"61-63 Hurst Street, Birmingham, B5 4TE"
2026-09-17,1988462,Phoenix Live Music Restaurant & Bar,Restaurant/Cafe/Canteen,2A Masshouse Plaza,Birmingham,,,B5 5JE,Birmingham,AwaitingInspection,,FHRS,False,,,"2A Masshouse Plaza, Birmingham, B5 5JE"
2026-09-17,1988478,Piri Fino / Beefyz,Restaurant/Cafe/Canteen,Beefy'z,491-493 Bristol Road,Selly Oak,Birmingham,B29 6AU,Birmingham,AwaitingInspection,,FHRS,True,,,"Beefy'z, 491-493 Bristol Road, Selly Oak, Birmingham, B29 6AU"
2026-09-17,1988407,Rasta Caribbean Kitchen,Restaurant/Cafe/Canteen,289,Icknield Port Road,Birmingham,,B16 0AG,Birmingham,AwaitingInspection,,FHRS,False,,,"289, Icknield Port Road, Birmingham, B16 0AG"
2026-09-17,1988569,Riverine Rabbit,Restaurant/Cafe/Canteen,1464  Pershore Road,Bournville,Birmingham,,B30 2NT,Birmingham,AwaitingInspection,,FHRS,False,,,"1464  Pershore Road, Bournville, Birmingham, B30 2NT"
2026-09-17,598442,San Carlo Fumo,Restaurant/Cafe/Canteen,4 Temple Street,Birmingham,,,B2 5BN,Birmingham,5,2026-09-11,FHRS,False,,,"4 Temple Street, Birmingham, B2 5BN"
2026-09-17,1988510,Savour food Shinwari,Restaurant/Cafe/Canteen,606-608 Washwood Heath Road,Birmingham,,,B8 2HG,Birmingham,AwaitingInspection,,FHRS,False,,,"606-608 Washwood Heath Road, Birmingham, B8 2HG"
2026-09-17,1988473,Serbian Orthodox Church Of the Holy Prince Lazar,Restaurant/Cafe/Canteen,92 Griffins Brook Lane,Birmingham,,,B30 1QG,Birmingham,AwaitingInspection,,FHRS,False,,,"92 Griffins Brook Lane, Birmingham, B30 1QG"
2026-09-17,1988571,Shawarma Palace 3,Restaurant/Cafe/Canteen,186 Ladypool Road,Birmingham,,,B12 8JS,Birmingham,AwaitingInspection,,FHRS,False,,,"186 Ladypool Road, Birmingham, B12 8JS"
2026-09-17,1988576,Spices,Restaurant/Cafe/Canteen,143 Soho Road,Birmingham,,,B21 9ST,Birmingham,AwaitingInspection,,FHRS,False,,,"143 Soho Road, Birmingham, B21 9ST"
2026-09-17,1988527,sundays wellness,Restaurant/Cafe/Canteen,1505-1507 Pershore Road,Bournville,Birmingham,,B30 2JL,Birmingham,AwaitingInspection,,FHRS,False,,,"1505-1507 Pershore Road, Bournville, Birmingham, B30 2JL"
2026-09-17,1988520,Taste of Africa restaurant limited,Restaurant/Cafe/Canteen,338B Soho Road,Birmingham,,,B21 9QL,Birmingham,AwaitingInspection,,FHRS,False,,,"338B Soho Road, Birmingham, B21 9QL"
2026-09-17,1988517,Taste of Brum,Restaurant/Cafe/Canteen,5 York Road,Erdington,Birmingham,,B23 6TE,Birmingham,AwaitingInspection,,FHRS,False,,,"5 York Road, Erdington, Birmingham, B23 6TE"
2026-09-17,1988526,THE BOX CAFE,Restaurant/Cafe/Canteen,147 Kyrwicks Lane,Birmingham,,,B11 1SS,Birmingham,AwaitingInspection,,FHRS,False,,,"147 Kyrwicks Lane, Birmingham, B11 1SS"
2026-09-17,1988560,The Superios,Restaurant/Cafe/Canteen,3  Coleshill Road,Hodge Hill,Birmingham,,B36 8DT,Birmingham,AwaitingInspection,,FHRS,False,,,"3  Coleshill Road, Hodge Hill, Birmingham, B36 8DT"
2026-09-17,1988474,Unit Four,Restaurant/Cafe/Canteen,120 Elkington Street,Birmingham,,,B6 4SL,Birmingham,AwaitingInspection,,FHRS,False,,,"120 Elkington Street, Birmingham, B6 4SL"
2026-09-17,1925033,Wing Fest,Restaurant/Cafe/Canteen,Selfridges,Upper Mall East Bullring,Birmingham,,B5 4BP,Birmingham,5,2026-06-24,FHRS,False,,,"Selfridges, Upper Mall East Bullring, Birmingham, B5 4BP"
2026-09-17,1988460,XIONGQI,Restaurant/Cafe/Canteen,Unit 9 Latitude,155 Bromsgrove Street,Birmingham,,B5 6AE,Birmingham,AwaitingInspection,,FHRS,False,,,"Unit 9 Latitude, 155 Bromsgrove Street, Birmingham, B5 6AE"
2026-09-17,1988570,Yuppie Mom Kitchen,Restaurant/Cafe/Canteen,143 Bromsgrove Street,Birmingham,,,B5 6RG,Birmingham,AwaitingInspection,,FHRS,False,,,"143 Bromsgrove Street, Birmingham, B5 6RG"
2026-09-17,1988314,BaxterStorey - Direct Line - Aviva Leeds,Restaurant/Cafe/Canteen,The Wharf,Neville Street,Leeds,,LS1 4AZ,Leeds,AwaitingInspection,,FHRS,False,,,"The Wharf, Neville Street, Leeds, LS1 4AZ"
2026-09-17,1988313,Laughing Mango,Restaurant/Cafe/Canteen,Old Modernians Association,Cookridge Lane,Cookridge,Leeds,LS16 7ND,Leeds,AwaitingInspection,,FHRS,False,,,"Old Modernians Association, Cookridge Lane, Cookridge, Leeds, LS16 7ND"
2026-09-17,1988302,Little Burrowers Ltd,Restaurant/Cafe/Canteen,First Floor Unit 3,A B S Business Park,Viaduct Street,Stanningley,LS28 6AU,Leeds,AwaitingInspection,,FHRS,False,,,"First Floor Unit 3, A B S Business Park, Viaduct Street, Stanningley, LS28 6AU"
2026-09-17,1988316,New Noodle House Ltd,Restaurant/Cafe/Canteen,20 Merrion Street,Leeds,,,LS1 6PQ,Leeds,AwaitingInspection,,FHRS,False,,,"20 Merrion Street, Leeds, LS1 6PQ"
2026-09-17,1988310,Squeeze Squeeze Squeeze/Squeeze Cubed,Restaurant/Cafe/Canteen,3 Gateway House,15 North Lane,Headingley,Leeds,LS6 3HG,Leeds,AwaitingInspection,,FHRS,False,,,"3 Gateway House, 15 North Lane, Headingley, Leeds, LS6 3HG"
2026-09-17,1988339,CLUB EIGHT3 LTD,Restaurant/Cafe/Canteen,Unit 8,Jetty 5,Dock Head Road,Chatham Maritime,ME4 4ZJ,Medway,AwaitingInspection,,FHRS,False,,,"Unit 8, Jetty 5, Dock Head Road, Chatham Maritime, ME4 4ZJ"
2026-09-17,1988272,L’autentica,Restaurant/Cafe/Canteen,213 HIGH STREET,,,PERTH,PH1 5PB,Perth and Kinross,Awaiting Inspection,2026-09-04,FHIS,False,,,"213 HIGH STREET, PERTH, PH1 5PB"
2026-09-17,1988334,Bragbury End Coffee Shop (B.E.C.S.),Restaurant/Cafe/Canteen,Bragbury End Coffee Shop,3 Kenilworth Close,Stevenage,Herts,SG2 8TB,Stevenage,AwaitingInspection,,FHRS,False,,,"Bragbury End Coffee Shop, 3 Kenilworth Close, Stevenage, Herts, SG2 8TB"
2026-09-17,1725242,SILVER BIRCH CATERING,Restaurant/Cafe/Canteen,,,,,,New Forest,AwaitingInspection,,FHRS,False,,,
2026-09-17,1988290,Cravella's,Restaurant/Cafe/Canteen,Bombay Stores,Shearbridge Road,Bradford,,BD7 1NX,Bradford,AwaitingInspection,,FHRS,False,,,"Bombay Stores, Shearbridge Road, Bradford, BD7 1NX"
2026-09-17,325915,High Street Grill,Restaurant/Cafe/Canteen,,139-141 Bradford Road,Shipley,,BD18 3TB,Bradford,AwaitingInspection,,FHRS,False,,,"139-141 Bradford Road, Shipley, BD18 3TB"
2026-09-17,1988284,McDonald's,Restaurant/Cafe/Canteen,Unit 3 Alexandra Mills Retail Park,Gresley Road,Keighley,,BD21 5JG,Bradford,AwaitingInspection,,FHRS,False,,,"Unit 3 Alexandra Mills Retail Park, Gresley Road, Keighley, BD21 5JG"
2026-09-17,1789934,Sara Cafe Restaurant,Restaurant/Cafe/Canteen,,12 Rawson Place,Bradford,,BD1 3QQ,Bradford,AwaitingInspection,,FHRS,False,,,"12 Rawson Place, Bradford, BD1 3QQ"
2026-09-17,1988283,Three Lions Cafe,Restaurant/Cafe/Canteen,,56 Dalton Lane,Keighley,,BD21 4JR,Bradford,AwaitingInspection,,FHRS,False,,,"56 Dalton Lane, Keighley, BD21 4JR"
2026-09-17,1988252,The Beacon Cafe Bistro,Restaurant/Cafe/Canteen,2 Marine Avenue,White Head,Whitehead,Antrim,BT38 9QW,Mid and East Antrim,AwaitingInspection,,FHRS,False,,,"2 Marine Avenue, White Head, Whitehead, Antrim, BT38 9QW"
2026-09-17,1988601,Greek City - Ayr,Restaurant/Cafe/Canteen,159 Whitletts Road,Ayr,South Ayrshire,,KA8 0JQ,South Ayrshire,Awaiting Inspection,2026-09-16,FHIS,False,,,"159 Whitletts Road, Ayr, South Ayrshire, KA8 0JQ"
2026-09-17,1988261,Pit and Pal,Restaurant/Cafe/Canteen,69 High Street,,Shoreham-by-sea,West Sussex,BN43 5DE,Adur,AwaitingInspection,,FHRS,True,,,"69 High Street, Shoreham-by-sea, West Sussex, BN43 5DE"
2026-09-17,1988319,Connect Bridgwater,Restaurant/Cafe/Canteen,21 Angel Place Shopping Centre,High Street,Bridgwater,,TA6 3TQ,Somerset,AwaitingInspection,,FHRS,False,,,"21 Angel Place Shopping Centre, High Street, Bridgwater, TA6 3TQ"
2026-09-17,1601337,Lucky's Diner,Restaurant/Cafe/Canteen,,75 High Street,Burnham-On-Sea,,TA8 1PE,Somerset,AwaitingInspection,,FHRS,False,,,"75 High Street, Burnham-On-Sea, TA8 1PE"
2026-09-17,42262,Honey Cafe Middleton LDT,Restaurant/Cafe/Canteen,,207 Boarshaw Road,Middleton,Manchester,M24 2WQ,Rochdale,AwaitingInspection,,FHRS,False,,,"207 Boarshaw Road, Middleton, Manchester, M24 2WQ"
2026-09-17,1988175,St Marys Gate Starbucks,Restaurant/Cafe/Canteen,,Whitworth Road,Rochdale,,OL12 0TY,Rochdale,AwaitingInspection,,FHRS,False,,,"Whitworth Road, Rochdale, OL12 0TY"
2026-09-17,940435,Zambrero Rochdale,Restaurant/Cafe/Canteen,,Unit 3 Mellor Street,Rochdale,,OL126XT,Rochdale,AwaitingInspection,,FHRS,False,,,"Unit 3 Mellor Street, Rochdale, OL126XT"
2026-09-17,1988245,AirHop,Restaurant/Cafe/Canteen,19 Westwood Cross,Margate Road,Broadstairs,Kent,CT10 2BF,Thanet,5,2026-08-21,FHRS,False,,,"19 Westwood Cross, Margate Road, Broadstairs, Kent, CT10 2BF"
2026-09-17,1681308,Domino's Pizza,Restaurant/Cafe/Canteen,34 Marine Terrace,Margate,Kent,,CT9 1XJ,Thanet,5,2025-11-05,FHRS,False,,,"34 Marine Terrace, Margate, Kent, CT9 1XJ"
2026-09-17,1986303,The Salvation Army,Restaurant/Cafe/Canteen,Union Crescent,Margate,Kent,,CT9 1NS,Thanet,5,2026-09-04,FHRS,False,,,"Union Crescent, Margate, Kent, CT9 1NS"
2026-09-17,1988241,Wagamama,Restaurant/Cafe/Canteen,18 Westwood Cross,Margate Road,Broadstairs,Kent,CT10 2BF,Thanet,5,2026-09-09,FHRS,False,,,"18 Westwood Cross, Margate Road, Broadstairs, Kent, CT10 2BF"
2026-09-17,1988347,Hopper,Restaurant/Cafe/Canteen,Vodafone House The Connection,,Newbury,West Berkshire,RG14 2FN,West Berkshire,AwaitingInspection,,FHRS,False,,,"Vodafone House The Connection, Newbury, West Berkshire, RG14 2FN"
2026-09-17,1988349,Rox Piri Piri,Restaurant/Cafe/Canteen,62A Northbrook Street,,Newbury,West Berkshire,RG14 1AE,West Berkshire,AwaitingInspection,,FHRS,False,,,"62A Northbrook Street, Newbury, West Berkshire, RG14 1AE"
2026-09-17,1988346,Source,Restaurant/Cafe/Canteen,Vodafone House The Connection,,Newbury,West Berkshire,RG14 2FN,West Berkshire,AwaitingInspection,,FHRS,False,,,"Vodafone House The Connection, Newbury, West Berkshire, RG14 2FN"
2026-09-17,806217,The Dancing Cup,Restaurant/Cafe/Canteen,,194 Middleton Grange Centre,Hartlepool,,TS24 7RR,Hartlepool,AwaitingInspection,,FHRS,False,,,"194 Middleton Grange Centre, Hartlepool, TS24 7RR"
2026-09-17,1988331,The Village Nest,Restaurant/Cafe/Canteen,,,,,,Solihull,AwaitingInspection,,FHRS,False,,,
2026-09-17,1988594,Virsa e khaas,Restaurant/Cafe/Canteen,564 Foleshill Road,,,Coventry,CV6 5HP,Coventry,AwaitingInspection,,FHRS,False,,,"564 Foleshill Road, Coventry, CV6 5HP"
2026-09-17,1988234,Carvells Coffee,Restaurant/Cafe/Canteen,86 Hinckley Road,Barwell,Leicester,Leicestershire,LE9 8DJ,Hinckley and Bosworth,AwaitingInspection,,FHRS,False,,,"86 Hinckley Road, Barwell, Leicester, Leicestershire, LE9 8DJ"
2026-09-17,1988221,Priory bistro,Restaurant/Cafe/Canteen,,2 Chaloner Mews,Guisborough,,TS14 6SA,Redcar and Cleveland,AwaitingInspection,,FHRS,False,,,"2 Chaloner Mews, Guisborough, TS14 6SA"
2026-09-17,1988218,Spark education@huntcliff school,Restaurant/Cafe/Canteen,,Marske Mill Lane,Saltburn By The Sea,,TS12 1HJ,Redcar and Cleveland,AwaitingInspection,,FHRS,False,,,"Marske Mill Lane, Saltburn By The Sea, TS12 1HJ"
2026-09-17,1988220,Spark education@Laurence Jackson,Restaurant/Cafe/Canteen,,Church Lane,Guisborough,,TS14 6RD,Redcar and Cleveland,AwaitingInspection,,FHRS,False,,,"Church Lane, Guisborough, TS14 6RD"
2026-09-17,1988222,St Peter's After School Club,Restaurant/Cafe/Canteen,,Marshall Drive,Brotton,,TS12 2UW,Redcar and Cleveland,AwaitingInspection,,FHRS,False,,,"Marshall Drive, Brotton, TS12 2UW"
2026-09-17,803952,St Peters Early Birds Breakfast Club,Restaurant/Cafe/Canteen,,Marshall Drive,Brotton,,TS12 2UW,Redcar and Cleveland,5,2026-07-15,FHRS,False,,,"Marshall Drive, Brotton, TS12 2UW"
2026-09-17,1988256,Yakitori House,Restaurant/Cafe/Canteen,,5 St Bryde Street,East Kilbride,Glasgow,G74 4HQ,South Lanarkshire,Awaiting Inspection,,FHIS,False,,,"5 St Bryde Street, East Kilbride, Glasgow, G74 4HQ"
2026-09-17,1988204,Portlethen Spud Bros,Restaurant/Cafe/Canteen,,Portlethen Petrol Filling Station,City South A90 Portlethen,Abedeenshire,AB12 4SA,Aberdeenshire,Awaiting Inspection,2026-09-15,FHIS,False,,,"Portlethen Petrol Filling Station, City South A90 Portlethen, Abedeenshire, AB12 4SA"
2026-09-17,1988183,Cafe Koco also trading as G's Cafe & Deli,Restaurant/Cafe/Canteen,18 Eastcheap,,Letchworth Garden City,Hertfordshire,SG6 3DE,North Hertfordshire,AwaitingInspection,,FHRS,False,,,"18 Eastcheap, Letchworth Garden City, Hertfordshire, SG6 3DE"
2026-09-17,245774,King's Manor Cafe,Restaurant/Cafe/Canteen,The Kings Manor,Exhibition Square,York,,YO1 7EP,York,AwaitingInspection,,FHRS,False,,,"The Kings Manor, Exhibition Square, York, YO1 7EP"
2026-09-17,1889046,The Corner Pin,Restaurant/Cafe/Canteen,,17 Tanner Row,York,,YO1 6JB,York,AwaitingInspection,,FHRS,False,,,"17 Tanner Row, York, YO1 6JB"
2026-09-17,1988186,Muzzys Breakfast & Bistro,Restaurant/Cafe/Canteen,238a Telegraph Road,,Heswall,Wirral,CH60 0AL,Wirral,5,2026-09-04,FHRS,False,,,"238a Telegraph Road, Heswall, Wirral, CH60 0AL"
2026-09-17,1988215,Basden Coffee & Bar,Restaurant/Cafe/Canteen,Warley Service Station,Southend Arterial Road,Brentwood,Essex,CM13 3ES,Brentwood,AwaitingInspection,,FHRS,False,,,"Warley Service Station, Southend Arterial Road, Brentwood, Essex, CM13 3ES"
2026-09-17,1988368,Dilnaz Indian Limited,Restaurant/Cafe/Canteen,Bella Vieste,78 Hough Lane,Leyland,Lancashire,PR25 2YB,South Ribble,AwaitingInspection,,FHRS,False,,,"Bella Vieste, 78 Hough Lane, Leyland, Lancashire, PR25 2YB"
2026-09-17,1988361,The Bakehouse Reloaded,Restaurant/Cafe/Canteen,,,,,,South Ribble,AwaitingInspection,,FHRS,False,,,
2026-09-17,1988264,EspressBros,Restaurant/Cafe/Canteen,10-12 Middle Row High Street,,Ashford,,TN24 8SQ,Ashford,AwaitingInspection,,FHRS,False,,,"10-12 Middle Row High Street, Ashford, TN24 8SQ"
2026-09-17,1988263,Flower Craft Bloom and Brew,Restaurant/Cafe/Canteen,,,,,,Ashford,AwaitingInspection,,FHRS,False,,,
2026-09-17,1988276,See You Morning,Restaurant/Cafe/Canteen,4 Howegate,Hawick,,Scottish Borders,TD9 0AB,Scottish Borders,Awaiting Inspection,2026-09-07,FHIS,False,,,"4 Howegate, Hawick, Scottish Borders, TD9 0AB"
2026-09-17,1988275,Taste Of Spice,Restaurant/Cafe/Canteen,3 Market Place,Selkirk,,Scottish Borders,TD7 4BT,Scottish Borders,Pass,2026-09-09,FHIS,False,,,"3 Market Place, Selkirk, Scottish Borders, TD7 4BT"
2026-09-17,1988169,GAIL'S Bakery,Restaurant/Cafe/Canteen,Gails,Unit 50,Lakeside Shopping Centre,West Thurrock Way,RM20 2ZG,Thurrock,AwaitingInspection,,FHRS,False,,,"Gails, Unit 50, Lakeside Shopping Centre, West Thurrock Way, RM20 2ZG"
2026-09-17,1988167,Hills Meadow Car Wash,Restaurant/Cafe/Canteen,George Street,Reading,,,RG4 8DH,Reading,AwaitingInspection,,FHRS,True,,,"George Street, Reading, RG4 8DH"
2026-09-29,1990713,Freedom  Leisure At Malvern Vale Community Centre,Restaurant/Cafe/Canteen,110 Swinyard Road,Malvern,Worcestershire,,WR14 1GU,Malvern Hills,AwaitingInspection,,FHRS,False,52.13071,-2.334711,"110 Swinyard Road, Malvern, Worcestershire, WR14 1GU"
2026-09-29,1990715,Harbour Parlour,Restaurant/Cafe/Canteen,30 Old Street,Upton Upon Severn,Worcestershire,,WR8 0HW,Malvern Hills,AwaitingInspection,,FHRS,False,52.061989,-2.218396,"30 Old Street, Upton Upon Severn, Worcestershire, WR8 0HW"
2026-09-29,1991662,Die Hard BBQ,Restaurant/Cafe/Canteen,Queens Market Sussex Street,,Rhyl,,LL18 1SE,Sir Ddinbych,AwaitingInspection,,FHRS,False,53.321458,-3.4920498,"Queens Market Sussex Street, Rhyl, LL18 1SE"
2026-09-29,1991658,Glow Eats,Restaurant/Cafe/Canteen,107 Victoria Road,,Prestatyn,Denbighshire,LL19 7SR,Sir Ddinbych,AwaitingInspection,,FHRS,False,53.3362593,-3.41466,"107 Victoria Road, Prestatyn, Denbighshire, LL19 7SR"
2026-09-29,1918112,Plough Inn,Restaurant/Cafe/Canteen,The Roe,,St. Asaph,,LL17 0LU,Sir Ddinbych,2,2026-03-10,FHRS,False,53.2621503,-3.44905435,"The Roe, St. Asaph, LL17 0LU"
2026-09-29,1991661,Rhyl Cafe Restaurant,Restaurant/Cafe/Canteen,3 Market Street,,Rhyl,,LL18 1RL,Sir Ddinbych,AwaitingInspection,,FHRS,False,53.3204274,-3.4905086,"3 Market Street, Rhyl, LL18 1RL"
2026-09-29,1854772,Salty Cup,Restaurant/Cafe/Canteen,8 CHURCH STREET,,FOLKESTONE,,CT20 1SE,Folkestone and Hythe,AwaitingInspection,,FHRS,False,51.0795335,1.1814018,"8 CHURCH STREET, FOLKESTONE, CT20 1SE"
2026-09-29,1990368,Blazin Soul Kitchen,Restaurant/Cafe/Canteen,Tradesmans Arms,57 Cove Road,Farnborough,Hampshire,GU14 0EX,Rushmoor,AwaitingInspection,,FHRS,True,51.291875,-0.769418,"Tradesmans Arms, 57 Cove Road, Farnborough, Hampshire, GU14 0EX"
2026-09-29,1990369,China Rose,Restaurant/Cafe/Canteen,254 High Street,Aldershot,Hampshire,,GU12 4LP,Rushmoor,1,2026-08-27,FHRS,False,51.246718,-0.75515,"254 High Street, Aldershot, Hampshire, GU12 4LP"
2026-09-29,1961313,Dixy Chicken Aldershot,Restaurant/Cafe/Canteen,,,,,,Rushmoor,AwaitingInspection,,FHRS,True,,,
2026-09-29,1886025,Love Your Studio,Restaurant/Cafe/Canteen,60 - 62 Kingsmead,Farnborough,Hampshire,,GU14 7SL,Rushmoor,5,2026-09-21,FHRS,False,51.2911417,-0.7545646,"60 - 62 Kingsmead, Farnborough, Hampshire, GU14 7SL"
2026-09-29,1971464,Maylehouse Munchies,Restaurant/Cafe/Canteen,15 Mcnaughton Close,Farnborough,Hampshire,,GU14 0PX,Rushmoor,Exempt,,FHRS,False,,,"15 Mcnaughton Close, Farnborough, Hampshire, GU14 0PX"
2026-09-29,1990367,OM Restaurant,Restaurant/Cafe/Canteen,18 - 20 Station Road,Aldershot,Hampshire,,GU11 1HT,Rushmoor,1,2026-08-12,FHRS,False,51.247684,-0.761471,"18 - 20 Station Road, Aldershot, Hampshire, GU11 1HT"
2026-09-29,1972914,Afternoon Tea,Restaurant/Cafe/Canteen,MADAME TUSSAUDS MARYLEBONE ROAD,,LONDON,,NW1 5LR,Westminster,AwaitingInspection,,FHRS,False,,,"MADAME TUSSAUDS MARYLEBONE ROAD, LONDON, NW1 5LR"
2026-09-29,1991810,Alex Dilling at Hotel Cafe Royal,Restaurant/Cafe/Canteen,HOTEL CAFE ROYAL 68 REGENT STREET,,LONDON,,W1B 5RL,Westminster,5,2026-09-05,FHRS,False,51.5102499,-0.1361569,"HOTEL CAFE ROYAL 68 REGENT STREET, LONDON, W1B 5RL"
2026-09-29,1988740,Attendant Coffee Roasters,Restaurant/Cafe/Canteen,GROUND FLOOR 10 BRESSENDEN PLACE,,LONDON,,SW1E 5DH,Westminster,5,2026-09-10,FHRS,False,51.4981454,-0.1425974,"GROUND FLOOR 10 BRESSENDEN PLACE, LONDON, SW1E 5DH"
2026-09-29,1976080,BON BAO,Restaurant/Cafe/Canteen,RUPERT HOUSE 4 TISBURY COURT,,LONDON,,W1D 6BG,Westminster,AwaitingInspection,,FHRS,False,51.5123747,-0.1334904,"RUPERT HOUSE 4 TISBURY COURT, LONDON, W1D 6BG"
2026-09-29,1986204,Bread & Co,Restaurant/Cafe/Canteen,UNIT C12 WEST ONE SHOPPING CENTRE 381 OXFORD STREET,,LONDON,,W1C 2JS,Westminster,5,2024-03-05,FHRS,False,51.5137898,-0.1495888,"UNIT C12 WEST ONE SHOPPING CENTRE 381 OXFORD STREET, LONDON, W1C 2JS"
2026-09-29,1991798,Buns & Buns,Restaurant/Cafe/Canteen,5C THE MARKET,COVENT GARDEN,LONDON,,WC2E 8RA,Westminster,5,2025-07-08,FHRS,False,51.512248,-0.122802,"5C THE MARKET, COVENT GARDEN, LONDON, WC2E 8RA"
2026-09-29,1988721,Busaba,Restaurant/Cafe/Canteen,8-13 BIRD STREET,,LONDON,,W1U 1BU,Westminster,4,2025-04-09,FHRS,False,51.5147048,-0.1511516,"8-13 BIRD STREET, LONDON, W1U 1BU"
2026-09-29,1988739,Busaba Covent Garden,Restaurant/Cafe/Canteen,44 FLORAL STREET,,LONDON,,WC2E 9DA,Westminster,5,2026-07-08,FHRS,False,51.5127667,-0.1240312,"44 FLORAL STREET, LONDON, WC2E 9DA"
2026-09-29,1988742,Chocofruit St Christophers Place,Restaurant/Cafe/Canteen,4 ST CHRISTOPHER'S PLACE,,LONDON,,W1U 1LZ,Westminster,AwaitingInspection,,FHRS,True,51.5154288,-0.1501864,"4 ST CHRISTOPHER'S PLACE, LONDON, W1U 1LZ"
2026-09-29,1876952,Cottage Peri Peri,Restaurant/Cafe/Canteen,BASEMENT AND GORUND FLOOR 340 EDGWARE ROAD,,LONDON,,W2 1EA,Westminster,0,2025-09-25,FHRS,False,51.5210429,-0.1711185,"BASEMENT AND GORUND FLOOR 340 EDGWARE ROAD, LONDON, W2 1EA"
2026-09-29,1982096,Davies Street Restaurant Limited,Restaurant/Cafe/Canteen,14-16 DAVIES STREET,,LONDON,,W1K 3DR,Westminster,AwaitingInspection,,FHRS,False,51.5112012,-0.1473879,"14-16 DAVIES STREET, LONDON, W1K 3DR"
2026-09-29,1946237,Diplomatic,Restaurant/Cafe/Canteen,443 EDGWARE ROAD,,LONDON,,W2 1EG,Westminster,1,2026-07-31,FHRS,False,51.5242043,-0.1766428,"443 EDGWARE ROAD, LONDON, W2 1EG"
2026-09-29,1986187,Dr Juice,Restaurant/Cafe/Canteen,64A EDGWARE ROAD,,LONDON,,W2 2EH,Westminster,AwaitingInspection,,FHRS,True,51.5148795,-0.1622711,"64A EDGWARE ROAD, LONDON, W2 2EH"
2026-09-29,1991795,Havana Dos Amigos,Restaurant/Cafe/Canteen,376 HARROW ROAD,,LONDON,,W9 2HU,Westminster,AwaitingInspection,,FHRS,False,51.5233329,-0.1958933,"376 HARROW ROAD, LONDON, W9 2HU"
2026-09-29,1986203,Kaffeine,Restaurant/Cafe/Canteen,66 GREAT TITCHFIELD STREET,,LONDON,,W1W 7QJ,Westminster,AwaitingInspection,,FHRS,False,51.5184725,-0.1403326,"66 GREAT TITCHFIELD STREET, LONDON, W1W 7QJ"
2026-09-29,1983601,Long's Wok ???,Restaurant/Cafe/Canteen,5A BERNERS STREET,,LONDON,,W1T 3LF,Westminster,3,2026-03-31,FHRS,False,51.5165762,-0.1358697,"5A BERNERS STREET, LONDON, W1T 3LF"
2026-09-29,1955265,Lotus Realm,Restaurant/Cafe/Canteen,4 BERNERS STREET,,LONDON,,W1T 3LE,Westminster,AwaitingInspection,,FHRS,False,51.5165126,-0.135829,"4 BERNERS STREET, LONDON, W1T 3LE"
2026-09-29,1978218,LUXE1LOUNGE LTD,Restaurant/Cafe/Canteen,77-79 EDGWARE ROAD,,LONDON,,W2 2HZ,Westminster,AwaitingInspection,,FHRS,False,51.5157017,-0.1642414,"77-79 EDGWARE ROAD, LONDON, W2 2HZ"
2026-09-29,1988741,McDonald's,Restaurant/Cafe/Canteen,161 PRAED STREET,,LONDON,,W2 1RL,Westminster,5,2026-05-22,FHRS,False,51.515935,-0.1745806,"161 PRAED STREET, LONDON, W2 1RL"
2026-09-29,1991793,Motorino,Restaurant/Cafe/Canteen,1 PEARSON SQUARE,WESTMINSTER,LONDON,,W1T 3BF,Westminster,AwaitingInspection,,FHRS,False,51.518793,-0.138281,"1 PEARSON SQUARE, WESTMINSTER, LONDON, W1T 3BF"
2026-09-29,1890831,O'Bled,Restaurant/Cafe/Canteen,82 CHURCH STREET,,LONDON,,NW8 8ET,Westminster,4,2025-11-25,FHRS,False,51.5232867,-0.1708412,"82 CHURCH STREET, LONDON, NW8 8ET"
2026-09-29,1986217,Royal Over-Seas League,Restaurant/Cafe/Canteen,OVERSEAS HOUSE PARK PLACE,,LONDON,,SW1A 1LR,Westminster,5,2026-09-02,FHRS,False,51.50632,-0.1406836,"OVERSEAS HOUSE PARK PLACE, LONDON, SW1A 1LR"
2026-09-29,1978199,"St James's Church, Piccadilly",Restaurant/Cafe/Canteen,ST JAMES'S CHURCH 197 PICCADILLY,,LONDON,,W1J 9ET,Westminster,Exempt,,FHRS,False,,,"ST JAMES'S CHURCH 197 PICCADILLY, LONDON, W1J 9ET"
2026-09-29,1976077,Starbucks Coffee Company,Restaurant/Cafe/Canteen,PLATFORM 15 VICTORIA STATION TERMINUS PLACE,,LONDON,,SW1V 1JT,Westminster,5,2026-08-21,FHRS,False,,,"PLATFORM 15 VICTORIA STATION TERMINUS PLACE, LONDON, SW1V 1JT"
2026-09-29,1988743,Suzette Garden,Restaurant/Cafe/Canteen,5 SEAFORTH PLACE,,LONDON,,SW1E 6AB,Westminster,AwaitingInspection,,FHRS,False,51.4980975,-0.1370852,"5 SEAFORTH PLACE, LONDON, SW1E 6AB"
2026-09-29,1988736,Temper Soho,Restaurant/Cafe/Canteen,25 BROADWICK STREET,,LONDON,,W1F 0DF,Westminster,5,2025-08-26,FHRS,False,51.5134936,-0.1357523,"25 BROADWICK STREET, LONDON, W1F 0DF"
2026-09-29,1986216,VE/LA,Restaurant/Cafe/Canteen,BASEMENT AND GROUND FLOOR 46 MADDOX STREET,,LONDON,,W1S 1AY,Westminster,AwaitingInspection,,FHRS,True,51.5126008,-0.1437713,"BASEMENT AND GROUND FLOOR 46 MADDOX STREET, LONDON, W1S 1AY"
2026-09-29,1991922,Tom’s Burgers,Restaurant/Cafe/Canteen,17 Windsor Lofts Windsor Road,,Penarth,Vale Of Glamorgan,CF64 1JW,Bro Morgannwg,AwaitingInspection,,FHRS,False,51.439131,-3.1737989,"17 Windsor Lofts Windsor Road, Penarth, Vale Of Glamorgan, CF64 1JW"
2026-09-29,1992043,Clink Club,Restaurant/Cafe/Canteen,Studio 3 & 4,Barleylands Road,Billericay,Essex,CM11 2UD,Basildon,AwaitingInspection,,FHRS,False,,,"Studio 3 & 4, Barleylands Road, Billericay, Essex, CM11 2UD"
2026-09-29,1992045,HODO KITCHEN,Restaurant/Cafe/Canteen,,24-26 Southernhay,Basildon,Essex,SS14 1EL,Basildon,AwaitingInspection,,FHRS,False,,,"24-26 Southernhay, Basildon, Essex, SS14 1EL"
2026-09-29,1990637,Lucky House,Restaurant/Cafe/Canteen,28 Norwich Street,Fakenham,Norfolk,,NR21 9AE,North Norfolk,AwaitingInspection,,FHRS,False,52.830045,0.849135,"28 Norwich Street, Fakenham, Norfolk, NR21 9AE"
2026-09-29,1990641,MFG Greggs Fakenham,Restaurant/Cafe/Canteen,Clipbush Park,Clipbush Lane,Fakenham,Norfolk,NR21 8SW,North Norfolk,AwaitingInspection,,FHRS,False,52.83971,0.870484,"Clipbush Park, Clipbush Lane, Fakenham, Norfolk, NR21 8SW"
2026-09-29,1990514,Bryans Bespoke Dining,Restaurant/Cafe/Canteen,Mitchell avenue,,,Coventry,CV4 8DY,Coventry,AwaitingInspection,,FHRS,False,,,"Mitchell avenue, Coventry, CV4 8DY"
2026-09-29,1990502,Jacks Snacks,Restaurant/Cafe/Canteen,London Road,,,Coventry,CV3 4AR,Coventry,AwaitingInspection,,FHRS,False,,,"London Road, Coventry, CV3 4AR"
2026-09-29,1320440,Kalimera,Restaurant/Cafe/Canteen,43 Topsfield Parade,Tottenham Lane,Hornsey,London,N8 8PT,Haringey,5,2021-06-22,FHRS,False,51.581051,-0.122344,"43 Topsfield Parade, Tottenham Lane, Hornsey, London, N8 8PT"
2026-09-29,1081600,Sushimo Japanese Restaurant,Restaurant/Cafe/Canteen,,19 Westbury Avenue,Wood Green,London,N22 6BS,Haringey,AwaitingInspection,,FHRS,True,51.5909124,-0.1029876,"19 Westbury Avenue, Wood Green, London, N22 6BS"
2026-09-29,1991751,Yawd Style Kitchen,Restaurant/Cafe/Canteen,40 Lordship Lane,Tottenham,London,,N17 8NS,Haringey,5,2026-09-25,FHRS,False,51.598838,-0.0717721,"40 Lordship Lane, Tottenham, London, N17 8NS"
2026-09-29,1975810,Barwaaqo 1,Restaurant/Cafe/Canteen,356 High Road Leyton,,Leyton,London,E10 6QE,Waltham Forest,0,2026-07-31,FHRS,False,51.5620825,-0.0101747,"356 High Road Leyton, Leyton, London, E10 6QE"
2026-09-29,1989139,Lotus and Lantern,Restaurant/Cafe/Canteen,54 Old Church Road,,Chingford,London,E4 8DB,Waltham Forest,AwaitingInspection,,FHRS,False,51.6187627,-0.0176652,"54 Old Church Road, Chingford, London, E4 8DB"
2026-09-29,1823740,Pulse and Pickle,Restaurant/Cafe/Canteen,Blackhorse Workshop 1 - 2 Sutherland Road Path,,Walthamstow,London,E17 6BX,Waltham Forest,AwaitingInspection,,FHRS,True,51.5920495,-0.038738,"Blackhorse Workshop 1 - 2 Sutherland Road Path, Walthamstow, London, E17 6BX"
2026-09-29,1989236,Caffi Crane,Restaurant/Cafe/Canteen,,4 Crane Street,Pontypool,,NP4 6LY,Torfaen,AwaitingInspection,,FHRS,True,51.702585,-3.041731,"4 Crane Street, Pontypool, NP4 6LY"
2026-09-29,1989235,Chef Gs at the Rising Sun,Restaurant/Cafe/Canteen,Rising Sun,Cwmavon Road,Abersychan,Pontypool,NP4 8PP,Torfaen,AwaitingInspection,,FHRS,False,51.73213,-3.059019,"Rising Sun, Cwmavon Road, Abersychan, Pontypool, NP4 8PP"
2026-09-29,1992104,Chapter & Crumb,Restaurant/Cafe/Canteen,37A Market Street,Bacup,Lancashire,,OL13 0AJ,Rossendale,AwaitingInspection,,FHRS,False,,,"37A Market Street, Bacup, Lancashire, OL13 0AJ"
2026-09-29,1990068,Ground and Grain,Restaurant/Cafe/Canteen,140 Woodville Road,Cathays,Cardiff,,CF24 4EE,Caerdydd,AwaitingInspection,,FHRS,False,51.4939998,-3.1765761,"140 Woodville Road, Cathays, Cardiff, CF24 4EE"
2026-09-29,1990071,Jaff Cafe & Restaurant,Restaurant/Cafe/Canteen,83 Crwys Road,Cathays,Cardiff,,CF24 4NF,Caerdydd,AwaitingInspection,,FHRS,False,51.4953705,-3.1788731,"83 Crwys Road, Cathays, Cardiff, CF24 4NF"
2026-09-29,1990067,juices 4 life,Restaurant/Cafe/Canteen,24 Albany Road,Roath,Cardiff,,CF24 3RQ,Caerdydd,AwaitingInspection,,FHRS,False,51.4929885,-3.169581,"24 Albany Road, Roath, Cardiff, CF24 3RQ"
2026-09-29,1990063,Kumo Cafe,Restaurant/Cafe/Canteen,Unit 1 115 - 119 City Road,Roath,Cardiff,,CF24 3BP,Caerdydd,AwaitingInspection,,FHRS,False,51.4890699,-3.1685796,"Unit 1 115 - 119 City Road, Roath, Cardiff, CF24 3BP"
2026-09-29,1991909,Kureghor,Restaurant/Cafe/Canteen,110 Clare Road,Grangetown,Cardiff,,CF11 6RU,Caerdydd,AwaitingInspection,,FHRS,False,51.4720183,-3.1868812,"110 Clare Road, Grangetown, Cardiff, CF11 6RU"
2026-09-29,1991906,Shawarma Laziz,Restaurant/Cafe/Canteen,Ground Floor 154 City Road,Roath,Cardiff,,CF24 3DR,Caerdydd,AwaitingInspection,,FHRS,False,51.4899789,-3.1692099,"Ground Floor 154 City Road, Roath, Cardiff, CF24 3DR"
2026-09-29,1991911,Syriana Grill House,Restaurant/Cafe/Canteen,72-74 City Road,,Cardiff,,CF24 3DD,Caerdydd,AwaitingInspection,,FHRS,False,51.488114,-3.166994,"72-74 City Road, Cardiff, CF24 3DD"
2026-09-29,1990069,Wyndham cafeteria,Restaurant/Cafe/Canteen,Unit 6 To 10 Even Wyndham Arcade,Cathays,Cardiff,,CF10 1FJ,Caerdydd,AwaitingInspection,,FHRS,False,51.4774993,-3.1765836,"Unit 6 To 10 Even Wyndham Arcade, Cathays, Cardiff, CF10 1FJ"
2026-09-29,1988656,Above & Beyond,Restaurant/Cafe/Canteen,61 Woodhead Road,Holmfirth,,,HD9 2PR,Kirklees,AwaitingInspection,,FHRS,False,53.566536,-1.797832,"61 Woodhead Road, Holmfirth, HD9 2PR"
2026-09-29,1988655,Beatties,Restaurant/Cafe/Canteen,Beatties Deli,6 Town Gate,Holmfirth,,HD9 1HA,Kirklees,AwaitingInspection,,FHRS,False,53.5700988769531,-1.78564703464508,"Beatties Deli, 6 Town Gate, Holmfirth, HD9 1HA"
2026-09-29,1988661,Bens Baps,Restaurant/Cafe/Canteen,Kats Yorkshire Butty Bar Ltd,6 Henry Street,Huddersfield,,HD1 4AA,Kirklees,AwaitingInspection,,FHRS,False,53.6467109,-1.7864963,"Kats Yorkshire Butty Bar Ltd, 6 Henry Street, Huddersfield, HD1 4AA"
2026-09-29,673103,Cafe Unwind,Restaurant/Cafe/Canteen,Mr Ts,400 Bradford Road,Batley,,WF17 5LZ,Kirklees,4,2023-09-20,FHRS,False,53.7116273,-1.6267447,"Mr Ts, 400 Bradford Road, Batley, WF17 5LZ"
2026-09-29,1988662,HILLS KITCHEN,Restaurant/Cafe/Canteen,9 Batley Shopping Centre,Alfreds Way,Batley,,WF17 5DR,Kirklees,AwaitingInspection,,FHRS,False,53.7148652,-1.6326093,"9 Batley Shopping Centre, Alfreds Way, Batley, WF17 5DR"
2026-09-29,1988659,Tamp and steam,Restaurant/Cafe/Canteen,Tamp and Steam Coffee House Unit 2,Fountain Court,Huddersfield Road,Roberttown,WF15 7QQ,Kirklees,AwaitingInspection,,FHRS,False,53.6975182,-1.6987732,"Tamp and Steam Coffee House Unit 2, Fountain Court, Huddersfield Road, Roberttown, WF15 7QQ"
2026-09-29,973611,Luton Irish Forum Ltd,Restaurant/Cafe/Canteen,Kathleen Connolly House,102 Hitchin Road,,Luton,LU2 0ES,Luton,5,2026-08-14,FHRS,False,51.8858413696289,-0.405719012022018,"Kathleen Connolly House, 102 Hitchin Road, Luton, LU2 0ES"
2026-09-29,1988931,Nando's,Restaurant/Cafe/Canteen,60 - 62 Westow Street,Upper Norwood,London,,SE19 3AF,Croydon,AwaitingInspection,,FHRS,False,51.4183279,-0.0827716,"60 - 62 Westow Street, Upper Norwood, London, SE19 3AF"
2026-09-29,1988934,Raggio Di Sole,Restaurant/Cafe/Canteen,62 Southbridge Road,Croydon,,,CR0 1AE,Croydon,AwaitingInspection,,FHRS,False,51.3671604,-0.1021637,"62 Southbridge Road, Croydon, CR0 1AE"
2026-09-29,1959981,Zoyia's Kitchen,Restaurant/Cafe/Canteen,South Norwood Lake And Grounds,Avenue Road,South Norwood,London,SE25 4DX,Croydon,AwaitingInspection,,FHRS,False,51.4070708,-0.0757512,"South Norwood Lake And Grounds, Avenue Road, South Norwood, London, SE25 4DX"
2026-09-29,1989989,Dosa Village Stoke on Trent,Restaurant/Cafe/Canteen,,21 Carlisle Street,Longton,Stoke-On-Trent,ST3 4HA,Stoke-On-Trent,AwaitingInspection,,FHRS,False,52.9783553,-2.1360051,"21 Carlisle Street, Longton, Stoke-On-Trent, ST3 4HA"
2026-09-29,1989951,Alquds takeaway Bolton Ltd,Restaurant/Cafe/Canteen,,390 Derby Street,,,BL3 6LS,Bolton,AwaitingInspection,,FHRS,False,53.5664024,-2.4451163,"390 Derby Street, BL3 6LS"
2026-09-29,1991472,Bolton Christmas Trees,Restaurant/Cafe/Canteen,Spindle Point Farm,Moss Lane,Kearsley,Bolton,BL4 8SE,Bolton,AwaitingInspection,,FHRS,False,,,"Spindle Point Farm, Moss Lane, Kearsley, Bolton, BL4 8SE"
2026-09-29,1989962,Crunch & smash,Restaurant/Cafe/Canteen,,155 Blackburn Road,Bolton,,BL1 8HE,Bolton,AwaitingInspection,,FHRS,False,53.5909005,-2.4311399,"155 Blackburn Road, Bolton, BL1 8HE"
2026-09-29,1989967,K.P Hujra,Restaurant/Cafe/Canteen,,96 Great Moor Street,Bolton,,BL3 6DS,Bolton,AwaitingInspection,,FHRS,False,53.575341,-2.432059,"96 Great Moor Street, Bolton, BL3 6DS"
2026-09-29,1989954,Mid Ground,Restaurant/Cafe/Canteen,,360 Park Road,,,BL5 3HX,Bolton,AwaitingInspection,,FHRS,False,53.5506065,-2.4985483,"360 Park Road, BL5 3HX"
2026-09-29,1989950,Pata Indian,Restaurant/Cafe/Canteen,,1 Manchester Road,,,BL5 3PT,Bolton,AwaitingInspection,,FHRS,False,53.5602496,-2.5240549,"1 Manchester Road, BL5 3PT"
2026-09-29,1989966,Piri Piri Grillo,Restaurant/Cafe/Canteen,Unit 6 Marsden House,Marsden Road,Bolton,,BL1 2AY,Bolton,AwaitingInspection,,FHRS,True,,,"Unit 6 Marsden House, Marsden Road, Bolton, BL1 2AY"
2026-09-29,1991474,Premier Inn Bolton West (Whitbread PLC),Restaurant/Cafe/Canteen,,991 Chorley New Road,Lostock,Bolton,BL6 4BA,Bolton,AwaitingInspection,,FHRS,False,53.584599,-2.522106,"991 Chorley New Road, Lostock, Bolton, BL6 4BA"
2026-09-29,1989959,Riahan Indian Takeaway,Restaurant/Cafe/Canteen,,220 Albert Road,Bolton,,BL4 9JB,Bolton,AwaitingInspection,,FHRS,False,53.5434256,-2.3999805,"220 Albert Road, Bolton, BL4 9JB"
2026-09-29,1989767,Rassam's Creamery,Restaurant/Cafe/Canteen,Unit B4,Meridian Leisure Park,Braunstone Town,Leicester,LE19 1JZ,Blaby,AwaitingInspection,,FHRS,False,52.6138549,-1.1859975,"Unit B4, Meridian Leisure Park, Braunstone Town, Leicester, LE19 1JZ"
2026-09-29,1990871,Horrabridge Rangers Sports Association,Restaurant/Cafe/Canteen,,,,,,West Devon,AwaitingInspection,,FHRS,False,,,
2026-09-29,1989722,Ali Além,Restaurant/Cafe/Canteen,6 Bayford Road,,Littlehampton,West Sussex,BN17 5HL,Arun,AwaitingInspection,,FHRS,False,50.8086046,-0.5408944,"6 Bayford Road, Littlehampton, West Sussex, BN17 5HL"
2026-09-29,1988970,Etto At The Minster,Restaurant/Cafe/Canteen,The Minster Refectory,Church Street,Southwell,,NG25 0HD,Newark and Sherwood,AwaitingInspection,,FHRS,False,53.0775002,-0.9545333,"The Minster Refectory, Church Street, Southwell, NG25 0HD"
2026-09-29,1986753,Haybarn Cafe,Restaurant/Cafe/Canteen,The Hay Barn Cafe,Main Street,Kneesall,Newark On Trent,NG22 0AD,Newark and Sherwood,AwaitingInspection,,FHRS,False,,,"The Hay Barn Cafe, Main Street, Kneesall, Newark On Trent, NG22 0AD"
2026-09-29,1991387,Sausage & Rolls,Restaurant/Cafe/Canteen,Cooplands,Forest Road,Ollerton,,NG22 9PL,Newark and Sherwood,AwaitingInspection,,FHRS,False,,,"Cooplands, Forest Road, Ollerton, NG22 9PL"
2026-09-29,1826891,Ben\&Jack Studio,Restaurant/Cafe/Canteen,Brindle Bear Pets Ltd,Unit B,Reform Road,Maidenhead,SL6 8BT,Windsor and Maidenhead,AwaitingInspection,,FHRS,False,51.5212152,-0.7112128,"Brindle Bear Pets Ltd, Unit B, Reform Road, Maidenhead, SL6 8BT"
2026-09-29,1826886,Bingsoo Bliss,Restaurant/Cafe/Canteen,2 - 4 High Street,Datchet,Slough,,SL3 9EA,Windsor and Maidenhead,5,2025-09-30,FHRS,False,51.4838022,-0.5799151,"2 - 4 High Street, Datchet, Slough, SL3 9EA"
2026-09-29,1751870,Caterplus @ McCarthy & Stone Swift House,Restaurant/Cafe/Canteen,Swift House,1 St Lukes Road,Maidenhead,,SL6 7AJ,Windsor and Maidenhead,5,2026-08-10,FHRS,False,51.5255813598633,-0.724857985973358,"Swift House, 1 St Lukes Road, Maidenhead, SL6 7AJ"
2026-09-29,1780181,Georgian House,Restaurant/Cafe/Canteen,73 Peascod Street,Windsor,,,SL4 1DH,Windsor and Maidenhead,5,2025-03-20,FHRS,False,51.4800798,-0.6122315,"73 Peascod Street, Windsor, SL4 1DH"
2026-09-29,1813318,Greenwood & Main And Ward Kitchens At Heatherwood Hospital,Restaurant/Cafe/Canteen,Heatherwood Hospital,Brook Avenue,Ascot,,SL5 7GB,Windsor and Maidenhead,5,2026-08-11,FHRS,False,51.4089328,-0.688256,"Heatherwood Hospital, Brook Avenue, Ascot, SL5 7GB"
2026-09-29,1826889,Hurley Village Shop And Cafe,Restaurant/Cafe/Canteen,Hurley Village Shop,High Street,Hurley,Maidenhead,SL6 5NB,Windsor and Maidenhead,5,2025-06-23,FHRS,False,,,"Hurley Village Shop, High Street, Hurley, Maidenhead, SL6 5NB"
2026-09-29,1826900,Meat At The Parish,Restaurant/Cafe/Canteen,10 High Street,Windsor,,,SL4 1LD,Windsor and Maidenhead,AwaitingInspection,,FHRS,False,51.481144,-0.606582,"10 High Street, Windsor, SL4 1LD"
2026-09-29,1989244,The Green Room Foundation,Restaurant/Cafe/Canteen,The Lodge,104 Maidenhead Road,Windsor,,SL4 5EX,Windsor and Maidenhead,AwaitingInspection,,FHRS,False,51.483976,-0.6269613,"The Lodge, 104 Maidenhead Road, Windsor, SL4 5EX"
2026-09-29,1988821,Bread & Pudin,Restaurant/Cafe/Canteen,ShopSundial House89 - 93 Goldsworth RoadWokingSurrey,,,,GU21 6LJ,Woking,AwaitingInspection,,FHRS,True,51.3172055,-0.5655166,"ShopSundial House89 - 93 Goldsworth RoadWokingSurrey, GU21 6LJ"
2026-09-29,1988822,Chaiiwala Woking,Restaurant/Cafe/Canteen,3 Chobham RoadWokingSurrey,,,,GU21 6HX,Woking,AwaitingInspection,,FHRS,True,,,"3 Chobham RoadWokingSurrey, GU21 6HX"
2026-09-29,1991096,Arthur Chapman,Restaurant/Cafe/Canteen,,40 Windsor Road,,Neath,SA11 1LU,Neath Port Talbot,AwaitingInspection,,FHRS,False,51.6608161,-3.8067243,"40 Windsor Road, Neath, SA11 1LU"
2026-09-29,1991093,Busk and Brew,Restaurant/Cafe/Canteen,,14 Angel Street,,Neath,SA11 1RS,Neath Port Talbot,AwaitingInspection,,FHRS,False,51.6641453,-3.8056557,"14 Angel Street, Neath, SA11 1RS"
2026-09-29,1991084,Cilfrew Post Office & Ty Coffi Shop,Restaurant/Cafe/Canteen,,10 Main Road,Cilfrew,Neath,SA10 8LP,Neath Port Talbot,5,2026-06-17,FHRS,False,51.6871716,-3.7797064,"10 Main Road, Cilfrew, Neath, SA10 8LP"
2026-09-29,1991100,Darcey's Desserts,Restaurant/Cafe/Canteen,,18 Martyns Avenue,Seven Sisters,Neath,SA10 9DR,Neath Port Talbot,5,2026-06-09,FHRS,False,51.7649221,-3.7153469,"18 Martyns Avenue, Seven Sisters, Neath, SA10 9DR"
2026-09-29,1991098,Davies's Diner,Restaurant/Cafe/Canteen,Ema Evans Business Centre,Alloy Industrial Estate,Pontardawe,Swansea,SA8 4EN,Neath Port Talbot,AwaitingInspection,,FHRS,False,51.7199811,-3.844151,"Ema Evans Business Centre, Alloy Industrial Estate, Pontardawe, Swansea, SA8 4EN"
2026-09-29,1991080,Guerrilla Kitchen,Restaurant/Cafe/Canteen,,85 Pen Y Cae Road,Port Talbot,Neath Port Talbot,SA13 2EN,Neath Port Talbot,5,2026-06-11,FHRS,False,51.5951324,-3.7733216,"85 Pen Y Cae Road, Port Talbot, Neath Port Talbot, SA13 2EN"
2026-09-29,1991079,Haus of Bakes,Restaurant/Cafe/Canteen,Unit 14,Glyncorrwg Workshops,Glyncorrwg,Port Talbot,SA13 3EA,Neath Port Talbot,5,2026-06-19,FHRS,False,51.6743926,-3.6311043,"Unit 14, Glyncorrwg Workshops, Glyncorrwg, Port Talbot, SA13 3EA"
2026-09-29,1991097,Hiraeth,Restaurant/Cafe/Canteen,Plumbwise,Siding Terrace,Skewen,Neath,SA10 6RF,Neath Port Talbot,AwaitingInspection,,FHRS,False,51.659915,-3.8547202,"Plumbwise, Siding Terrace, Skewen, Neath, SA10 6RF"
2026-09-29,1486142,Brew and Belong,Restaurant/Cafe/Canteen,,101 Bath Street,,Ilkeston,DE7 8AP,Erewash,AwaitingInspection,,FHRS,False,52.9750239560209,-1.30918585250476,"101 Bath Street, Ilkeston, DE7 8AP"
2026-09-29,460078,Sugar n Crumb,Restaurant/Cafe/Canteen,,1 Bath Street,,Ilkeston,DE7 8AH,Erewash,AwaitingInspection,,FHRS,False,52.972743,-1.309056,"1 Bath Street, Ilkeston, DE7 8AH"
2026-09-29,1988623,The Site Cafe Ltd,Restaurant/Cafe/Canteen,Pinnacle Storage Park,Cat And Fiddle Lane,,Dale Abbey,DE7 6HE,Erewash,AwaitingInspection,,FHRS,False,52.9615763,-1.3453747,"Pinnacle Storage Park, Cat And Fiddle Lane, Dale Abbey, DE7 6HE"
2026-09-29,1990596,Pastart,Restaurant/Cafe/Canteen,36-37 Station Road,SUDBURY,Suffolk,,CO10 2SS,Babergh,AwaitingInspection,,FHRS,False,52.036888,0.731604,"36-37 Station Road, SUDBURY, Suffolk, CO10 2SS"
2026-09-29,1943606,Subway Walton,Restaurant/Cafe/Canteen,SUBWAY WALTON (And Melt House),44 The Heart,Walton-On-Thames,Surrey,KT12 1GH,Elmbridge,AwaitingInspection,,FHRS,False,51.38574411,-0.42063673,"SUBWAY WALTON (And Melt House), 44 The Heart, Walton-On-Thames, Surrey, KT12 1GH"
2026-09-29,1991732,The Coffee Pot,Restaurant/Cafe/Canteen,The coffee pot,40 High Street,Thames Ditton,Surrey,KT7 0SA,Elmbridge,AwaitingInspection,,FHRS,False,51.3906373,-0.3331667,"The coffee pot, 40 High Street, Thames Ditton, Surrey, KT7 0SA"
2026-09-29,1991735,The George Inn,Restaurant/Cafe/Canteen,The George Inn (Food Business) The George Inn,24 Bridge Street,Walton-On-Thames,Surrey,KT12 1AH,Elmbridge,AwaitingInspection,,FHRS,False,51.3870921,-0.4213254,"The George Inn (Food Business) The George Inn, 24 Bridge Street, Walton-On-Thames, Surrey, KT12 1AH"
2026-09-29,1991051,Bombay to Britain,Restaurant/Cafe/Canteen,Royton Precinct,5 Market Square,Royton,Oldham,OL2 6QS,Oldham,AwaitingInspection,,FHRS,False,53.5659545,-2.1230126,"Royton Precinct, 5 Market Square, Royton, Oldham, OL2 6QS"
2026-09-29,1991056,Oldham University Campus,Restaurant/Cafe/Canteen,Ground Floor Studio Building,University Way,Oldham,,OL1 1BB,Oldham,AwaitingInspection,,FHRS,False,,,"Ground Floor Studio Building, University Way, Oldham, OL1 1BB"
2026-09-29,1991047,TASTE Saddleworth,Restaurant/Cafe/Canteen,,27 King Street,Delph,Oldham,OL3 5DH,Oldham,AwaitingInspection,,FHRS,False,53.568209,-2.0240587,"27 King Street, Delph, Oldham, OL3 5DH"
2026-09-29,1991046,Uppermill Rabbit Hole,Restaurant/Cafe/Canteen,,74/76 HIgh Street,Uppermill,Oldham,OL3 6A,Oldham,AwaitingInspection,,FHRS,False,,,"74/76 HIgh Street, Uppermill, Oldham, OL3 6A"
2026-09-29,1919334,Smokey Joe's Cafe,Restaurant/Cafe/Canteen,1 Windsor Road,Redditch,Worcestershire,,B97 6DJ,Redditch,3,2026-03-10,FHRS,False,52.3126248,-1.9494288,"1 Windsor Road, Redditch, Worcestershire, B97 6DJ"
2026-09-29,1989155,Cafe 51,Restaurant/Cafe/Canteen,,Unit 51,Trinity Enterprise Centre,Furness Business Park,LA14 2PN,Westmorland and Furness,1,2026-08-06,FHRS,False,,,"Unit 51, Trinity Enterprise Centre, Furness Business Park, LA14 2PN"
2026-09-29,1989153,Carriola Deli LTD,Restaurant/Cafe/Canteen,,22 Portland Walk,Barrow-In-Furness,Cumbria,LA14 1DB,Westmorland and Furness,AwaitingInspection,,FHRS,False,54.1132761,-3.2266208,"22 Portland Walk, Barrow-In-Furness, Cumbria, LA14 1DB"
2026-09-29,1989158,Frases Group PLC,Restaurant/Cafe/Canteen,,Everlast Gym,Unit b,Cornmill Park,LA14 2NE,Westmorland and Furness,AwaitingInspection,,FHRS,False,,,"Everlast Gym, Unit b, Cornmill Park, LA14 2NE"
2026-09-29,1989163,Lazy Lemon,Restaurant/Cafe/Canteen,Fab Gym,Hollywood Park,Hindpool Road,Barrow in Furness,LA14 2NA,Westmorland and Furness,AwaitingInspection,,FHRS,False,54.1136948,-3.2383821,"Fab Gym, Hollywood Park, Hindpool Road, Barrow in Furness, LA14 2NA"
2026-09-29,328934,South Windermere Sailing Club,Restaurant/Cafe/Canteen,Directors House,YMCA North Camp,,Lakeside,LA12 8BD,Westmorland and Furness,AwaitingInspection,,FHRS,False,,,"Directors House, YMCA North Camp, Lakeside, LA12 8BD"
2026-09-29,1990796,Aramark @ NRS Sizewell,Restaurant/Cafe/Canteen,Sizewell A,Sizewell Power Station,Sizewell Power Station Road,Sizewell,IP16 4UE,East Suffolk,AwaitingInspection,,FHRS,False,,,"Sizewell A, Sizewell Power Station, Sizewell Power Station Road, Sizewell, IP16 4UE"
2026-09-29,1990092,Crust K,Restaurant/Cafe/Canteen,Visitors Centre Billingham Beck Valley Country Park,By Pass Road,,Billingham,TS23 1PB,Stockton On Tees,AwaitingInspection,,FHRS,False,54.5988998413086,-1.29717302322388,"Visitors Centre Billingham Beck Valley Country Park, By Pass Road, Billingham, TS23 1PB"
2026-09-29,1990746,Amber Cafe,Restaurant/Cafe/Canteen,21 WOKINGHAM ROAD,,READING,,RG6 1LE,Reading,AwaitingInspection,,FHRS,False,51.4517277,-0.9426147,"21 WOKINGHAM ROAD, READING, RG6 1LE"
2026-09-29,1990124,Aperino,Restaurant/Cafe/Canteen,173 FRIAR STREET,,READING,,,Reading,AwaitingInspection,,FHRS,False,51.4561254,-0.9699447,"173 FRIAR STREET, READING"
2026-09-29,1948339,Caprinos Pizza,Restaurant/Cafe/Canteen,93 WOKINGHAM ROAD,,READING,,RG6 1LH,Reading,5,2026-05-13,FHRS,False,51.4485458,-0.9367741,"93 WOKINGHAM ROAD, READING, RG6 1LH"
2026-09-29,1990749,Delish,Restaurant/Cafe/Canteen,KIOSK 2 BROAD STREET MALL BROAD STREET,,READING,,,Reading,AwaitingInspection,,FHRS,False,,,"KIOSK 2 BROAD STREET MALL BROAD STREET, READING"
2026-09-29,1990183,Emmer Green Community Centre,Restaurant/Cafe/Canteen,EMMER GREEN YOUTH & COMMUNITY CENTRE GROVE ROAD,EMMER GREEN,READING,,RG4 8LN,Reading,5,2026-02-25,FHRS,False,,,"EMMER GREEN YOUTH & COMMUNITY CENTRE GROVE ROAD, EMMER GREEN, READING, RG4 8LN"
2026-09-29,280342,Greggs,Restaurant/Cafe/Canteen,10 QUEEN VICTORIA STREET,,READING,,RG1 1TG,Reading,5,2026-05-26,FHRS,False,51.4563941,-0.9718672,"10 QUEEN VICTORIA STREET, READING, RG1 1TG"
2026-09-29,280662,Greggs,Restaurant/Cafe/Canteen,38 MARKET PLACE,,READING,,RG1 2DE,Reading,5,2026-05-27,FHRS,False,51.4555942,-0.9698702,"38 MARKET PLACE, READING, RG1 2DE"
2026-09-29,280989,Greggs at Broad St Mall,Restaurant/Cafe/Canteen,16 BROAD STREET MALL BROAD STREET,,READING,,RG1 7QE,Reading,5,2024-10-25,FHRS,False,51.4549952,-0.9753815,"16 BROAD STREET MALL BROAD STREET, READING, RG1 7QE"
2026-09-29,1706088,Merkur Slots,Restaurant/Cafe/Canteen,105 FRIAR STREET,,READING,,RG1 1EP,Reading,5,2024-07-17,FHRS,False,51.4564351,-0.9751948,"105 FRIAR STREET, READING, RG1 1EP"
2026-09-29,1990101,Nandos,Restaurant/Cafe/Canteen,Nando's Reading Gateway Unit B2 Reading Gate Retail Park Imperial Way,,Reading,,RG2 0GG,Reading,AwaitingInspection,,FHRS,False,,,"Nando's Reading Gateway Unit B2 Reading Gate Retail Park Imperial Way, Reading, RG2 0GG"
2026-09-29,280636,Pau Brasil,Restaurant/Cafe/Canteen,89-91 MOUNT PLEASANT,,READING,,RG1 2TF,Reading,3,2025-10-22,FHRS,False,51.4468278,-0.9658658,"89-91 MOUNT PLEASANT, READING, RG1 2TF"
2026-09-29,1948325,Rap Cafe,Restaurant/Cafe/Canteen,Regus house 200 Brook Drive Green Park,,Reading Berkshire,,,Reading,1,2025-09-12,FHRS,False,,,"Regus house 200 Brook Drive Green Park, Reading Berkshire"
2026-09-29,1990095,Subway,Restaurant/Cafe/Canteen,UNIT 10 BRUNEL RETAIL PARK ROSE KILN LANE,,READING,,RG2 0HS,Reading,5,2025-01-16,FHRS,False,51.435223,-0.973436,"UNIT 10 BRUNEL RETAIL PARK ROSE KILN LANE, READING, RG2 0HS"
2026-09-29,1948494,Taste5,Restaurant/Cafe/Canteen,132 FRIAR STREET,,READING,,RG1 1EP,Reading,5,2026-06-10,FHRS,False,51.4565797,-0.973547,"132 FRIAR STREET, READING, RG1 1EP"
2026-09-29,1990097,The Rising Sun Arts Centre,Restaurant/Cafe/Canteen,RISING SUN ARTS CENTRE 26-30 SILVER STREET,,READING,,RG1 2ST,Reading,Exempt,,FHRS,False,51.4496494,-0.9666798,"RISING SUN ARTS CENTRE 26-30 SILVER STREET, READING, RG1 2ST"
2026-09-29,280536,Tuesday Lunch Club at West Reading Salvation Army,Restaurant/Cafe/Canteen,522 OXFORD ROAD,,READING,,RG30 1EG,Reading,5,2025-10-14,FHRS,False,51.4585995,-1.0023036,"522 OXFORD ROAD, READING, RG30 1EG"
2026-09-29,1990146,Vino Vita,Restaurant/Cafe/Canteen,Minerva House 20 Valpy Street,,Reading UK,,RG1 1AR,Reading,5,2026-05-03,FHRS,False,51.4571491,-0.9687702,"Minerva House 20 Valpy Street, Reading UK, RG1 1AR"
2026-09-29,1035,Belperino Restaurant At The Talbot Hotel,Restaurant/Cafe/Canteen,Bridge Foot Belper Derbyshire,,,,DE56 2UA,Amber Valley,AwaitingInspection,,FHRS,False,53.02998,-1.487192,"Bridge Foot Belper Derbyshire, DE56 2UA"
2026-09-29,1990851,The Chapter House,Restaurant/Cafe/Canteen,Milford Mill The Bridge Milford Belper Derbyshire,,,,DE56 0RR,Amber Valley,AwaitingInspection,,FHRS,False,,,"Milford Mill The Bridge Milford Belper Derbyshire, DE56 0RR"
2026-09-29,1990055,Dawn's Delights Cafe,Restaurant/Cafe/Canteen,Vale View Farm,Nottingham Lane,Old Dalby,Melton Mowbray,LE14 3LX,Melton,AwaitingInspection,,FHRS,True,52.8067006,-1.0117269,"Vale View Farm, Nottingham Lane, Old Dalby, Melton Mowbray, LE14 3LX"
2026-09-29,1584074,Gurkha Express,Restaurant/Cafe/Canteen,58 Nottingham Street,Melton Mowbray,,,LE13 1NW,Melton,1,2026-07-22,FHRS,False,52.765826,-0.887288,"58 Nottingham Street, Melton Mowbray, LE13 1NW"
2026-09-29,1990052,Meltonindoorgolf Ltd,Restaurant/Cafe/Canteen,PGS Minis,Unit C Sub Unit 5C And 5D,Asfordby Business Park,St Bartholomews Way,LE14 3JL,Melton,AwaitingInspection,,FHRS,False,,,"PGS Minis, Unit C Sub Unit 5C And 5D, Asfordby Business Park, St Bartholomews Way, LE14 3JL"
2026-09-29,1099282,Soi Indian Restaurant,Restaurant/Cafe/Canteen,SOI,19 Greenslade,Melton Mowbray,,LE13 1RF,Melton,1,2026-07-22,FHRS,False,52.7659348,-0.8814838,"SOI, 19 Greenslade, Melton Mowbray, LE13 1RF"
2026-09-29,1989456,Lily B's Cafe Wine Bar,Restaurant/Cafe/Canteen,115 - 119 Victoria Road,Darlington,,,DL1 5JH,Darlington,5,2026-09-22,FHRS,False,54.5215016,-1.5501638,"115 - 119 Victoria Road, Darlington, DL1 5JH"
2026-09-29,1990366,Roosters Grill,Restaurant/Cafe/Canteen,8 Market Street,,Bracknell,Bracknell Forest,RG12 1JG,Bracknell Forest,AwaitingInspection,,FHRS,False,51.4155986,-0.7525305,"8 Market Street, Bracknell, Bracknell Forest, RG12 1JG"
2026-09-29,375325,B & M Retail Ltd,Restaurant/Cafe/Canteen,Pool Road,Newtown,Powys,,SY16 3AF,Powys,AwaitingInspection,,FHRS,False,52.51707,-3.302999,"Pool Road, Newtown, Powys, SY16 3AF"
2026-09-29,1988643,Camau Bach Flying Start,Restaurant/Cafe/Canteen,Llanfaes Primary School,Bailihelig Road,Brecon,Powys,LD3 8EB,Powys,AwaitingInspection,,FHRS,False,,,"Llanfaes Primary School, Bailihelig Road, Brecon, Powys, LD3 8EB"
2026-09-29,1988640,Duffs Clubhouse,Restaurant/Cafe/Canteen,Market House,Market Street,Brecon,Powys,LD3 7DA,Powys,5,2026-09-17,FHRS,False,,,"Market House, Market Street, Brecon, Powys, LD3 7DA"
2026-09-29,1991232,Eyre Farms,Restaurant/Cafe/Canteen,Wern Holding,Wern,Pool Quay,Welshpool,SY21 9LH,Powys,AwaitingInspection,,FHRS,False,,,"Wern Holding, Wern, Pool Quay, Welshpool, SY21 9LH"
2026-09-29,504102,Richard Booths Bookshop,Restaurant/Cafe/Canteen,44 Lion Street,Hay-on-Wye,Hereford,,HR3 5AA,Powys,AwaitingInspection,,FHRS,False,52.074829,-3.125054,"44 Lion Street, Hay-on-Wye, Hereford, HR3 5AA"
2026-09-29,1988641,The Kitchen Shelf,Restaurant/Cafe/Canteen,Hay on Wye,Hereford,,,,Powys,AwaitingInspection,,FHRS,False,,,"Hay on Wye, Hereford"
2026-09-29,1990783,The Coney Lounge,Restaurant/Cafe/Canteen,35 Croydon Road,,West Wickham,,BR4 9HZ,Bromley,AwaitingInspection,,FHRS,False,51.3702319,0.0008059,"35 Croydon Road, West Wickham, BR4 9HZ"
2026-09-29,1990627,The Riverbank Inn,Restaurant/Cafe/Canteen,Atlantic Park Way,Bideford,Devon,,EX39 3FR,Torridge,AwaitingInspection,,FHRS,False,51.0096778869629,-4.23968601226807,"Atlantic Park Way, Bideford, Devon, EX39 3FR"
2026-09-29,1989209,Wonky Kettle,Restaurant/Cafe/Canteen,26 Market Place,Ashbourne,Derbyshire,,DE6 1ES,Derbyshire Dales,AwaitingInspection,,FHRS,False,53.0185226,-1.7326019,"26 Market Place, Ashbourne, Derbyshire, DE6 1ES"
2026-09-29,1990232,ISS @ College of Policing,Restaurant/Cafe/Canteen,Collage Of Policing                                                                                  Leamington Road,Ryton-on-dunsmore,,Coventry Warwickshire,CV8 3EN,Rugby,AwaitingInspection,,FHRS,False,,,"Collage Of Policing                                                                                  Leamington Road, Ryton-on-dunsmore, Coventry Warwickshire, CV8 3EN"
2026-09-29,1990222,Premier Inn Rugby North (M6 Jct 1,Restaurant/Cafe/Canteen,Central Park Drive,Rugby,,,CV23 0WE,Rugby,AwaitingInspection,,FHRS,False,,,"Central Park Drive, Rugby, CV23 0WE"
2026-09-29,1990233,Titash Restaurant,Restaurant/Cafe/Canteen,65 Church Street,Rugby,,Warwickshire,CV21 3PT,Rugby,AwaitingInspection,,FHRS,False,52.3728205,-1.260472,"65 Church Street, Rugby, Warwickshire, CV21 3PT"
2026-09-29,1535057,200 Degrees Coffee Shop,Restaurant/Cafe/Canteen,,294 High Street,Lincoln,Lincolnshire,LN2 1AH,Lincoln City,AwaitingInspection,,FHRS,False,53.2293658,-0.5402607,"294 High Street, Lincoln, Lincolnshire, LN2 1AH"
2026-09-29,330593,Food Linc at University of Lincoln,Restaurant/Cafe/Canteen,University of Lincoln Minerva Building,Campus Way,Lincoln,,LN6 7TS,Lincoln City,AwaitingInspection,,FHRS,False,53.2285461425781,-0.548438012599945,"University of Lincoln Minerva Building, Campus Way, Lincoln, LN6 7TS"
2026-09-29,1615256,Pepe's Piri Piri,Restaurant/Cafe/Canteen,,154-155 High Street,Lincoln,Lincolnshire,LN5 7AA,Lincoln City,AwaitingInspection,,FHRS,False,53.2251095,-0.5428621,"154-155 High Street, Lincoln, Lincolnshire, LN5 7AA"
2026-09-29,1968419,Gram spice,Restaurant/Cafe/Canteen,5-7 Headcorn Road,,Biddenden,,TN27 8JA,Ashford,4,2026-08-20,FHRS,False,51.1232334,0.6474878,"5-7 Headcorn Road, Biddenden, TN27 8JA"
2026-09-29,1990332,Woodside Spa,Restaurant/Cafe/Canteen,,,,,,Ashford,AwaitingInspection,,FHRS,False,,,
2026-09-29,1989636,Cosy Cafe,Restaurant/Cafe/Canteen,7B Bullock Fair Close,Harleston,Norfolk,,IP20 9AT,South Norfolk,AwaitingInspection,,FHRS,False,52.403128,1.299704,"7B Bullock Fair Close, Harleston, Norfolk, IP20 9AT"
2026-09-29,1989632,Easton College Corporation ( The Bistro),Restaurant/Cafe/Canteen,Easton College,Bawburgh Road,Easton,Norfolk,NR9 5DX,South Norfolk,AwaitingInspection,,FHRS,False,,,"Easton College, Bawburgh Road, Easton, Norfolk, NR9 5DX"
2026-09-29,1989635,Victoria Bar & Grill,Restaurant/Cafe/Canteen,17 Victoria Road,Diss,Norfolk,,IP22 4GU,South Norfolk,AwaitingInspection,,FHRS,False,52.3697776,1.1242143,"17 Victoria Road, Diss, Norfolk, IP22 4GU"
2026-09-29,1990751,Casa Papi Bramhall,Restaurant/Cafe/Canteen,9 Woodford Road,Bramhall,Stockport,,SK7 1JN,Stockport,AwaitingInspection,,FHRS,False,53.356914,-2.165366,"9 Woodford Road, Bramhall, Stockport, SK7 1JN"
2026-09-29,1990769,Luma Cafe,Restaurant/Cafe/Canteen,48A Station Road,Cheadle Hulme,Cheadle,,,Stockport,AwaitingInspection,,FHRS,False,53.3738887,-2.1862784,"48A Station Road, Cheadle Hulme, Cheadle"
2026-09-29,1990774,Poke Bowl,Restaurant/Cafe/Canteen,32A Stockport Road,Cheadle,,,SK8 2AA,Stockport,AwaitingInspection,,FHRS,False,53.3948983,-2.2108461,"32A Stockport Road, Cheadle, SK8 2AA"
2026-09-29,1990752,"St James Church, Gatley",Restaurant/Cafe/Canteen,St James Church,Gatley Green,Gatley,Cheadle,SK8 4NF,Stockport,AwaitingInspection,,FHRS,False,53.3910749,-2.237192,"St James Church, Gatley Green, Gatley, Cheadle, SK8 4NF"
2026-09-29,1991790,The Leaky Cask,Restaurant/Cafe/Canteen,2 COUNCIL COTTAGES,BURNSIDE ROAD,,PITLOCHRY,PH16 5BP,Perth and Kinross,Awaiting Inspection,2026-09-23,FHIS,False,56.7017103,-3.735303,"2 COUNCIL COTTAGES, BURNSIDE ROAD, PITLOCHRY, PH16 5BP"
2026-09-29,1991356,Casa Tacos,Restaurant/Cafe/Canteen,1 St John Street,,Mansfield,Nottinghamshire,NG18 1QH,Mansfield,AwaitingInspection,,FHRS,False,53.1466746,-1.1996777,"1 St John Street, Mansfield, Nottinghamshire, NG18 1QH"
2026-09-29,1991359,Kingsmill Way Kitchen,Restaurant/Cafe/Canteen,1 Kings Mill Way,,Mansfield,Nottinghamshire,NG18 5ER,Mansfield,AwaitingInspection,,FHRS,False,53.1308681,-1.2194757,"1 Kings Mill Way, Mansfield, Nottinghamshire, NG18 5ER"
2026-09-29,1991360,Padel Up - Mansfield,Restaurant/Cafe/Canteen,Unit 1 Queens Court Fletchers Way,,Forest Town,Nottinghamshire,NG19 0FN,Mansfield,AwaitingInspection,,FHRS,False,53.1486598,-1.1488779,"Unit 1 Queens Court Fletchers Way, Forest Town, Nottinghamshire, NG19 0FN"
2026-09-29,1991357,Starbucks,Restaurant/Cafe/Canteen,Floors 2 Go Ratcliffe Gate,,Mansfield,Nottinghamshire,NG18 2JL,Mansfield,AwaitingInspection,,FHRS,False,53.1429426,-1.1914646,"Floors 2 Go Ratcliffe Gate, Mansfield, Nottinghamshire, NG18 2JL"
2026-09-29,1991369,Starbucks,Restaurant/Cafe/Canteen,Unit 3 Shire Avenue,,Mansfield,Nottinghamshire,NG18 4GR,Mansfield,AwaitingInspection,,FHRS,False,53.1205844,-1.1684728,"Unit 3 Shire Avenue, Mansfield, Nottinghamshire, NG18 4GR"
2026-09-29,1991096,Arthur Chapman,Restaurant/Cafe/Canteen,,40 Windsor Road,,Neath,SA11 1LU,Castell-nedd Port Talbot,AwaitingInspection,,FHRS,False,51.6608161,-3.8067243,"40 Windsor Road, Neath, SA11 1LU"
2026-09-29,1991093,Busk and Brew,Restaurant/Cafe/Canteen,,14 Angel Street,,Neath,SA11 1RS,Castell-nedd Port Talbot,AwaitingInspection,,FHRS,False,51.6641453,-3.8056557,"14 Angel Street, Neath, SA11 1RS"
2026-09-29,1991084,Cilfrew Post Office & Ty Coffi Shop,Restaurant/Cafe/Canteen,,10 Main Road,Cilfrew,Neath,SA10 8LP,Castell-nedd Port Talbot,5,2026-06-17,FHRS,False,51.6871716,-3.7797064,"10 Main Road, Cilfrew, Neath, SA10 8LP"
2026-09-29,1991100,Darcey's Desserts,Restaurant/Cafe/Canteen,,18 Martyns Avenue,Seven Sisters,Neath,SA10 9DR,Castell-nedd Port Talbot,5,2026-06-09,FHRS,False,51.7649221,-3.7153469,"18 Martyns Avenue, Seven Sisters, Neath, SA10 9DR"
2026-09-29,1991098,Davies's Diner,Restaurant/Cafe/Canteen,Ema Evans Business Centre,Alloy Industrial Estate,Pontardawe,Swansea,SA8 4EN,Castell-nedd Port Talbot,AwaitingInspection,,FHRS,False,51.7199811,-3.844151,"Ema Evans Business Centre, Alloy Industrial Estate, Pontardawe, Swansea, SA8 4EN"
2026-09-29,1991080,Guerrilla Kitchen,Restaurant/Cafe/Canteen,,85 Pen Y Cae Road,Port Talbot,Neath Port Talbot,SA13 2EN,Castell-nedd Port Talbot,5,2026-06-11,FHRS,False,51.5951324,-3.7733216,"85 Pen Y Cae Road, Port Talbot, Neath Port Talbot, SA13 2EN"
2026-09-29,1991079,Haus of Bakes,Restaurant/Cafe/Canteen,Unit 14,Glyncorrwg Workshops,Glyncorrwg,Port Talbot,SA13 3EA,Castell-nedd Port Talbot,5,2026-06-19,FHRS,False,51.6743926,-3.6311043,"Unit 14, Glyncorrwg Workshops, Glyncorrwg, Port Talbot, SA13 3EA"
2026-09-29,1991097,Hiraeth,Restaurant/Cafe/Canteen,Plumbwise,Siding Terrace,Skewen,Neath,SA10 6RF,Castell-nedd Port Talbot,AwaitingInspection,,FHRS,False,51.659915,-3.8547202,"Plumbwise, Siding Terrace, Skewen, Neath, SA10 6RF"
2026-09-29,1989256,CO-OP- Canteen,Restaurant/Cafe/Canteen,Unit B,Farmwell Lane,South Normanton,Alfreton,DE55 2JX,Bolsover,AwaitingInspection,,FHRS,False,53.103012,-1.317919,"Unit B, Farmwell Lane, South Normanton, Alfreton, DE55 2JX"
2026-09-29,1990238,Chilos Burgers,Restaurant/Cafe/Canteen,Chilos Burgers,2 Stoneyhill Avenue,Kilmarnock,East Ayrshire,KA1 4JE,East Ayrshire,Awaiting Inspection,2026-08-27,FHIS,False,55.5919562,-4.5007953,"Chilos Burgers, 2 Stoneyhill Avenue, Kilmarnock, East Ayrshire, KA1 4JE"
2026-09-29,1990237,Dream Cake,Restaurant/Cafe/Canteen,Dream Cake,17 Standalane,Stewarton,Kilmarnock,KA3 3AW,East Ayrshire,Awaiting Inspection,2026-09-03,FHIS,False,55.6800385,-4.5197723,"Dream Cake, 17 Standalane, Stewarton, Kilmarnock, KA3 3AW"
2026-09-29,1990239,Fish Box,Restaurant/Cafe/Canteen,Fish Box,3 High Main Street,Dalmellington,Ayr,KA6 7QN,East Ayrshire,Improvement Required,2026-08-26,FHIS,False,55.3234769,-4.3967483,"Fish Box, 3 High Main Street, Dalmellington, Ayr, KA6 7QN"
2026-09-29,1989775,Platinum Catering,Restaurant/Cafe/Canteen,Corfe Mullen,,Wimborne,,BH21 3HQ,Dorset,AwaitingInspection,,FHRS,False,,,"Corfe Mullen, Wimborne, BH21 3HQ"
2026-09-29,1989200,Jacketinn,Restaurant/Cafe/Canteen,408 Corporation Road,Newport,South Wales,,NP19 0GA,Newport,AwaitingInspection,,FHRS,False,51.5825524,-2.9745056,"408 Corporation Road, Newport, South Wales, NP19 0GA"
2026-09-29,1989203,The Hwb,Restaurant/Cafe/Canteen,Duffryn Community Centre,Duffryn Shopping Centre,Tredegar House Drive,Newport,NP10 8TE,Newport,AwaitingInspection,,FHRS,False,51.560375,-3.0262025,"Duffryn Community Centre, Duffryn Shopping Centre, Tredegar House Drive, Newport, NP10 8TE"
2026-09-29,1984991,Jean's Cafe,Restaurant/Cafe/Canteen,Jeans,395 Bilston Road,Wolverhampton,West Midlands,WV2 2NN,Wolverhampton,AwaitingInspection,,FHRS,True,52.573167,-2.0978563,"Jeans, 395 Bilston Road, Wolverhampton, West Midlands, WV2 2NN"
2026-09-29,1989420,Wolverhampton Students Union,Restaurant/Cafe/Canteen,University Of Wolverhampton,Wulfruna Street,Wolverhampton,West Midlands,WV1 1RY,Wolverhampton,AwaitingInspection,,FHRS,False,52.5881817,-2.1284537,"University Of Wolverhampton, Wulfruna Street, Wolverhampton, West Midlands, WV1 1RY"
2026-09-29,1989327,Gamba's,Restaurant/Cafe/Canteen,,4-5 Beach Road,Gorleston,Great Yarmouth,NR31 6BH,Great Yarmouth,AwaitingInspection,,FHRS,True,52.573625,1.730626,"4-5 Beach Road, Gorleston, Great Yarmouth, NR31 6BH"
2026-09-29,1991854,Haven Bridge Coffee,Restaurant/Cafe/Canteen,,Havenbridge House North Quay,Great Yarmouth,Norfolk,NR30 1HZ,Great Yarmouth,AwaitingInspection,,FHRS,False,52.6078253,1.7219288,"Havenbridge House North Quay, Great Yarmouth, Norfolk, NR30 1HZ"
2026-09-29,1991841,Josh's Place,Restaurant/Cafe/Canteen,,24 Regent Road,Great Yarmouth,Norfolk,NR30 2AF,Great Yarmouth,AwaitingInspection,,FHRS,False,52.607488,1.730418,"24 Regent Road, Great Yarmouth, Norfolk, NR30 2AF"
2026-09-29,1991855,Oasis Cafe,Restaurant/Cafe/Canteen,,California Sands Estate California Road,California,Great Yarmouth Norfolk,NR29 3QL,Great Yarmouth,AwaitingInspection,,FHRS,False,52.6742313,1.7143181,"California Sands Estate California Road, California, Great Yarmouth Norfolk, NR29 3QL"
2026-09-29,1991842,Starbucks,Restaurant/Cafe/Canteen,,Unit 5 Woodfarm Lane,Bradwell,Great Yarmouth Norfolk,NR31 9YN,Great Yarmouth,AwaitingInspection,,FHRS,False,52.565997,1.699804,"Unit 5 Woodfarm Lane, Bradwell, Great Yarmouth Norfolk, NR31 9YN"
2026-09-29,1991843,The Lazy Grazer Café,Restaurant/Cafe/Canteen,,Shop 2 53 High Street,Caister-On-Sea,Great Yarmouth Norfolk,NR30 5AD,Great Yarmouth,AwaitingInspection,,FHRS,False,52.6480868,1.7259354,"Shop 2 53 High Street, Caister-On-Sea, Great Yarmouth Norfolk, NR30 5AD"
2026-09-29,1991680,Bells buffets and catering,Restaurant/Cafe/Canteen,,,,,,Bristol,AwaitingInspection,,FHRS,False,,,
2026-09-29,1989855,Casa Latina 1,Restaurant/Cafe/Canteen,White Harte,54-58 Park Row,City Centre,Bristol,BS1 5LH,Bristol,AwaitingInspection,,FHRS,False,51.455293,-2.602576,"White Harte, 54-58 Park Row, City Centre, Bristol, BS1 5LH"
2026-09-29,1991687,DALLAS CHICKEN & PIZZA,Restaurant/Cafe/Canteen,,200 Bloomfield Road,Brislington,Bristol,BS4 3QU,Bristol,AwaitingInspection,,FHRS,False,51.445915,-2.551342,"200 Bloomfield Road, Brislington, Bristol, BS4 3QU"
2026-09-29,1991696,DR FOODS,Restaurant/Cafe/Canteen,,,,,,Bristol,AwaitingInspection,,FHRS,False,,,
2026-09-29,1991685,Gigi's Pop Up,Restaurant/Cafe/Canteen,,130-132 Cheltenham Road,Montpelier,Bristol,BS6 5RW,Bristol,AwaitingInspection,,FHRS,False,51.464745,-2.589687,"130-132 Cheltenham Road, Montpelier, Bristol, BS6 5RW"
2026-09-29,1989849,HotBox Social Ltd,Restaurant/Cafe/Canteen,Old Jail,Willway Street,Bedminster,Bristol,BS3 4BG,Bristol,AwaitingInspection,,FHRS,False,,,"Old Jail, Willway Street, Bedminster, Bristol, BS3 4BG"
2026-09-29,1989848,Loyied's Bakers,Restaurant/Cafe/Canteen,,189 Wordsworth Road,Horfield,Bristol,BS7 0EH,Bristol,AwaitingInspection,,FHRS,False,51.4948816,-2.5702305,"189 Wordsworth Road, Horfield, Bristol, BS7 0EH"
2026-09-29,1989847,Moyse's Mushrooms,Restaurant/Cafe/Canteen,,,,,,Bristol,AwaitingInspection,,FHRS,False,,,
2026-09-29,1991684,Nia Evans,Restaurant/Cafe/Canteen,,,,,,Bristol,AwaitingInspection,,FHRS,False,,,
2026-09-29,1991695,Ochi Eats,Restaurant/Cafe/Canteen,,,,,,Bristol,AwaitingInspection,,FHRS,False,,,
2026-09-29,1991679,PASHA LOUNGE,Restaurant/Cafe/Canteen,,408 Gloucester Road,Horfield,Bristol,BS7 8TR,Bristol,AwaitingInspection,,FHRS,False,51.484128,-2.586856,"408 Gloucester Road, Horfield, Bristol, BS7 8TR"
2026-09-29,1989854,Pizza Vero,Restaurant/Cafe/Canteen,,266 Charlton Road,St George,Bristol,BS15 1LS,Bristol,AwaitingInspection,,FHRS,False,51.470172,-2.520191,"266 Charlton Road, St George, Bristol, BS15 1LS"
2026-09-29,1991690,Red Tiger,Restaurant/Cafe/Canteen,,15 St Georges Road,City Centre,Bristol,BS1 5UU,Bristol,AwaitingInspection,,FHRS,False,51.452337,-2.603847,"15 St Georges Road, City Centre, Bristol, BS1 5UU"
2026-09-29,1991689,Saada's Kitchen,Restaurant/Cafe/Canteen,,182 Avonvale Road,Redfield,Bristol,BS5 9SX,Bristol,AwaitingInspection,,FHRS,False,51.454947,-2.561756,"182 Avonvale Road, Redfield, Bristol, BS5 9SX"
2026-09-29,1989851,South West Larder,Restaurant/Cafe/Canteen,Balfour Beatty,Royal Edward Dock,Avonmouth,Bristol,BS11 9BT,Bristol,AwaitingInspection,,FHRS,False,,,"Balfour Beatty, Royal Edward Dock, Avonmouth, Bristol, BS11 9BT"
2026-09-29,1991697,Sunday House Bakery,Restaurant/Cafe/Canteen,,,,,,Bristol,AwaitingInspection,,FHRS,False,,,
2026-09-29,1991629,On The Trot,Restaurant/Cafe/Canteen,Vaperbar Chelmsford,190A Moulsham Street,Chelmsford,,CM2 0LG,Chelmsford,AwaitingInspection,,FHRS,False,51.7300109863281,0.4721519947052,"Vaperbar Chelmsford, 190A Moulsham Street, Chelmsford, CM2 0LG"
2026-09-29,1989802,The Box,Restaurant/Cafe/Canteen,Lodge Farm,Old Church Road,East Hanningfield,Chelmsford,CM3 8BH,Chelmsford,AwaitingInspection,,FHRS,False,51.6661514,0.5496987,"Lodge Farm, Old Church Road, East Hanningfield, Chelmsford, CM3 8BH"
2026-09-29,1989807,The Naughty Slice By Lauren,Restaurant/Cafe/Canteen,,,,,,Chelmsford,AwaitingInspection,,FHRS,False,,,
2026-09-29,1989334,Bangkok Thai food (PJJ),Restaurant/Cafe/Canteen,The Gate Gate Lane,,Nether Whitacre,Warwickshire,B46 2DS,North Warwickshire,5,2026-09-16,FHRS,False,52.5310798,-1.6614606,"The Gate Gate Lane, Nether Whitacre, Warwickshire, B46 2DS"
2026-09-29,1989022,Shadwell Shoot Beaters Hut,Restaurant/Cafe/Canteen,Forest Lodge Thetford Road,,Brettenham,Norfolk,IP24 2SL,Breckland,AwaitingInspection,,FHRS,False,52.4070957,0.7978596,"Forest Lodge Thetford Road, Brettenham, Norfolk, IP24 2SL"
2026-09-29,1989304,Bolla,Restaurant/Cafe/Canteen,The Hideaway,Fore Street,Porthleven,Helston,TR13 9HJ,Cornwall,4,2026-09-03,FHRS,False,50.0854277,-5.3156852,"The Hideaway, Fore Street, Porthleven, Helston, TR13 9HJ"
2026-09-29,1987105,Coriander Indian Restaurant Limited,Restaurant/Cafe/Canteen,Unit 3,Jacquemand Industrial Estate,New Portreath Road,Redruth,TR16 4QL,Cornwall,1,2026-09-07,FHRS,False,50.259891,-5.255508,"Unit 3, Jacquemand Industrial Estate, New Portreath Road, Redruth, TR16 4QL"
2026-09-29,1950485,Favorita,Restaurant/Cafe/Canteen,58 The Strand,Newlyn,Penzance,Cornwall,TR18 5HW,Cornwall,5,2026-09-17,FHRS,False,50.105623,-5.54955,"58 The Strand, Newlyn, Penzance, Cornwall, TR18 5HW"
2026-09-29,1911969,Honey Salt Limited,Restaurant/Cafe/Canteen,1 Surfside Stores,Mawgan Porth Hill,Mawgan Porth,Newquay,TR8 4BA,Cornwall,5,2026-09-21,FHRS,False,50.4649856,-5.0303715,"1 Surfside Stores, Mawgan Porth Hill, Mawgan Porth, Newquay, TR8 4BA"
2026-09-29,1957081,Pizza Plz,Restaurant/Cafe/Canteen,41 Market Jew Street,Penzance,Cornwall,,TR18 2HX,Cornwall,AwaitingInspection,,FHRS,False,50.1209549,-5.5341223,"41 Market Jew Street, Penzance, Cornwall, TR18 2HX"
2026-09-29,1983102,Putting On The Ritz,Restaurant/Cafe/Canteen,11 - 12 Market House Arcade,Market Street,Launceston,Cornwall,PL15 8EP,Cornwall,5,2026-09-02,FHRS,False,50.6374074,-4.3596181,"11 - 12 Market House Arcade, Market Street, Launceston, Cornwall, PL15 8EP"
2026-09-29,1989309,Rogue Food,Restaurant/Cafe/Canteen,Seaview Holiday Park,Sennen,Penzance,Cornwall,TR19 7AD,Cornwall,5,2026-09-16,FHRS,False,50.071472,-5.694653,"Seaview Holiday Park, Sennen, Penzance, Cornwall, TR19 7AD"
2026-09-29,1969895,The Mason Jar Coffee House,Restaurant/Cafe/Canteen,Unit 2,Chi Galahad,Stret Galahad,Nansledan,TR8 4TN,Cornwall,AwaitingInspection,,FHRS,True,50.4133454,-5.0425979,"Unit 2, Chi Galahad, Stret Galahad, Nansledan, TR8 4TN"
2026-09-29,1974284,Upalong Kitchen,Restaurant/Cafe/Canteen,Ventnor Terrace,St Ives,Cornwall,,TR26 1DY,Cornwall,5,2026-09-14,FHRS,False,50.212659,-5.485658,"Ventnor Terrace, St Ives, Cornwall, TR26 1DY"
2026-09-29,1983845,Farm Scape Cafe,Restaurant/Cafe/Canteen,Rollestone Farm,Pennsylvania Road,Exeter,,EX4 5BJ,Exeter City,AwaitingInspection,,FHRS,False,50.7484613,-3.5175234,"Rollestone Farm, Pennsylvania Road, Exeter, EX4 5BJ"
2026-09-29,1983847,Slazenger Padel,Restaurant/Cafe/Canteen,Unit 1 Haven Banks,Water Lane,Exeter,,EX2 8BY,Exeter City,AwaitingInspection,,FHRS,False,50.7159933,-3.5312981,"Unit 1 Haven Banks, Water Lane, Exeter, EX2 8BY"
2026-09-29,1983846,The Garden House,Restaurant/Cafe/Canteen,87 Fore Street,Exeter,,,EX4 3HX,Exeter City,AwaitingInspection,,FHRS,False,50.7219601,-3.5330587,"87 Fore Street, Exeter, EX4 3HX"
2026-09-29,1991461,Fodder Barn,Restaurant/Cafe/Canteen,Dunnington Lodge,Elvington Lane,Dunnington,York,YO19 5LT,York,AwaitingInspection,,FHRS,False,53.935651,-0.980536,"Dunnington Lodge, Elvington Lane, Dunnington, York, YO19 5LT"
2026-09-29,1989176,Aha,Restaurant/Cafe/Canteen,70 The Galleria,Comet Way,Hatfield,Hertfordshire,AL10 0XY,Welwyn Hatfield,AwaitingInspection,,FHRS,False,51.761357,-0.240393,"70 The Galleria, Comet Way, Hatfield, Hertfordshire, AL10 0XY"
2026-09-29,1989181,Aramark @ University of Herts  Subway,Restaurant/Cafe/Canteen,University of Hertfordshire,College Lane,Hatfield,Hertfordshire,AL10 9AB,Welwyn Hatfield,AwaitingInspection,,FHRS,False,51.752886,-0.242186,"University of Hertfordshire, College Lane, Hatfield, Hertfordshire, AL10 9AB"
2026-09-29,1989173,Yetz Cafe,Restaurant/Cafe/Canteen,Ponsbourne Park,Newgate Street,Hertford,Hertfordshire,SG13 8QT,Welwyn Hatfield,AwaitingInspection,,FHRS,False,51.7295183,-0.1139741,"Ponsbourne Park, Newgate Street, Hertford, Hertfordshire, SG13 8QT"
2026-09-29,1990791,Magno Express Ltd,Restaurant/Cafe/Canteen,The Puffin Building,Fair Isle,Shetland,,ZE2 9JU,Shetland Islands,Awaiting Inspection,,FHIS,False,,,"The Puffin Building, Fair Isle, Shetland, ZE2 9JU"
2026-09-29,1991280,Coffee + Munch,Restaurant/Cafe/Canteen,25 Harvey Centre,Harvey Centre Approach,Harlow,Essex,CM20 1XW,Harlow,AwaitingInspection,,FHRS,False,51.7689612,0.0930271,"25 Harvey Centre, Harvey Centre Approach, Harlow, Essex, CM20 1XW"
2026-09-29,1991287,Marina Fish Bar,Restaurant/Cafe/Canteen,Garden Terrace Road,Harlow,Essex,,CM17 0AT,Harlow,AwaitingInspection,,FHRS,False,51.784511,0.134788,"Garden Terrace Road, Harlow, Essex, CM17 0AT"
2026-09-29,1991291,Zenz,Restaurant/Cafe/Canteen,Station Road,Harlow,Essex,,CM17 0AP,Harlow,5,2026-09-22,FHRS,False,,,"Station Road, Harlow, Essex, CM17 0AP"
2026-09-29,1991195,Pizzeria,Restaurant/Cafe/Canteen,1 Baragh Road,Bellanamallard,Ballinamallard,Fermanagh,BT94 2NY,Fermanagh and Omagh,3,2026-08-24,FHRS,False,54.423809,-7.597096,"1 Baragh Road, Bellanamallard, Ballinamallard, Fermanagh, BT94 2NY"
2026-09-29,1991202,The Sandwich Co (Omagh),Restaurant/Cafe/Canteen,50 Market Street,,Omagh,,BT78 1EH,Fermanagh and Omagh,AwaitingInspection,,FHRS,False,54.6003907,-7.2989415,"50 Market Street, Omagh, BT78 1EH"
2026-09-29,1989115,Mother Hens Cafe and Tearooms,Restaurant/Cafe/Canteen,,10 South Street,,,NG15 7BS,Ashfield,AwaitingInspection,,FHRS,False,53.038366,-1.205623,"10 South Street, NG15 7BS"
2026-09-29,1989118,Nad's Coffee and Cake,Restaurant/Cafe/Canteen,,32a Annesley Road,,,NG15 7AB,Ashfield,AwaitingInspection,,FHRS,False,53.0402634,-1.206883,"32a Annesley Road, NG15 7AB"
2026-09-29,1989121,PrepPots,Restaurant/Cafe/Canteen,,146 Forest Road,,,NG17 9HH,Ashfield,AwaitingInspection,,FHRS,False,53.077032,-1.253351,"146 Forest Road, NG17 9HH"
2026-09-29,1991118,New College Lanarkshire (Food Court),Restaurant/Cafe/Canteen,1 Enterprise Way,,,,ML1 2TX,North Lanarkshire,Pass,2026-09-17,FHIS,False,55.784098,-3.966845,"1 Enterprise Way, ML1 2TX"
2026-09-29,1991115,Ravenscraig Regional Sports Facility,Restaurant/Cafe/Canteen,Ravenscraig Sports Facility,1 O'donnell Way,Motherwell,North Lanarkshire,ML1 2TZ,North Lanarkshire,Pass,2026-09-17,FHIS,False,55.792075,-3.964232,"Ravenscraig Sports Facility, 1 O'donnell Way, Motherwell, North Lanarkshire, ML1 2TZ"
2026-09-29,1991116,Tutti Frutti,Restaurant/Cafe/Canteen,138b Manse Road,Newmains,North Lanarkshire,,ML2 9BD,North Lanarkshire,Awaiting Inspection,,FHIS,False,55.782115,-3.8833446,"138b Manse Road, Newmains, North Lanarkshire, ML2 9BD"
2026-09-29,1990456,Babaji Restaurant Limited,Restaurant/Cafe/Canteen,Babaji,9 Mary Street,Sunderland,,SR1 3NH,Sunderland,AwaitingInspection,,FHRS,False,54.902884,-1.3877046,"Babaji, 9 Mary Street, Sunderland, SR1 3NH"
2026-09-29,1990466,Chang'an Xi'An Kitchen,Restaurant/Cafe/Canteen,29 Crowtree Road,Sunderland,,,SR1 3JU,Sunderland,AwaitingInspection,,FHRS,False,54.90496,-1.385942,"29 Crowtree Road, Sunderland, SR1 3JU"
2026-09-29,1990444,Crave.Sea,Restaurant/Cafe/Canteen,2A Sea Road,Sunderland,,,SR6 9BX,Sunderland,AwaitingInspection,,FHRS,False,54.9297019,-1.3814379,"2A Sea Road, Sunderland, SR6 9BX"
2026-09-29,1990474,Greggs,Restaurant/Cafe/Canteen,15 Westbourne Terrace,Houghton-le-Spring,,,DH4 4QT,Sunderland,AwaitingInspection,,FHRS,False,54.86748,-1.4957661,"15 Westbourne Terrace, Houghton-le-Spring, DH4 4QT"
2026-09-29,1990452,Pizza Garden (N.E) Ltd,Restaurant/Cafe/Canteen,The Green Tea Room And Florist,The Green,Washington Village,Washington,NE38 7AB,Sunderland,5,2026-09-03,FHRS,False,54.9036155,-1.5182703,"The Green Tea Room And Florist, The Green, Washington Village, Washington, NE38 7AB"
2026-09-29,1884386,The Green House Coffee Shop,Restaurant/Cafe/Canteen,29 The Green,Thringstone,Coalville,Leicestershire,LE67 8NR,North West Leicestershire,5,2026-05-08,FHRS,False,52.7509801,-1.3688736,"29 The Green, Thringstone, Coalville, Leicestershire, LE67 8NR"
2026-09-29,1991774,@NG7 University of Nottingham,Restaurant/Cafe/Canteen,Portland Building University Of Nottingham,University Boulevard,,Nottingham,NG7 2RD,Nottingham City,AwaitingInspection,,FHRS,False,52.938779,-1.201272,"Portland Building University Of Nottingham, University Boulevard, Nottingham, NG7 2RD"
2026-09-29,1991784,Thai Express,Restaurant/Cafe/Canteen,1st floor Clocktower Restaurants Victoria Centre,,,Nottingham,NG1 3QN,Nottingham City,AwaitingInspection,,FHRS,False,,,"1st floor Clocktower Restaurants Victoria Centre, Nottingham, NG1 3QN"
2026-09-29,1988697,Taj Tandoori,Restaurant/Cafe/Canteen,110 London Road,Dunton Green,Kent,,TN13 2UT,Sevenoaks,AwaitingInspection,,FHRS,False,51.2943151,0.1668607,"110 London Road, Dunton Green, Kent, TN13 2UT"
2026-09-29,1989843,Bus Stop Coffee,Restaurant/Cafe/Canteen,16 Blaby Road,Wigston,Leicestershire,,LE18 4SB,Oadby and Wigston,AwaitingInspection,,FHRS,False,52.57988,-1.13458,"16 Blaby Road, Wigston, Leicestershire, LE18 4SB"
2026-09-29,1990046,KrazyHorse,Restaurant/Cafe/Canteen,Krazy Horse Cafe,3 Lamdin Road,Bury St Edmunds,Suffolk,IP32 6NU,West Suffolk,1,2026-07-15,FHRS,False,52.2682867,0.705368,"Krazy Horse Cafe, 3 Lamdin Road, Bury St Edmunds, Suffolk, IP32 6NU"
2026-09-29,1991993,FLINT Restaurant,Restaurant/Cafe/Canteen,35 Ilsham Road Torquay,,,,TQ1 2JG,Torbay,AwaitingInspection,,FHRS,False,,,"35 Ilsham Road Torquay, TQ1 2JG"
2026-09-29,1990586,Lulu's Coffee House,Restaurant/Cafe/Canteen,44 High Street,Carisbrooke,Newport,Isle Of Wight,PO30 1NR,Isle of Wight,AwaitingInspection,,FHRS,False,50.6916160583496,-1.31211698055267,"44 High Street, Carisbrooke, Newport, Isle Of Wight, PO30 1NR"
2026-09-29,1990585,Mr Isles Book Cafe,Restaurant/Cafe/Canteen,31 High Street,Ventnor,Isle Of Wight,,PO38 1RZ,Isle of Wight,AwaitingInspection,,FHRS,False,50.5954742431641,-1.20482802391052,"31 High Street, Ventnor, Isle Of Wight, PO38 1RZ"
2026-09-29,1989638,OCJFC Cafe,Restaurant/Cafe/Canteen,Old Catton Junior Football Club,Lavare Park,Buxton Road,Old Catton,NR6 7GD,Broadland,AwaitingInspection,,FHRS,False,52.6697686,1.310475,"Old Catton Junior Football Club, Lavare Park, Buxton Road, Old Catton, NR6 7GD"
2026-09-29,1990013,The Little Cafe At Home Farm,Restaurant/Cafe/Canteen,Home Farm,Norwich Road,Marsham,Norfolk,NR10 5PQ,Broadland,AwaitingInspection,,FHRS,False,52.7602894,1.2569428,"Home Farm, Norwich Road, Marsham, Norfolk, NR10 5PQ"
2026-09-29,1990854,Mr Pizza,Restaurant/Cafe/Canteen,,304 Normanton Road,Derby,,DE23 6WE,Derby City,AwaitingInspection,,FHRS,False,52.909701,-1.478694,"304 Normanton Road, Derby, DE23 6WE"
2026-09-29,1991185,Casa Ursului Restaurant,Restaurant/Cafe/Canteen,58A BANK PARADE,,BURNLEY,,BB11 1TS,Burnley,AwaitingInspection,,FHRS,False,53.7920673,-2.241229,"58A BANK PARADE, BURNLEY, BB11 1TS"
2026-09-29,1988714,Krasi's Eatery,Restaurant/Cafe/Canteen,40 The Strand,Exmouth,,,EX8 1AH,East Devon,AwaitingInspection,,FHRS,False,50.618781,-3.414289,"40 The Strand, Exmouth, EX8 1AH"
2026-09-29,1990605,Age UK Wiltshire,Restaurant/Cafe/Canteen,Unit 7,Callenders,Bridgemead,Swindon,SN5 7YW,Swindon,AwaitingInspection,,FHRS,False,51.55956057,-1.80782748,"Unit 7, Callenders, Bridgemead, Swindon, SN5 7YW"
2026-09-29,1990618,Jenny's Kitchen,Restaurant/Cafe/Canteen,104 Broad Street,Swindon,,,SN1 2DT,Swindon,AwaitingInspection,,FHRS,True,51.5643503,-1.7771661,"104 Broad Street, Swindon, SN1 2DT"
2026-09-29,1990606,Los Gatos,Restaurant/Cafe/Canteen,1 - 3 Devizes Road,Old Town,Swindon,,SN1 4BJ,Swindon,5,2026-09-09,FHRS,False,51.5522291,-1.7768218,"1 - 3 Devizes Road, Old Town, Swindon, SN1 4BJ"
2026-09-29,1990612,Padel Nova Limited,Restaurant/Cafe/Canteen,Unit G2,Rivermead Drive,Rivermead Industrial Estate,Swindon,SN5 7EX,Swindon,AwaitingInspection,,FHRS,False,51.568289,-1.8219266,"Unit G2, Rivermead Drive, Rivermead Industrial Estate, Swindon, SN5 7EX"
2026-09-29,1990621,Wiltshire Darts House Ltd,Restaurant/Cafe/Canteen,Unit 5,Unit 4 To 6,Faraday Road,Dorcan,,Swindon,AwaitingInspection,,FHRS,False,51.5575675,-1.7205114,"Unit 5, Unit 4 To 6, Faraday Road, Dorcan"
2026-09-29,1992040,cafe@35,Restaurant/Cafe/Canteen,35 Ock Street,,Abingdon,,OX14 5AG,Vale of White Horse,AwaitingInspection,,FHRS,False,,,"35 Ock Street, Abingdon, OX14 5AG"
2026-09-29,238098,The Avenue Hotel,Restaurant/Cafe/Canteen,,32-34 Avenue Road,Grantham,Lincolnshire,NG31 6TH,South Kesteven,5,2026-09-18,FHRS,False,52.911197,-0.6390638,"32-34 Avenue Road, Grantham, Lincolnshire, NG31 6TH"
2026-09-29,1991922,Tom’s Burgers,Restaurant/Cafe/Canteen,17 Windsor Lofts Windsor Road,,Penarth,Vale Of Glamorgan,CF64 1JW,Vale of Glamorgan,AwaitingInspection,,FHRS,False,51.439131,-3.1737989,"17 Windsor Lofts Windsor Road, Penarth, Vale Of Glamorgan, CF64 1JW"
2026-09-29,1990418,Saucy Griller,Restaurant/Cafe/Canteen,9 The Precinct,High Street,Portishead,,BS20 6AH,North Somerset,AwaitingInspection,,FHRS,False,51.4842686,-2.7677021,"9 The Precinct, High Street, Portishead, BS20 6AH"
2026-09-29,1990794,The Little Kitchen,Restaurant/Cafe/Canteen,,,,,,Solihull,AwaitingInspection,,FHRS,False,,,
2026-09-29,1992499,AL KHARTOUM CAFÉ,Restaurant/Cafe/Canteen,,296 PLATT LANE,MANCHESTER,,M14 7BZ,Manchester,AwaitingInspection,,FHRS,False,,,"296 PLATT LANE, MANCHESTER, M14 7BZ"
2026-09-29,1992399,Alex's Bakery,Restaurant/Cafe/Canteen,GREAT NORTHERN WAREHOUSE,275 DEANSGATE,MANCHESTER,,M3 3EL,Manchester,AwaitingInspection,,FHRS,False,,,"GREAT NORTHERN WAREHOUSE, 275 DEANSGATE, MANCHESTER, M3 3EL"
2026-09-29,1992623,Alison@cafeC,Restaurant/Cafe/Canteen,Concord Business Park,Threapwood Road,Manchester,,M22 0RR,Manchester,AwaitingInspection,,FHRS,False,,,"Concord Business Park, Threapwood Road, Manchester, M22 0RR"
2026-09-29,1992520,Always The Same,Restaurant/Cafe/Canteen,,846 WILMSLOW ROAD,MANCHESTER,,M20 2RN,Manchester,AwaitingInspection,,FHRS,False,,,"846 WILMSLOW ROAD, MANCHESTER, M20 2RN"
2026-09-29,1992473,Amo,Restaurant/Cafe/Canteen,Unit H,Deansgate Mews,Manchester,,M3 4EN,Manchester,AwaitingInspection,,FHRS,False,,,"Unit H, Deansgate Mews, Manchester, M3 4EN"
2026-09-29,1992426,Ann kitchen,Restaurant/Cafe/Canteen,,182 Church Lane,Manchester,,M9 4LJ,Manchester,AwaitingInspection,,FHRS,False,,,"182 Church Lane, Manchester, M9 4LJ"
2026-09-29,1992652,Aristos,Restaurant/Cafe/Canteen,JOHN DALTON BUILDING,CHESTER STREET,MANCHESTER,,M1 5GD,Manchester,AwaitingInspection,,FHRS,False,,,"JOHN DALTON BUILDING, CHESTER STREET, MANCHESTER, M1 5GD"
2026-09-29,1992684,Backstage - Level 01 Co-op Live,Restaurant/Cafe/Canteen,CO-OP LIVE,1 Sportcity Way,Manchester,,M11 3DU,Manchester,5,2025-11-22,FHRS,False,,,"CO-OP LIVE, 1 Sportcity Way, Manchester, M11 3DU"
2026-09-29,1992670,Barclays and Encore - Level 02 Co-op Live,Restaurant/Cafe/Canteen,CO-OP LIVE,1 Sportcity Way,Manchester,,M11 3DU,Manchester,AwaitingInspection,,FHRS,False,,,"CO-OP LIVE, 1 Sportcity Way, Manchester, M11 3DU"
2026-09-29,1992664,Bentley - Level 00 Co-op Live,Restaurant/Cafe/Canteen,CO-OP LIVE,1 Sportcity Way,Manchester,,M11 3DU,Manchester,5,2025-11-22,FHRS,False,,,"CO-OP LIVE, 1 Sportcity Way, Manchester, M11 3DU"
2026-09-29,1992679,Big Chicken - Level 00 Co-op Live,Restaurant/Cafe/Canteen,CO-OP LIVE,1 Sportcity Way,Manchester,,M11 3DU,Manchester,5,2025-11-22,FHRS,False,,,"CO-OP LIVE, 1 Sportcity Way, Manchester, M11 3DU"
2026-09-29,1992672,Big chicken - Level 03 Co-op,Restaurant/Cafe/Canteen,CO-OP LIVE,1 Sportcity Way,Manchester,,M11 3DU,Manchester,5,2025-11-22,FHRS,False,,,"CO-OP LIVE, 1 Sportcity Way, Manchester, M11 3DU"
2026-09-29,1992514,BIRDHAUS,Restaurant/Cafe/Canteen,,806 KINGSWAY,MANCHESTER,,M20 5WY,Manchester,AwaitingInspection,,FHRS,False,,,"806 KINGSWAY, MANCHESTER, M20 5WY"
2026-09-29,1992649,Biryani Waala,Restaurant/Cafe/Canteen,UNITS 2 AND 3,10A WILMSLOW ROAD,MANCHESTER,,M14 5TP,Manchester,AwaitingInspection,,FHRS,False,,,"UNITS 2 AND 3, 10A WILMSLOW ROAD, MANCHESTER, M14 5TP"
2026-09-29,1992468,Blend Cafe - Medlock Entertainment District,Restaurant/Cafe/Canteen,,400 Ashton New Road,Manchester,,M11 4TQ,Manchester,AwaitingInspection,,FHRS,False,,,"400 Ashton New Road, Manchester, M11 4TQ"
2026-09-29,1992651,Breakfast,Restaurant/Cafe/Canteen,,1 SPINNERS WAY,MANCHESTER,,M15 4TZ,Manchester,AwaitingInspection,,FHRS,False,,,"1 SPINNERS WAY, MANCHESTER, M15 4TZ"
2026-09-29,1992602,Brewch Cafe,Restaurant/Cafe/Canteen,,34 JOHN DALTON STREET,MANCHESTER,,M2 6LE,Manchester,AwaitingInspection,,FHRS,False,,,"34 JOHN DALTON STREET, MANCHESTER, M2 6LE"
2026-09-29,1992400,BRGR WRLD,Restaurant/Cafe/Canteen,,42 Higher Ardwick,Manchester,,M12 6DA,Manchester,AwaitingInspection,,FHRS,False,,,"42 Higher Ardwick, Manchester, M12 6DA"
2026-09-29,1992573,BURGER EATS,Restaurant/Cafe/Canteen,,43 HALL LANE,MANCHESTER,,M23 1AQ,Manchester,AwaitingInspection,,FHRS,False,,,"43 HALL LANE, MANCHESTER, M23 1AQ"
2026-09-29,1992584,Buttercup,Restaurant/Cafe/Canteen,,225 DEANSGATE,MANCHESTER,,M3 4EN,Manchester,AwaitingInspection,,FHRS,False,,,"225 DEANSGATE, MANCHESTER, M3 4EN"
2026-09-29,1992640,CABINO,Restaurant/Cafe/Canteen,210 CHEETHAM HILL ROAD,MANCHESTER,,,M8 8LW,Manchester,AwaitingInspection,,FHRS,False,,,"210 CHEETHAM HILL ROAD, MANCHESTER, M8 8LW"
2026-09-29,1992625,Cafe by Marmara,Restaurant/Cafe/Canteen,,501 CLAREMONT ROAD,MANCHESTER,,M14 5WU,Manchester,AwaitingInspection,,FHRS,False,,,"501 CLAREMONT ROAD, MANCHESTER, M14 5WU"
2026-09-29,1819893,Caffe Nero,Restaurant/Cafe/Canteen,,122A Market Street,Manchester,,M1 1WA,Manchester,5,2010-06-15,FHRS,False,,,"122A Market Street, Manchester, M1 1WA"
2026-09-29,1992445,Caffe Nero,Restaurant/Cafe/Canteen,Aloft by Marriott Manchester City Centre,323-325 Deansgate,Manchester,,M3 4LQ,Manchester,AwaitingInspection,,FHRS,False,,,"Aloft by Marriott Manchester City Centre, 323-325 Deansgate, Manchester, M3 4LQ"
2026-09-29,1992682,Canalside Co-op - Level 01 Co-op Live,Restaurant/Cafe/Canteen,CO-OP LIVE,1 Sportcity Way,Manchester,,M11 3DU,Manchester,AwaitingInspection,,FHRS,False,,,"CO-OP LIVE, 1 Sportcity Way, Manchester, M11 3DU"
2026-09-29,1991170,Caprinos Pizza,Restaurant/Cafe/Canteen,,527 Wilmslow Road,Manchester,,M20 4BA,Manchester,5,2026-09-07,FHRS,False,,,"527 Wilmslow Road, Manchester, M20 4BA"
2026-09-29,1992565,CARFINANCE247 LIMITED,Restaurant/Cafe/Canteen,UNIVERSAL SQUARE,DEVONSHIRE STREET NORTH,MANCHESTER,,M12 6JH,Manchester,AwaitingInspection,,FHRS,False,,,"UNIVERSAL SQUARE, DEVONSHIRE STREET NORTH, MANCHESTER, M12 6JH"
2026-09-29,1992620,Chicago bro's,Restaurant/Cafe/Canteen,Southmoor Industrial Estate,119 Manchester Road,Manchester,,M21 9PG,Manchester,AwaitingInspection,,FHRS,False,,,"Southmoor Industrial Estate, 119 Manchester Road, Manchester, M21 9PG"
2026-09-29,1992580,Chocoberry Cafe,Restaurant/Cafe/Canteen,,595D STOCKPORT ROAD,MANCHESTER,,M13 0RX,Manchester,AwaitingInspection,,FHRS,False,,,"595D STOCKPORT ROAD, MANCHESTER, M13 0RX"
2026-09-29,1992362,Clean Greens,Restaurant/Cafe/Canteen,,241 Deansgate,Manchester,,M3 4EN,Manchester,AwaitingInspection,,FHRS,False,,,"241 Deansgate, Manchester, M3 4EN"
2026-09-29,1992655,Contact,Restaurant/Cafe/Canteen,CONTACT THEATRE,MANCHESTER,,,M15 6JA,Manchester,AwaitingInspection,,FHRS,False,,,"CONTACT THEATRE, MANCHESTER, M15 6JA"
2026-09-29,1992681,Co-op Kitchen - Level 01 Co-op Live,Restaurant/Cafe/Canteen,CO-OP LIVE,1 Sportcity Way,Manchester,,M11 3DU,Manchester,AwaitingInspection,,FHRS,False,,,"CO-OP LIVE, 1 Sportcity Way, Manchester, M11 3DU"
2026-09-29,1992537,Costa Coffee,Restaurant/Cafe/Canteen,MANCHESTER AIRPORT TERMINAL 3 LANDSIDE ARRIVALS,RINGWAY ROAD,MANCHESTER,,M90 1QX,Manchester,AwaitingInspection,,FHRS,False,,,"MANCHESTER AIRPORT TERMINAL 3 LANDSIDE ARRIVALS, RINGWAY ROAD, MANCHESTER, M90 1QX"
2026-09-29,1992598,Costa Coffee,Restaurant/Cafe/Canteen,UNIT 2 PICCADILLY STATION,PICCADILLY STATION APPROACH,MANCHESTER,,M1 2BN,Manchester,AwaitingInspection,,FHRS,False,,,"UNIT 2 PICCADILLY STATION, PICCADILLY STATION APPROACH, MANCHESTER, M1 2BN"
2026-09-29,1992647,Crazy Flafel,Restaurant/Cafe/Canteen,BUSINESS SCHOOL ALL SAINTS PARK,OXFORD ROAD,MANCHESTER,,M15 6BH,Manchester,AwaitingInspection,,FHRS,False,,,"BUSINESS SCHOOL ALL SAINTS PARK, OXFORD ROAD, MANCHESTER, M15 6BH"
2026-09-29,1992516,Dahlia,Restaurant/Cafe/Canteen,,47 LEVER STREET,MANCHESTER,,M1 1FN,Manchester,AwaitingInspection,,FHRS,False,,,"47 LEVER STREET, MANCHESTER, M1 1FN"
2026-09-29,1992482,DEREK'S Coffee & Sandwiches,Restaurant/Cafe/Canteen,,741 WILMSLOW ROAD,MANCHESTER,,M20 6RN,Manchester,AwaitingInspection,,FHRS,False,,,"741 WILMSLOW ROAD, MANCHESTER, M20 6RN"
2026-09-29,1992617,Desi Crunch,Restaurant/Cafe/Canteen,,,,,,Manchester,AwaitingInspection,,FHRS,False,,,
2026-09-29,1992387,Dutch snack house,Restaurant/Cafe/Canteen,,65 Kingsway,Manchester,,M19 2LL,Manchester,AwaitingInspection,,FHRS,False,,,"65 Kingsway, Manchester, M19 2LL"
2026-09-29,1992671,East Bars - Level 03 Co-op Live,Restaurant/Cafe/Canteen,CO-OP LIVE,1 Sportcity Way,Manchester,,M11 3DU,Manchester,5,2025-11-22,FHRS,False,,,"CO-OP LIVE, 1 Sportcity Way, Manchester, M11 3DU"
2026-09-29,1992546,EasyCoffee,Restaurant/Cafe/Canteen,,2 HARDMAN STREET,MANCHESTER,,M3 3HF,Manchester,AwaitingInspection,,FHRS,False,,,"2 HARDMAN STREET, MANCHESTER, M3 3HF"
2026-09-29,1992435,Eden Shisha,Restaurant/Cafe/Canteen,,REDGATE LANE,MANCHESTER,,M12 4RX,Manchester,3,2026-08-05,FHRS,False,,,"REDGATE LANE, MANCHESTER, M12 4RX"
2026-09-29,1992550,El Jefe Birria also T/as Chopper & El jefe Brunch,Restaurant/Cafe/Canteen,,65 DEANSGATE,MANCHESTER,,M3 2BW,Manchester,AwaitingInspection,,FHRS,False,,,"65 DEANSGATE, MANCHESTER, M3 2BW"
2026-09-29,1992646,Falafel & Manakish Ltd,Restaurant/Cafe/Canteen,,26 WILMSLOW ROAD,MANCHESTER,,M14 5TQ,Manchester,AwaitingInspection,,FHRS,False,,,"26 WILMSLOW ROAD, MANCHESTER, M14 5TQ"
2026-09-29,1992571,FAMILIAR FACES COFFEE LTD,Restaurant/Cafe/Canteen,,57 GREAT ANCOATS STREET,MANCHESTER,,M4 5AB,Manchester,AwaitingInspection,,FHRS,False,,,"57 GREAT ANCOATS STREET, MANCHESTER, M4 5AB"
2026-09-29,1992434,First Street Bagels,Restaurant/Cafe/Canteen,,1 Cakebread Street,Manchester,,M12 6HF,Manchester,3,2026-08-13,FHRS,False,,,"1 Cakebread Street, Manchester, M12 6HF"
2026-09-29,1992401,First street bagels,Restaurant/Cafe/Canteen,Unit 9-10A,Vaughan Street Industrial Estate,Manchester,,M12 5BT,Manchester,AwaitingInspection,,FHRS,False,,,"Unit 9-10A, Vaughan Street Industrial Estate, Manchester, M12 5BT"
2026-09-29,1992678,Founders - Level 00 Co-op Live,Restaurant/Cafe/Canteen,CO-OP LIVE,1 Sportcity Way,Manchester,,M11 3DU,Manchester,5,2025-11-22,FHRS,False,,,"CO-OP LIVE, 1 Sportcity Way, Manchester, M11 3DU"
2026-09-29,1992634,Fruit Siop,Restaurant/Cafe/Canteen,,1 BOTANIC AVENUE,MANCHESTER,,M15 6AE,Manchester,AwaitingInspection,,FHRS,False,,,"1 BOTANIC AVENUE, MANCHESTER, M15 6AE"
2026-09-29,1821414,General Medical Council,Restaurant/Cafe/Canteen,,3 Hardman Street,Manchester,,M3 3HF,Manchester,5,2011-03-23,FHRS,False,,,"3 Hardman Street, Manchester, M3 3HF"
2026-09-29,1818959,Golden Star,Restaurant/Cafe/Canteen,,288 Barlow Moor Road,Manchester,,M21 8HA,Manchester,3,2026-08-06,FHRS,False,,,"288 Barlow Moor Road, Manchester, M21 8HA"
2026-09-29,1992513,Good Burger TC,Restaurant/Cafe/Canteen,ETIHAD STADIUM,ASHTON NEW ROAD,MANCHESTER,,M11 3FF,Manchester,AwaitingInspection,,FHRS,False,,,"ETIHAD STADIUM, ASHTON NEW ROAD, MANCHESTER, M11 3FF"
2026-09-29,1821344,Hare Krishna Temple,Restaurant/Cafe/Canteen,,20 Mayfield Road,Manchester,,M16 8FT,Manchester,4,2010-08-31,FHRS,False,,,"20 Mayfield Road, Manchester, M16 8FT"
2026-09-29,1992665,Hideaway & Ciroc Lounge - Level 00 Co-Op Live,Restaurant/Cafe/Canteen,CO-OP LIVE,1 Sportcity Way,Manchester,,M11 3DU,Manchester,5,2025-11-22,FHRS,False,,,"CO-OP LIVE, 1 Sportcity Way, Manchester, M11 3DU"
2026-09-29,1992494,I Knead Pizza,Restaurant/Cafe/Canteen,COUNTER SPACE - UNIVERSITY PLACE,OXFORD ROAD,MANCHESTER,,M13 9PL,Manchester,AwaitingInspection,,FHRS,False,,,"COUNTER SPACE - UNIVERSITY PLACE, OXFORD ROAD, MANCHESTER, M13 9PL"
2026-09-29,1992643,IBILE also T/as IBILE Restaurants,Restaurant/Cafe/Canteen,,11 BARING STREET,MANCHESTER,,M1 2PY,Manchester,AwaitingInspection,,FHRS,False,,,"11 BARING STREET, MANCHESTER, M1 2PY"
2026-09-29,1992622,Japes,Restaurant/Cafe/Canteen,Southmoor Industrial Estate,138 Oxford Road,Manchester,,M13 9GP,Manchester,AwaitingInspection,,FHRS,False,,,"Southmoor Industrial Estate, 138 Oxford Road, Manchester, M13 9GP"
2026-09-29,1992454,Joe & The Juice,Restaurant/Cafe/Canteen,,15 Oxford Road,Manchester,,M1 7DU,Manchester,AwaitingInspection,,FHRS,False,,,"15 Oxford Road, Manchester, M1 7DU"
2026-09-29,1992425,Joji,Restaurant/Cafe/Canteen,Etihad Stadium,Rowsley Street,Manchester,,M11 3FF,Manchester,AwaitingInspection,,FHRS,False,,,"Etihad Stadium, Rowsley Street, Manchester, M11 3FF"
2026-09-29,1992511,Kardia,Restaurant/Cafe/Canteen,,10 SIR HOWARD BERNSTEIN APPROACH,MANCHESTER,,M15 4ND,Manchester,AwaitingInspection,,FHRS,False,,,"10 SIR HOWARD BERNSTEIN APPROACH, MANCHESTER, M15 4ND"
2026-09-29,1992375,KB'S Caribbean Takeaway Gorton,Restaurant/Cafe/Canteen,,121 Levenshulme Road,Manchester,,M18 7NF,Manchester,AwaitingInspection,,FHRS,False,,,"121 Levenshulme Road, Manchester, M18 7NF"
2026-09-29,1992351,Kickback Coffee,Restaurant/Cafe/Canteen,Westminster House,11 Portland Street,Manchester,,M1 3HU,Manchester,AwaitingInspection,,FHRS,False,,,"Westminster House, 11 Portland Street, Manchester, M1 3HU"
2026-09-29,1992515,Koi,Restaurant/Cafe/Canteen,,5 JACK ROSENTHAL STREET,MANCHESTER,,M15 4RA,Manchester,AwaitingInspection,,FHRS,False,,,"5 JACK ROSENTHAL STREET, MANCHESTER, M15 4RA"
2026-09-29,1992680,Kokos - Level 01 Co-op Live,Restaurant/Cafe/Canteen,CO-OP LIVE,1 Sportcity Way,Manchester,,M11 3DU,Manchester,5,2025-11-22,FHRS,False,,,"CO-OP LIVE, 1 Sportcity Way, Manchester, M11 3DU"
2026-09-29,1992406,Kung Fu Noodle,Restaurant/Cafe/Canteen,,48A GEORGE STREET,MANCHESTER,,M1 4HF,Manchester,AwaitingInspection,,FHRS,False,,,"48A GEORGE STREET, MANCHESTER, M1 4HF"
2026-09-29,1992666,Level 1 Bars (Canalside) - Level 01 Co-op Live,Restaurant/Cafe/Canteen,CO-OP LIVE,1 Sportcity Way,Manchester,,M11 3DU,Manchester,5,2025-11-22,FHRS,False,,,"CO-OP LIVE, 1 Sportcity Way, Manchester, M11 3DU"
2026-09-29,1992467,Little Beast - The Medlock Hotel,Restaurant/Cafe/Canteen,,400 Ashton New Road,Manchester,,M11 4TQ,Manchester,AwaitingInspection,,FHRS,False,,,"400 Ashton New Road, Manchester, M11 4TQ"
2026-09-29,1992600,Little Chan,Restaurant/Cafe/Canteen,WATERHOUSE GARDENS BLOCK E,111 TRINITY WAY,MANCHESTER,,M3 1BF,Manchester,AwaitingInspection,,FHRS,False,,,"WATERHOUSE GARDENS BLOCK E, 111 TRINITY WAY, MANCHESTER, M3 1BF"
2026-09-29,1992431,Little Dessert Shop Chorlton,Restaurant/Cafe/Canteen,,456 WILBRAHAM ROAD,MANCHESTER,,M21 0AG,Manchester,AwaitingInspection,,FHRS,False,,,"456 WILBRAHAM ROAD, MANCHESTER, M21 0AG"
2026-09-29,1992632,Logma Restaurant,Restaurant/Cafe/Canteen,UNITS 3 AND 4 IFCO CENTRE,44-46 WILMSLOW ROAD,MANCHESTER,,M14 5TQ,Manchester,AwaitingInspection,,FHRS,False,,,"UNITS 3 AND 4 IFCO CENTRE, 44-46 WILMSLOW ROAD, MANCHESTER, M14 5TQ"
2026-09-29,1992388,Lucky Gyros,Restaurant/Cafe/Canteen,,Arndale Centre,Manchester,,M4 3AD,Manchester,AwaitingInspection,,FHRS,False,,,"Arndale Centre, Manchester, M4 3AD"
2026-09-29,1992500,M14 Crispy Burger,Restaurant/Cafe/Canteen,,64 WILMSLOW ROAD,MANCHESTER,,M14 5AL,Manchester,AwaitingInspection,,FHRS,False,,,"64 WILMSLOW ROAD, MANCHESTER, M14 5AL"
2026-09-29,1992459,Maison cafe,Restaurant/Cafe/Canteen,Unit 1 The Corn Exchange,37 Hanging Ditch,Manchester,,M4 3TR,Manchester,AwaitingInspection,,FHRS,False,,,"Unit 1 The Corn Exchange, 37 Hanging Ditch, Manchester, M4 3TR"
2026-09-29,1992374,Melt N Drip Dessert,Restaurant/Cafe/Canteen,,1 Brook Avenue,Manchester,,M19 3DQ,Manchester,AwaitingInspection,,FHRS,False,,,"1 Brook Avenue, Manchester, M19 3DQ"
2026-09-29,1992548,Mollie's Diner - Manchester,Restaurant/Cafe/Canteen,,2 ATHERTON STREET,MANCHESTER,,M3 3GS,Manchester,AwaitingInspection,,FHRS,False,,,"2 ATHERTON STREET, MANCHESTER, M3 3GS"
2026-09-29,1992668,North Gallery - Level 02 Co-op Live,Restaurant/Cafe/Canteen,CO-OP LIVE,1 Sportcity Way,Manchester,,M11 3DU,Manchester,5,2025-11-22,FHRS,False,,,"CO-OP LIVE, 1 Sportcity Way, Manchester, M11 3DU"
2026-09-29,1992674,Northwest Co-op - Level 03 Co-op Live,Restaurant/Cafe/Canteen,CO-OP LIVE,1 Sportcity Way,Manchester,,M11 3DU,Manchester,5,2025-11-22,FHRS,False,,,"CO-OP LIVE, 1 Sportcity Way, Manchester, M11 3DU"
2026-09-29,1821357,Oasis Ice Cream,Restaurant/Cafe/Canteen,,109 Manchester Road,Manchester,,M21 9GA,Manchester,5,2010-05-20,FHRS,False,,,"109 Manchester Road, Manchester, M21 9GA"
2026-09-29,1992660,One Dim Sum,Restaurant/Cafe/Canteen,,54 FAULKNER STREET,MANCHESTER,,M1 4FH,Manchester,AwaitingInspection,,FHRS,False,,,"54 FAULKNER STREET, MANCHESTER, M1 4FH"
2026-09-29,1992471,Original biryaniwala,Restaurant/Cafe/Canteen,,16 Albert Road,Manchester,,M19 3PF,Manchester,AwaitingInspection,,FHRS,False,,,"16 Albert Road, Manchester, M19 3PF"
2026-09-29,1992685,OVO Lounge - Level 04 Co-op Live,Restaurant/Cafe/Canteen,CO-OP LIVE,1 Sportcity Way,Manchester,,M11 3DU,Manchester,5,2025-11-22,FHRS,False,,,"CO-OP LIVE, 1 Sportcity Way, Manchester, M11 3DU"
2026-09-29,1819365,Palace Theatre,Restaurant/Cafe/Canteen,,Oxford Street,Manchester,,M1 6FT,Manchester,5,2011-03-14,FHRS,False,,,"Oxford Street, Manchester, M1 6FT"
2026-09-29,1992354,Pepe's Piri Piri,Restaurant/Cafe/Canteen,,17-19 WILMSLOW ROAD,MANCHESTER,,M14 5TB,Manchester,AwaitingInspection,,FHRS,False,,,"17-19 WILMSLOW ROAD, MANCHESTER, M14 5TB"
2026-09-29,1992585,Porto Central Company Limited,Restaurant/Cafe/Canteen,,1 BRIDGE STREET WEST,MANCHESTER,,M60 9DJ,Manchester,AwaitingInspection,,FHRS,False,,,"1 BRIDGE STREET WEST, MANCHESTER, M60 9DJ"
2026-09-29,1992536,Pret A Manger,Restaurant/Cafe/Canteen,PETROL FILLING STATION,CHANCELLOR LANE,MANCHESTER,,M12 6JZ,Manchester,AwaitingInspection,,FHRS,False,,,"PETROL FILLING STATION, CHANCELLOR LANE, MANCHESTER, M12 6JZ"
2026-09-29,1992521,Raja Rani Catering,Restaurant/Cafe/Canteen,,1020 STOCKPORT ROAD,MANCHESTER,,M19 3WN,Manchester,AwaitingInspection,,FHRS,False,,,"1020 STOCKPORT ROAD, MANCHESTER, M19 3WN"
2026-09-29,1992506,ROYAL BIRYANI,Restaurant/Cafe/Canteen,,920 STOCKPORT ROAD,MANCHESTER,,M19 3AB,Manchester,AwaitingInspection,,FHRS,False,,,"920 STOCKPORT ROAD, MANCHESTER, M19 3AB"
2026-09-29,1992413,Royal Village,Restaurant/Cafe/Canteen,,577-579 Cheetham Hill Road,Manchester,,M8 9JE,Manchester,AwaitingInspection,,FHRS,False,,,"577-579 Cheetham Hill Road, Manchester, M8 9JE"
2026-09-29,1992533,Saffron,Restaurant/Cafe/Canteen,,107 CHEETHAM HILL ROAD,MANCHESTER,,M8 8PY,Manchester,AwaitingInspection,,FHRS,False,,,"107 CHEETHAM HILL ROAD, MANCHESTER, M8 8PY"
2026-09-29,1992380,Sambal MCR,Restaurant/Cafe/Canteen,,286 Barlow Moor Road,Manchester,,M21 8HA,Manchester,4,2026-07-31,FHRS,False,,,"286 Barlow Moor Road, Manchester, M21 8HA"
2026-09-29,1992376,SANDY'S SMOKE SHED,Restaurant/Cafe/Canteen,Arch 121,Woollam Place,Manchester,,M3 4JJ,Manchester,AwaitingInspection,,FHRS,False,,,"Arch 121, Woollam Place, Manchester, M3 4JJ"
2026-09-29,1992683,Saucy chips - Level 01 Co-op Live,Restaurant/Cafe/Canteen,CO-OP LIVE,1 Sportcity Way,Manchester,,M11 3DU,Manchester,5,2025-11-22,FHRS,False,,,"CO-OP LIVE, 1 Sportcity Way, Manchester, M11 3DU"
2026-09-29,1992676,Saucy Chips - Level 03 Co-op Live,Restaurant/Cafe/Canteen,CO-OP LIVE,1 Sportcity Way,Manchester,,M11 3DU,Manchester,5,2025-11-22,FHRS,False,,,"CO-OP LIVE, 1 Sportcity Way, Manchester, M11 3DU"
2026-09-29,1992475,Shawarma Cafe,Restaurant/Cafe/Canteen,UNIT 65B CAFE,115 PRINCESS STREET,MANCHESTER,,M16JB,Manchester,AwaitingInspection,,FHRS,False,,,"UNIT 65B CAFE, 115 PRINCESS STREET, MANCHESTER, M16JB"
2026-09-29,1992391,Shrimp Shack,Restaurant/Cafe/Canteen,Unit 15 The Printworks,27 Withy Grove,Manchester,,M4 2BS,Manchester,AwaitingInspection,,FHRS,False,,,"Unit 15 The Printworks, 27 Withy Grove, Manchester, M4 2BS"
2026-09-29,1992627,Siam Thai Village Restaurant and Bar,Restaurant/Cafe/Canteen,BLOCK F UNIT 3&4,1 DUTTON STREET WATERHOUSE GARDENS,MANCHESTER,,M3 1AB,Manchester,AwaitingInspection,,FHRS,False,,,"BLOCK F UNIT 3&4, 1 DUTTON STREET WATERHOUSE GARDENS, MANCHESTER, M3 1AB"
2026-09-29,1992579,Sibi,Restaurant/Cafe/Canteen,,84 OLD CHURCH STREET,MANCHESTER,,M40 2JF,Manchester,AwaitingInspection,,FHRS,False,,,"84 OLD CHURCH STREET, MANCHESTER, M40 2JF"
2026-09-29,1992561,Slices & Ices Ltd,Restaurant/Cafe/Canteen,EITHAD STADIUM,ROWSLEY STREET,MANCHESTER,,M11 3FF,Manchester,AwaitingInspection,,FHRS,False,,,"EITHAD STADIUM, ROWSLEY STREET, MANCHESTER, M11 3FF"
2026-09-29,1992372,Soho House,Restaurant/Cafe/Canteen,,4 Atherton Street,Manchester,,M3 3GS,Manchester,AwaitingInspection,,FHRS,False,,,"4 Atherton Street, Manchester, M3 3GS"
2026-09-29,1992641,SOLLA,Restaurant/Cafe/Canteen,,142 OLDHAM ROAD,MANCHESTER,,M4 6BG,Manchester,AwaitingInspection,,FHRS,False,,,"142 OLDHAM ROAD, MANCHESTER, M4 6BG"
2026-09-29,1992410,Sophia Cafe and Brunch,Restaurant/Cafe/Canteen,,186 Burnage Lane,Manchester,,M19 1EF,Manchester,AwaitingInspection,,FHRS,False,,,"186 Burnage Lane, Manchester, M19 1EF"
2026-09-29,1992673,Soundbites - Level 03 Co-op Live,Restaurant/Cafe/Canteen,CO-OP LIVE,1 Sportcity Way,Manchester,,M11 3DU,Manchester,5,2025-11-22,FHRS,False,,,"CO-OP LIVE, 1 Sportcity Way, Manchester, M11 3DU"
2026-09-29,1992677,Soundbites- Level 00 Co-op Live,Restaurant/Cafe/Canteen,CO-OP LIVE,1 Sportcity Way,Manchester,,M11 3DU,Manchester,5,2025-11-22,FHRS,False,,,"CO-OP LIVE, 1 Sportcity Way, Manchester, M11 3DU"
2026-09-29,1992669,South Gallery - Level 02 Co-op Live,Restaurant/Cafe/Canteen,CO-OP LIVE,1 Sportcity Way,Manchester,,M11 3DU,Manchester,AwaitingInspection,,FHRS,False,,,"CO-OP LIVE, 1 Sportcity Way, Manchester, M11 3DU"
2026-09-29,1992675,Southwest Co-op Level 03 Co-op Live,Restaurant/Cafe/Canteen,CO-OP LIVE,1 Sportcity Way,Manchester,,M11 3DU,Manchester,5,2025-11-22,FHRS,False,,,"CO-OP LIVE, 1 Sportcity Way, Manchester, M11 3DU"
2026-09-29,1992667,Suites - Level 02 Co-op Live,Restaurant/Cafe/Canteen,CO-OP LIVE,1 Sportcity Way,Manchester,,M11 3DU,Manchester,5,2025-11-22,FHRS,False,,,"CO-OP LIVE, 1 Sportcity Way, Manchester, M11 3DU"
2026-09-29,1992412,Sushi Mami,Restaurant/Cafe/Canteen,,109 Portland Street,Manchester,,M1 6DN,Manchester,AwaitingInspection,,FHRS,False,,,"109 Portland Street, Manchester, M1 6DN"
2026-09-29,1992530,T&A Enterprises LTD,Restaurant/Cafe/Canteen,UNIT 1,182-190 STOCKS STREET,MANCHESTER,,M8 8QH,Manchester,AwaitingInspection,,FHRS,False,,,"UNIT 1, 182-190 STOCKS STREET, MANCHESTER, M8 8QH"
2026-09-29,1992509,TAM4 Coffee,Restaurant/Cafe/Canteen,TRINITY METHODIST CHURCH,BUTLER STREET,MANCHESTER,,M4 7JE,Manchester,AwaitingInspection,,FHRS,False,,,"TRINITY METHODIST CHURCH, BUTLER STREET, MANCHESTER, M4 7JE"
2026-09-29,1992340,Tea Hive,Restaurant/Cafe/Canteen,,53 MANCHESTER ROAD,MANCHESTER,,M21 9PW,Manchester,3,2026-09-03,FHRS,False,,,"53 MANCHESTER ROAD, MANCHESTER, M21 9PW"
2026-09-29,1992559,Thai Tea Shop MCR,Restaurant/Cafe/Canteen,UNIT 1A  THE LOCK BUILDING,41 WHITWORTH STREET WEST,MANCHESTER,,M1 5BD,Manchester,AwaitingInspection,,FHRS,False,,,"UNIT 1A  THE LOCK BUILDING, 41 WHITWORTH STREET WEST, MANCHESTER, M1 5BD"
2026-09-29,1992469,The Brick Works - Medlock Entertainment District,Restaurant/Cafe/Canteen,,400 Ashton New Road,Manchester,,M11 4TQ,Manchester,AwaitingInspection,,FHRS,False,,,"400 Ashton New Road, Manchester, M11 4TQ"
2026-09-29,1992439,The Coffee House,Restaurant/Cafe/Canteen,KIOSK 5 HARPURHEY SHOPPING CENTRE,LEE ROAD,MANCHESTER,,M9 4DH,Manchester,AwaitingInspection,,FHRS,False,,,"KIOSK 5 HARPURHEY SHOPPING CENTRE, LEE ROAD, MANCHESTER, M9 4DH"
2026-09-29,1992519,The Dugout Cafe,Restaurant/Cafe/Canteen,NATIONAL FOOTBALL MUSEUM URBIS,CATHEDRAL GARDENS,MANCHESTER,,M4 3BG,Manchester,AwaitingInspection,,FHRS,False,,,"NATIONAL FOOTBALL MUSEUM URBIS, CATHEDRAL GARDENS, MANCHESTER, M4 3BG"
2026-09-29,1992628,The Juice garden,Restaurant/Cafe/Canteen,,12 VICTORIA AVENUE,MANCHESTER,,M9 6QL,Manchester,AwaitingInspection,,FHRS,False,,,"12 VICTORIA AVENUE, MANCHESTER, M9 6QL"
2026-09-29,1992398,The kebab lab,Restaurant/Cafe/Canteen,,24 SWAN STREET,MANCHESTER,,M4 5JQ,Manchester,AwaitingInspection,,FHRS,False,,,"24 SWAN STREET, MANCHESTER, M4 5JQ"
2026-09-29,1992605,The Queens Cup,Restaurant/Cafe/Canteen,,2 Copson Street,Manchester,,M20 3HE,Manchester,AwaitingInspection,,FHRS,False,,,"2 Copson Street, Manchester, M20 3HE"
2026-09-29,1992543,The steak terminal,Restaurant/Cafe/Canteen,,4 MITRE ROAD,MANCHESTER,,M13 0NU,Manchester,AwaitingInspection,,FHRS,False,,,"4 MITRE ROAD, MANCHESTER, M13 0NU"
2026-09-29,1992463,Thompsons Academy Trading as Naviagtors,Restaurant/Cafe/Canteen,WOODHOUSE PARK LIFESTYLE CENTRE,PORTWAY,MANCHESTER,,M22 1QW,Manchester,AwaitingInspection,,FHRS,False,,,"WOODHOUSE PARK LIFESTYLE CENTRE, PORTWAY, MANCHESTER, M22 1QW"
2026-09-29,1992465,Three Rivers - The Medlock Hotel,Restaurant/Cafe/Canteen,Etihad Stadium,Rowsley Street,Manchester,,M11 3FF,Manchester,AwaitingInspection,,FHRS,False,,,"Etihad Stadium, Rowsley Street, Manchester, M11 3FF"
2026-09-29,1992661,V.Goode Pies,Restaurant/Cafe/Canteen,Brickworks Market Hall,Medlock Square,Manchester,,M11 3FF,Manchester,AwaitingInspection,,FHRS,False,,,"Brickworks Market Hall, Medlock Square, Manchester, M11 3FF"
2026-09-29,1992608,Vieira cafe,Restaurant/Cafe/Canteen,,67 Reddish Lane,Manchester,,M18 7JH,Manchester,AwaitingInspection,,FHRS,False,,,"67 Reddish Lane, Manchester, M18 7JH"
2026-09-29,1992358,Village Brasserie,Restaurant/Cafe/Canteen,,2 Canal Street,Manchester,,M1 3HE,Manchester,AwaitingInspection,,FHRS,False,,,"2 Canal Street, Manchester, M1 3HE"
2026-09-29,1992638,Waffle Stix Manchester Ltd,Restaurant/Cafe/Canteen,,1200 ROCHDALE ROAD,MANCHESTER,,M9 6FR,Manchester,AwaitingInspection,,FHRS,False,,,"1200 ROCHDALE ROAD, MANCHESTER, M9 6FR"
2026-09-29,1992523,White Label Cafe,Restaurant/Cafe/Canteen,,11 BARING STREET,MANCHESTER,,M1 2PY,Manchester,AwaitingInspection,,FHRS,False,,,"11 BARING STREET, MANCHESTER, M1 2PY"
2026-09-29,1992507,Winsome,Restaurant/Cafe/Canteen,,74 PRINCESS STREET,MANCHESTER,,M1 6JD,Manchester,AwaitingInspection,,FHRS,False,,,"74 PRINCESS STREET, MANCHESTER, M1 6JD"
2026-09-29,1992594,"Yaowarat MCR also T/as Yaowarat, Yaowarat Manchester and Gold Street Tea",Restaurant/Cafe/Canteen,,3 BOTANIC AVENUE,MANCHESTER,,M15 6AE,Manchester,AwaitingInspection,,FHRS,False,,,"3 BOTANIC AVENUE, MANCHESTER, M15 6AE"
2026-09-29,1992586,Yara Restaurant,Restaurant/Cafe/Canteen,,177 WILMSLOW ROAD,MANCHESTER,,M14 5AP,Manchester,AwaitingInspection,,FHRS,False,,,"177 WILMSLOW ROAD, MANCHESTER, M14 5AP"
2026-09-29,1992538,Yes Burger,Restaurant/Cafe/Canteen,,617A WILBRAHAM ROAD,MANCHESTER,,M21 9AN,Manchester,AwaitingInspection,,FHRS,False,,,"617A WILBRAHAM ROAD, MANCHESTER, M21 9AN"
2026-09-29,1992466,Zadies - The Medlock Hotel,Restaurant/Cafe/Canteen,Etihad Stadium,400 Ashton New Road,Manchester,,M11 4TQ,Manchester,AwaitingInspection,,FHRS,False,,,"Etihad Stadium, 400 Ashton New Road, Manchester, M11 4TQ"
2026-09-29,1990838,Bagel & Bean,Restaurant/Cafe/Canteen,22 Carolgate,Retford,Nottinghamshire,,DN22 6BU,Bassetlaw,5,2026-09-08,FHRS,False,53.3214892,-0.9424284,"22 Carolgate, Retford, Nottinghamshire, DN22 6BU"
2026-09-29,1990839,Basils,Restaurant/Cafe/Canteen,Gainsborough Road,Drakeholes,Nottinghamshire,,DN10 5DF,Bassetlaw,AwaitingInspection,,FHRS,False,53.406682,-0.938076,"Gainsborough Road, Drakeholes, Nottinghamshire, DN10 5DF"
2026-09-29,1990837,Betty's kitchen,Restaurant/Cafe/Canteen,91 Bridge Street,Worksop,Nottinghamshire,,S80 1DL,Bassetlaw,5,2026-09-23,FHRS,False,53.3021898,-1.1245529,"91 Bridge Street, Worksop, Nottinghamshire, S80 1DL"
2026-09-29,583407,Cafe,Restaurant/Cafe/Canteen,81 Scrooby Road,Bircotes,Nottinghamshire,,DN11 8JN,Bassetlaw,5,2024-01-23,FHRS,False,53.416966,-1.061547,"81 Scrooby Road, Bircotes, Nottinghamshire, DN11 8JN"
2026-09-29,1990836,Feast,Restaurant/Cafe/Canteen,Ground Floor,57-59 Bridge Street,Worksop,Nottinghamshire,S80 1DG,Bassetlaw,AwaitingInspection,,FHRS,False,53.3032334,-1.1244585,"Ground Floor, 57-59 Bridge Street, Worksop, Nottinghamshire, S80 1DG"
2026-09-29,1991566,CoCo Masala,Restaurant/Cafe/Canteen,Osbourne Arms,High Street,Lane End,Buckinghamshire,HP14 3JF,Buckinghamshire,AwaitingInspection,,FHRS,False,51.6184139,-0.8337945,"Osbourne Arms, High Street, Lane End, Buckinghamshire, HP14 3JF"
2026-09-29,1991570,Dhabi By Jasfa,Restaurant/Cafe/Canteen,64 High Street,Burnham,Buckinghamshire,,SL1 7JT,Buckinghamshire,AwaitingInspection,,FHRS,False,51.5345814,-0.6586143,"64 High Street, Burnham, Buckinghamshire, SL1 7JT"
2026-09-29,1991580,Indus Pavilion,Restaurant/Cafe/Canteen,Indigo House,Oxford Road,Denham,Buckinghamshire,SL9 7AL,Buckinghamshire,AwaitingInspection,,FHRS,False,51.5743203,-0.5326903,"Indigo House, Oxford Road, Denham, Buckinghamshire, SL9 7AL"
2026-09-29,1991572,ZS Cafe,Restaurant/Cafe/Canteen,Old Airfield Industrial Estate,Cheddington Lane,Marsworth,Buckinghamshire,HP23 4QR,Buckinghamshire,AwaitingInspection,,FHRS,False,51.8402924,-0.6812726,"Old Airfield Industrial Estate, Cheddington Lane, Marsworth, Buckinghamshire, HP23 4QR"
2026-09-29,1990388,The Snug Coffee and Kitchen,Restaurant/Cafe/Canteen,3 - 4 Liverpool Buildings Liverpool Road,,Worthing,West Sussex,BN11 1SY,Worthing,AwaitingInspection,,FHRS,False,50.81131,-0.3708027,"3 - 4 Liverpool Buildings Liverpool Road, Worthing, West Sussex, BN11 1SY"
2026-09-29,1991764,Arlingtons at MOTE,Restaurant/Cafe/Canteen,13 Museum Street,Ipswich,Suffolk,,IP1 1HE,Ipswich,AwaitingInspection,,FHRS,False,52.0570678710938,1.15084898471832,"13 Museum Street, Ipswich, Suffolk, IP1 1HE"
2026-09-29,1991765,Emerald Cafe,Restaurant/Cafe/Canteen,Malt Works,42 Felaw Street,Ipswich,Suffolk,IP9 2AB,Ipswich,AwaitingInspection,,FHRS,False,,,"Malt Works, 42 Felaw Street, Ipswich, Suffolk, IP9 2AB"
2026-09-29,1991759,"Homefoods,Norris Houzz Cafe",Restaurant/Cafe/Canteen,Homefoods Norris Houzz Cafe Ground Floor,Norris House,Hadleigh Road,Ipswich,IP2 0HU,Ipswich,5,2026-08-18,FHRS,False,52.0584575,1.1255026,"Homefoods Norris Houzz Cafe Ground Floor, Norris House, Hadleigh Road, Ipswich, IP2 0HU"
2026-09-29,1991762,LUCKYS,Restaurant/Cafe/Canteen,24 St Matthews Street,Ipswich,Suffolk,,IP1 3EU,Ipswich,AwaitingInspection,,FHRS,False,52.059852,1.1485519,"24 St Matthews Street, Ipswich, Suffolk, IP1 3EU"
2026-09-29,1991763,Premier Education at Dale Hall Primary,Restaurant/Cafe/Canteen,Premier Education at Dale Hall Dale Hall,Dale Hall Lane,Ipswich,Suffolk,IP1 4LX,Ipswich,AwaitingInspection,,FHRS,False,,,"Premier Education at Dale Hall Dale Hall, Dale Hall Lane, Ipswich, Suffolk, IP1 4LX"
2026-09-29,1988909,All Saints Church Burbage,Restaurant/Cafe/Canteen,ALL SAINTS CHURCH EASTCOURT,,BURBAGE,,SN8 3AG,Wiltshire,AwaitingInspection,,FHRS,False,,,"ALL SAINTS CHURCH EASTCOURT, BURBAGE, SN8 3AG"
2026-09-29,1988914,Scoff.Co,Restaurant/Cafe/Canteen,42 CALNE ROAD,,LYNEHAM,,SN15 4PR,Wiltshire,AwaitingInspection,,FHRS,False,51.5074323,-1.9659253,"42 CALNE ROAD, LYNEHAM, SN15 4PR"
2026-09-29,1988907,The Drop In,Restaurant/Cafe/Canteen,MARKET HALL CASTLE PLACE SHOPPING CENTRE MARKET STREET TROWBRIDGE WILTSHIRE,,,,BA14 8AL,Wiltshire,AwaitingInspection,,FHRS,False,,,"MARKET HALL CASTLE PLACE SHOPPING CENTRE MARKET STREET TROWBRIDGE WILTSHIRE, BA14 8AL"
2026-09-29,1990720,Efes Kebab House,Restaurant/Cafe/Canteen,1 Angel Street,Worcester,,,WR1 3QT,Worcester City,AwaitingInspection,,FHRS,False,52.1936383,-2.2216748,"1 Angel Street, Worcester, WR1 3QT"
2026-09-29,1990724,Padel + Play Worcester,Restaurant/Cafe/Canteen,Unit 8,Bromyard Business Park,Bromyard Road,Worcester,WR2 5XU,Worcester City,AwaitingInspection,,FHRS,False,52.1884522,-2.2476302,"Unit 8, Bromyard Business Park, Bromyard Road, Worcester, WR2 5XU"
2026-09-29,1991134,Bromyard Boomers,Restaurant/Cafe/Canteen,Unit 3a To 3b Station Industrial Estate,Station Road,,Bromyard,HR7 4HP,Herefordshire,AwaitingInspection,,FHRS,False,,,"Unit 3a To 3b Station Industrial Estate, Station Road, Bromyard, HR7 4HP"
2026-09-29,1991131,Casa Luma,Restaurant/Cafe/Canteen,,61 Commercial Street,,Hereford,HR1 2DJ,Herefordshire,AwaitingInspection,,FHRS,False,52.0566602,-2.7145527,"61 Commercial Street, Hereford, HR1 2DJ"
2026-09-29,1988973,Church Street Coffee Company,Restaurant/Cafe/Canteen,,37 Church Street,,Hereford,HR1 2LR,Herefordshire,AwaitingInspection,,FHRS,False,52.0558608,-2.7162808,"37 Church Street, Hereford, HR1 2LR"
2026-09-29,489258,Faun @ The Kettle Sings,Restaurant/Cafe/Canteen,,Jubilee Drive,,Upper Colwall,WR13 6DN,Herefordshire,AwaitingInspection,,FHRS,False,52.073103,-2.34248,"Jubilee Drive, Upper Colwall, WR13 6DN"
2026-09-29,1988974,Monkland Cheesemakers,Restaurant/Cafe/Canteen,The Pleck,,,Monkland,HR6 9DB,Herefordshire,AwaitingInspection,,FHRS,False,52.2134552001953,-2.79648494720459,"The Pleck, Monkland, HR6 9DB"
2026-09-29,1991132,Panache,Restaurant/Cafe/Canteen,,77 The Homend,,Ledbury,HR8 1BP,Herefordshire,AwaitingInspection,,FHRS,False,52.039185,-2.42427,"77 The Homend, Ledbury, HR8 1BP"
2026-09-29,1513941,Arizona Espresso Company,Restaurant/Cafe/Canteen,,,137b Andersonstown Road,Belfast,BT11 9BU,Belfast City,3,2026-08-20,FHRS,False,54.5737299,-5.9883064,"137b Andersonstown Road, Belfast, BT11 9BU"
2026-09-29,1991468,Blackboard Cafe,Restaurant/Cafe/Canteen,St Comgalls,,Divis Street,Belfast,BT12 4AQ,Belfast City,AwaitingInspection,,FHRS,False,,,"St Comgalls, Divis Street, Belfast, BT12 4AQ"
2026-09-29,1910495,Flame City,Restaurant/Cafe/Canteen,,,21 Clifton Street,Belfast,BT13 1AD,Belfast City,3,2026-02-10,FHRS,False,54.607342,-5.935908,"21 Clifton Street, Belfast, BT13 1AD"
2026-09-29,1043426,Hard Hat Catering,Restaurant/Cafe/Canteen,Royal Victoria Hospital,,Grosvenor Road,Belfast,BT12 6BA,Belfast City,5,,FHRS,False,54.594244,-5.954025,"Royal Victoria Hospital, Grosvenor Road, Belfast, BT12 6BA"
2026-09-29,1991464,Kai Social,Restaurant/Cafe/Canteen,Hillview Retail Park,,,,BT14 7EL,Belfast City,AwaitingInspection,,FHRS,False,,,"Hillview Retail Park, BT14 7EL"
2026-09-29,1991465,Mosaic Cafe Catholic Chaplaincy,Restaurant/Cafe/Canteen,,,28 Elmwood Avenue,Belfast,BT9 6AY,Belfast City,5,2026-09-15,FHRS,False,54.584509,-5.938455,"28 Elmwood Avenue, Belfast, BT9 6AY"
2026-09-29,1991466,Subway,Restaurant/Cafe/Canteen,,,60 Ardoyne Avenue,Belfast,BT14 7DA,Belfast City,AwaitingInspection,,FHRS,False,54.6144412,-5.9550728,"60 Ardoyne Avenue, Belfast, BT14 7DA"
2026-09-29,1988942,Cafe Torino,Restaurant/Cafe/Canteen,,8 York Square,,Grangemouth,FK3 8BB,Falkirk,Awaiting Inspection,,FHIS,False,56.019425,-3.724343,"8 York Square, Grangemouth, FK3 8BB"
2026-09-29,1991270,Cates,Restaurant/Cafe/Canteen,,,,,,Falkirk,Awaiting Inspection,,FHIS,False,,,
2026-09-29,1991268,The Daily Heaven,Restaurant/Cafe/Canteen,,52 South Street,,Bo'ness,EH51 9HA,Falkirk,Awaiting Inspection,,FHIS,False,56.0170983,-3.6076619,"52 South Street, Bo'ness, EH51 9HA"
2026-09-29,1990275,Damak Ocakbasi,Restaurant/Cafe/Canteen,172 Hertford Road,ENFIELD,,,EN3 5AZ,Enfield,AwaitingInspection,,FHRS,False,51.656952,-0.047658,"172 Hertford Road, ENFIELD, EN3 5AZ"
2026-09-29,1990843,Morley's Fried Chicken,Restaurant/Cafe/Canteen,42 London Road,ENFIELD,,,EN2 6EF,Enfield,AwaitingInspection,,FHRS,False,51.65102,-0.080048,"42 London Road, ENFIELD, EN2 6EF"
2026-09-29,1991611,Iberia,Restaurant/Cafe/Canteen,72 Magdalen Road,Norwich,,,NR3 4AQ,Norwich City,AwaitingInspection,,FHRS,False,52.641225,1.296291,"72 Magdalen Road, Norwich, NR3 4AQ"
2026-09-29,1988763,Little Wings Playhouse,Restaurant/Cafe/Canteen,Bay 1D,Diamond House,Vulcan Road North,Norwich,NR6 6AQ,Norwich City,AwaitingInspection,,FHRS,False,52.6629393,1.2828004,"Bay 1D, Diamond House, Vulcan Road North, Norwich, NR6 6AQ"
2026-09-29,1989002,Bean Inspired,Restaurant/Cafe/Canteen,Canterbury Bus Station,St Georges Lane,Canterbury,Kent,CT1 2SY,Canterbury City,AwaitingInspection,,FHRS,False,51.2760273,1.0806762,"Canterbury Bus Station, St Georges Lane, Canterbury, Kent, CT1 2SY"
2026-09-29,1989000,Blean Cafe Ltd,Restaurant/Cafe/Canteen,9 Tyler Hill Road,Blean,Kent,,CT2 9HP,Canterbury City,AwaitingInspection,,FHRS,False,51.3069553,1.0440609,"9 Tyler Hill Road, Blean, Kent, CT2 9HP"
2026-09-29,1988997,Pavilion Coffee Co.,Restaurant/Cafe/Canteen,Sports Pavilion,Bekesbourne Recreation Ground,Old Palace Road,Patrixbourne,CT4 5BU,Canterbury City,AwaitingInspection,,FHRS,False,51.2545263,1.1389953,"Sports Pavilion, Bekesbourne Recreation Ground, Old Palace Road, Patrixbourne, CT4 5BU"
2026-09-29,1988991,Sunshine Children's Centre,Restaurant/Cafe/Canteen,Kings Road,Herne Bay,Kent,,CT6 5BQ,Canterbury City,AwaitingInspection,,FHRS,False,,,"Kings Road, Herne Bay, Kent, CT6 5BQ"
2026-09-29,1991214,Phills Grill,Restaurant/Cafe/Canteen,63 Upper Road,West Division,Carrickfergus,Antrim,BT38 8RH,Mid and East Antrim,AwaitingInspection,,FHRS,False,,,"63 Upper Road, West Division, Carrickfergus, Antrim, BT38 8RH"
2026-09-29,1991212,Subway Fortfield,Restaurant/Cafe/Canteen,75a Belfast Road,West Division,Carrickfergus,Antrim,BT38 8BY,Mid and East Antrim,AwaitingInspection,,FHRS,False,54.7118759155273,-5.8210711479187,"75a Belfast Road, West Division, Carrickfergus, Antrim, BT38 8BY"
2026-09-29,1990899,Amrit Indian Restaurant,Restaurant/Cafe/Canteen,80 St Peters Street,St Albans,Hertfordshire,,AL1 3DQ,St Albans City,AwaitingInspection,,FHRS,False,51.7580032348633,-0.333113998174667,"80 St Peters Street, St Albans, Hertfordshire, AL1 3DQ"
2026-09-29,1990905,Kalimera,Restaurant/Cafe/Canteen,KALIMERA,14B Leyton Road,Harpenden,Hertfordshire,AL5 2TQ,St Albans City,AwaitingInspection,,FHRS,False,51.8148765,-0.3560614,"KALIMERA, 14B Leyton Road, Harpenden, Hertfordshire, AL5 2TQ"
2026-09-29,1991995,Saffron Restaurant at The Boleyn Hotel,Restaurant/Cafe/Canteen,Anne Boleyn Hotel,The Hythe,,Staines-Upon-Thames,TW18 3JA,Runnymede,AwaitingInspection,,FHRS,True,,,"Anne Boleyn Hotel, The Hythe, Staines-Upon-Thames, TW18 3JA"
2026-09-29,375325,B & M Retail Ltd,Restaurant/Cafe/Canteen,Pool Road,Newtown,Powys,,SY16 3AF,Powys,AwaitingInspection,,FHRS,False,52.51707,-3.302999,"Pool Road, Newtown, Powys, SY16 3AF"
2026-09-29,1988643,Camau Bach Flying Start,Restaurant/Cafe/Canteen,Llanfaes Primary School,Bailihelig Road,Brecon,Powys,LD3 8EB,Powys,AwaitingInspection,,FHRS,False,,,"Llanfaes Primary School, Bailihelig Road, Brecon, Powys, LD3 8EB"
2026-09-29,1988640,Duffs Clubhouse,Restaurant/Cafe/Canteen,Market House,Market Street,Brecon,Powys,LD3 7DA,Powys,5,2026-09-17,FHRS,False,,,"Market House, Market Street, Brecon, Powys, LD3 7DA"
2026-09-29,1991232,Eyre Farms,Restaurant/Cafe/Canteen,Wern Holding,Wern,Pool Quay,Welshpool,SY21 9LH,Powys,AwaitingInspection,,FHRS,False,,,"Wern Holding, Wern, Pool Quay, Welshpool, SY21 9LH"
2026-09-29,504102,Richard Booths Bookshop,Restaurant/Cafe/Canteen,44 Lion Street,Hay-on-Wye,Hereford,,HR3 5AA,Powys,AwaitingInspection,,FHRS,False,52.074829,-3.125054,"44 Lion Street, Hay-on-Wye, Hereford, HR3 5AA"
2026-09-29,1988641,The Kitchen Shelf,Restaurant/Cafe/Canteen,Hay on Wye,Hereford,,,,Powys,AwaitingInspection,,FHRS,False,,,"Hay on Wye, Hereford"
2026-09-29,1989792,The Feathers,Restaurant/Cafe/Canteen,The Feathers Public House,42 High Street,Merstham,Surrey,RH1 3EA,Reigate and Banstead,AwaitingInspection,,FHRS,False,51.264825,-0.1524236,"The Feathers Public House, 42 High Street, Merstham, Surrey, RH1 3EA"
2026-09-29,1990286,Hometown,Restaurant/Cafe/Canteen,172-174 Kensington High Street,LONDON,,,W8 7RG,Kensington and Chelsea,AwaitingInspection,,FHRS,False,51.500023,-0.197052,"172-174 Kensington High Street, LONDON, W8 7RG"
2026-09-29,1990287,Kungfu Malatang,Restaurant/Cafe/Canteen,172-174 Kensington High Street,LONDON,,,W8 7RG,Kensington and Chelsea,AwaitingInspection,,FHRS,False,51.500023,-0.197052,"172-174 Kensington High Street, LONDON, W8 7RG"
2026-09-29,1990288,Lahore to London,Restaurant/Cafe/Canteen,172-174 Kensington High Street,LONDON,,,W8 7RG,Kensington and Chelsea,AwaitingInspection,,FHRS,False,51.500023,-0.197052,"172-174 Kensington High Street, LONDON, W8 7RG"
2026-09-29,1990289,Lea Tea,Restaurant/Cafe/Canteen,172-174 Kensington High Street,LONDON,,,W8 7RG,Kensington and Chelsea,AwaitingInspection,,FHRS,False,51.500023,-0.197052,"172-174 Kensington High Street, LONDON, W8 7RG"
2026-09-29,1990997,Mangobajito,Restaurant/Cafe/Canteen,Unit 8  Latimer Industrial Estate,343-453 Latimer Road,LONDON,,W10 6RQ,Kensington and Chelsea,AwaitingInspection,,FHRS,False,51.51576,-0.22233,"Unit 8  Latimer Industrial Estate, 343-453 Latimer Road, LONDON, W10 6RQ"
2026-09-29,1990280,Prince Arthur Chelsea,Restaurant/Cafe/Canteen,96 Draycott Avenue,LONDON,,,SW3 3AD,Kensington and Chelsea,AwaitingInspection,,FHRS,False,51.493581,-0.167242,"96 Draycott Avenue, LONDON, SW3 3AD"
2026-09-29,1990283,Seoul Street,Restaurant/Cafe/Canteen,172-174 Kensington High Street,LONDON,,,W8 7RG,Kensington and Chelsea,AwaitingInspection,,FHRS,False,51.500023,-0.197052,"172-174 Kensington High Street, LONDON, W8 7RG"
2026-09-29,1990284,Smash'd,Restaurant/Cafe/Canteen,172-174 Kensington High Street,LONDON,,,W8 7RG,Kensington and Chelsea,AwaitingInspection,,FHRS,False,51.500023,-0.197052,"172-174 Kensington High Street, LONDON, W8 7RG"
2026-09-29,1990290,Succulent café,Restaurant/Cafe/Canteen,347 Ladbroke Grove,LONDON,,,,Kensington and Chelsea,AwaitingInspection,,FHRS,False,,,"347 Ladbroke Grove, LONDON"
2026-09-29,1990285,Taste of Hong Kong,Restaurant/Cafe/Canteen,172-174 Kensington High Street,LONDON,,,W8 7RG,Kensington and Chelsea,AwaitingInspection,,FHRS,False,51.500023,-0.197052,"172-174 Kensington High Street, LONDON, W8 7RG"
2026-09-29,214987,Oh Crumbs,Restaurant/Cafe/Canteen,51 Brimington Road North,,,Chesterfield,S41 9BE,Chesterfield,AwaitingInspection,,FHRS,False,53.258344,-1.4217462,"51 Brimington Road North, Chesterfield, S41 9BE"
2026-09-29,1990353,Tigertots,Restaurant/Cafe/Canteen,,Grange Farm Road,Grangetown,,TS6 7HP,Redcar and Cleveland,AwaitingInspection,,FHRS,False,54.574727,-1.149749,"Grange Farm Road, Grangetown, TS6 7HP"
2026-09-29,1990542,Bakers Corner,Restaurant/Cafe/Canteen,89 Mill Lane,Ryhill,Wakefield,,WF4 2AB,Wakefield,AwaitingInspection,,FHRS,False,53.622914,-1.41817,"89 Mill Lane, Ryhill, Wakefield, WF4 2AB"
2026-09-29,1990544,Retro Roadhouse,Restaurant/Cafe/Canteen,Twitch Hill,Horbury,Wakefield,,WF4 6NA,Wakefield,4,2025-03-28,FHRS,False,,,"Twitch Hill, Horbury, Wakefield, WF4 6NA"
2026-09-29,1990813,FSM Community CIC,Restaurant/Cafe/Canteen,Street Record,Boundary Road,West Bridgford,Nottinghamshire,,Rushcliffe,AwaitingInspection,,FHRS,False,,,"Street Record, Boundary Road, West Bridgford, Nottinghamshire"
2026-09-29,1989754,Cosy Coffee House,Restaurant/Cafe/Canteen,Cosy Coffee House,12 New Street,Mold,Flintshire,CH7 1NZ,Sir y Fflint,AwaitingInspection,,FHRS,False,,,"Cosy Coffee House, 12 New Street, Mold, Flintshire, CH7 1NZ"
2026-09-29,1989760,Protein Shack,Restaurant/Cafe/Canteen,Protein shack,Castlefields,Marsh Lane,Flintshire,CH6 5PJ,Sir y Fflint,AwaitingInspection,,FHRS,False,53.2500853,-3.128436,"Protein shack, Castlefields, Marsh Lane, Flintshire, CH6 5PJ"
2026-09-29,1989758,Wings Club,Restaurant/Cafe/Canteen,Wings Club,Broughton Wings Sports Club,Broughton Hall Road Broughton,Flintshire,CH4 0NQ,Sir y Fflint,AwaitingInspection,,FHRS,False,,,"Wings Club, Broughton Wings Sports Club, Broughton Hall Road Broughton, Flintshire, CH4 0NQ"
2026-09-29,1991978,Trough & Brew,Restaurant/Cafe/Canteen,,,,,,Ribble Valley,AwaitingInspection,,FHRS,False,,,
2026-09-29,1991067,Hen Dderwen,Restaurant/Cafe/Canteen,,Hen Dderwen,,Sketty Park Drive,SA2 8JH,Abertawe,AwaitingInspection,,FHRS,False,51.6157852,-3.9995649,"Hen Dderwen, Sketty Park Drive, SA2 8JH"
2026-09-29,1991071,Swansea Bay Sports Park,Restaurant/Cafe/Canteen,Swansea Bay Sports Park,Sketty Lane,,Sketty,SA2 8QG,Abertawe,AwaitingInspection,,FHRS,False,51.6074873,-3.988831,"Swansea Bay Sports Park, Sketty Lane, Sketty, SA2 8QG"
2026-09-29,1991066,Swansea Bowl,Restaurant/Cafe/Canteen,,Unit 2 THE CITY GATES,,YORK STREET,SA1 3LZ,Abertawe,5,2026-08-17,FHRS,False,51.618483,-3.9400804,"Unit 2 THE CITY GATES, YORK STREET, SA1 3LZ"
2026-09-29,1991061,The Coal House,Restaurant/Cafe/Canteen,,The Coal House,,1 High Street,SA4 4BX,Abertawe,AwaitingInspection,,FHRS,False,,,"The Coal House, 1 High Street, SA4 4BX"
2026-09-29,1063405,The Range Cwmdu,Restaurant/Cafe/Canteen,,Parc Cwmdu,,Carmarthen Road,SA58LJ,Abertawe,5,2026-09-22,FHRS,False,51.635368347168,-3.96579599380493,"Parc Cwmdu, Carmarthen Road, SA58LJ"
2026-09-29,1990573,Kurdish restaurant,Restaurant/Cafe/Canteen,33 Market Street,Crewe,,Cheshire East,CW1 2EW,Cheshire East,AwaitingInspection,,FHRS,False,53.097105,-2.4415418,"33 Market Street, Crewe, Cheshire East, CW1 2EW"
2026-09-29,1990577,The Padel Club Ltd,Restaurant/Cafe/Canteen,Unit A Brooke Park Meadow Road,,,Handforth,SK9 3LP,Cheshire East,AwaitingInspection,,FHRS,False,53.3492765,-2.2107113,"Unit A Brooke Park Meadow Road, Handforth, SK9 3LP"
2026-09-29,1676227,Fuel Factory,Restaurant/Cafe/Canteen,Within Kargo The Lowry Centre,The Quays,Salford,,M50 3AZ,Salford,AwaitingInspection,,FHRS,False,53.4708767,-2.2966775,"Within Kargo The Lowry Centre, The Quays, Salford, M50 3AZ"
2026-09-29,1677330,Fore,Restaurant/Cafe/Canteen,Chantry Lane,Beverley,East Riding Of Yorkshire,,HU17 0PW,East Riding of Yorkshire,AwaitingInspection,,FHRS,False,53.8404006958008,-0.42153000831604,"Chantry Lane, Beverley, East Riding Of Yorkshire, HU17 0PW"
2026-09-29,1991896,Chai By 53.3,Restaurant/Cafe/Canteen,University Of East London Dockland Campus,University Way,Beckton,London,E16 2RD,Newham,5,2026-09-23,FHRS,False,51.5076356,0.0685895,"University Of East London Dockland Campus, University Way, Beckton, London, E16 2RD"
2026-09-29,640377,Chans Bros Ltd Staff Canteen,Restaurant/Cafe/Canteen,Unit 2,Gemini Business Park,Hornet Way,Beckton,E6 7FF,Newham,5,2026-09-22,FHRS,False,51.514738,0.084878,"Unit 2, Gemini Business Park, Hornet Way, Beckton, E6 7FF"
2026-09-29,1990426,Mirab Cafe East,Restaurant/Cafe/Canteen,Unit 53,232 - 236 Green Street,Forest Gate,London,E7 8LE,Newham,AwaitingInspection,,FHRS,False,51.5394477844238,0.03120799921453,"Unit 53, 232 - 236 Green Street, Forest Gate, London, E7 8LE"
2026-09-29,1991895,Mishtiwala Restaurant,Restaurant/Cafe/Canteen,274 Barking Road,East Ham,London,,E6 3BA,Newham,AwaitingInspection,,FHRS,False,51.532509,0.0527,"274 Barking Road, East Ham, London, E6 3BA"
2026-09-29,1991905,Pandyas,Restaurant/Cafe/Canteen,155 High Street North,East Ham,London,,E6 1JB,Newham,AwaitingInspection,,FHRS,True,51.538094,0.05112,"155 High Street North, East Ham, London, E6 1JB"
2026-09-29,1991889,Shah's Halal Food Canning Town,Restaurant/Cafe/Canteen,128 Barking Road,Canning Town,London,,E16 1EN,Newham,AwaitingInspection,,FHRS,False,51.517515,0.012417,"128 Barking Road, Canning Town, London, E16 1EN"
2026-09-29,1991381,Chai green,Restaurant/Cafe/Canteen,25  Cape Hill,,,Smethwick,B66 4RX,Sandwell,AwaitingInspection,,FHRS,False,52.486956,-1.9604098,"25  Cape Hill, Smethwick, B66 4RX"
2026-09-29,1760206,Gurdwara Baba Sang Ji Trust,Restaurant/Cafe/Canteen,Empire Buildings 7-9 St. Pauls Road,,,Smethwick,B66 1EE,Sandwell,5,2026-09-14,FHRS,False,52.4987015,-1.9776336,"Empire Buildings 7-9 St. Pauls Road, Smethwick, B66 1EE"
2026-09-29,1991398,Bluebelles Coffee Shop,Restaurant/Cafe/Canteen,52 New Road,,Chilworth,Surrey,GU4 8LU,Guildford,AwaitingInspection,,FHRS,False,51.2135943,-0.5422433,"52 New Road, Chilworth, Surrey, GU4 8LU"
2026-09-29,1991402,Farmm,Restaurant/Cafe/Canteen,Mellersh Farm New Pond Road,,Compton,Surrey,GU3 1BN,Guildford,AwaitingInspection,,FHRS,False,51.211205,-0.6137248,"Mellersh Farm New Pond Road, Compton, Surrey, GU3 1BN"
2026-09-29,1991404,Rita Botanicals,Restaurant/Cafe/Canteen,84 North Street,,Guildford,Surrey,GU1 4AU,Guildford,AwaitingInspection,,FHRS,False,51.2367845,-0.570811,"84 North Street, Guildford, Surrey, GU1 4AU"
2026-09-29,1991412,Watts Gallery,Restaurant/Cafe/Canteen,The Tea Room Watts Gallery Down Lane,,Compton,Surrey,GU3 1DQ,Guildford,AwaitingInspection,,FHRS,False,51.222240447998,-0.628762006759644,"The Tea Room Watts Gallery Down Lane, Compton, Surrey, GU3 1DQ"
2026-09-29,1991519,La Luna Di Luca - Casa Sarda,Restaurant/Cafe/Canteen,19 Friars Stile Road,,Richmond,Richmond Upon Thames,TW10 6NH,Richmond-Upon-Thames,AwaitingInspection,,FHRS,False,51.4556366,-0.2969748,"19 Friars Stile Road, Richmond, Richmond Upon Thames, TW10 6NH"
2026-09-29,1991520,SYMPOSIO,Restaurant/Cafe/Canteen,45 London Road,,Twickenham,Richmond Upon Thames,TW1 3SZ,Richmond-Upon-Thames,AwaitingInspection,,FHRS,False,51.4481539,-0.3294041,"45 London Road, Twickenham, Richmond Upon Thames, TW1 3SZ"
2026-09-29,1764783,B'Central Experience Limited@,Restaurant/Cafe/Canteen,B'Central Experience Limited@,St Mary's Church,Upper Street,London,N1 2TX,Islington,5,2024-09-15,FHRS,False,51.5384067,-0.1019839,"B'Central Experience Limited@, St Mary's Church, Upper Street, London, N1 2TX"
2026-09-29,1988895,Bonkers,Restaurant/Cafe/Canteen,Bonkers,25 Baron Street,London,N1 9ET,N1 9ET,Islington,AwaitingInspection,,FHRS,False,51.5331224,-0.1094276,"Bonkers, 25 Baron Street, London, N1 9ET, N1 9ET"
2026-09-29,1988891,Thikana,Restaurant/Cafe/Canteen,Thikana,67 Upper Street,London,N1 0NY,N1 0NY,Islington,5,2026-08-12,FHRS,False,51.535939,-0.1039756,"Thikana, 67 Upper Street, London, N1 0NY, N1 0NY"
2026-09-29,1991035,Zaro Kitchen & Grill,Restaurant/Cafe/Canteen,Zaro Kitchen & Grill,Basement And Ground Floors,475 Hornsey Road,London,N19 3QL,Islington,AwaitingInspection,,FHRS,False,51.568675,-0.1237246,"Zaro Kitchen & Grill, Basement And Ground Floors, 475 Hornsey Road, London, N19 3QL"
2026-09-29,1990872,Los Sombreros,Restaurant/Cafe/Canteen,73 Fore Street,Totnes,,,TQ9 5NJ,South Hams,AwaitingInspection,,FHRS,False,50.4315117,-3.6869805,"73 Fore Street, Totnes, TQ9 5NJ"
2026-09-29,1990873,St. Elmo's,Restaurant/Cafe/Canteen,8 Foss Street,Dartmouth,,,TQ6 9DW,South Hams,AwaitingInspection,,FHRS,False,50.351826,-3.579716,"8 Foss Street, Dartmouth, TQ6 9DW"
2026-09-29,1988681,Square bistro,Restaurant/Cafe/Canteen,26 Market Square,,Lisburn,,BT28 1AG,Lisburn and Castlereagh City,AwaitingInspection,,FHRS,False,54.5112432,-6.0443605,"26 Market Square, Lisburn, BT28 1AG"
2026-09-29,1031281,6 Diner,Restaurant/Cafe/Canteen,,6 Market Place,,Sleaford,NG34 7SD,North Kesteven,AwaitingInspection,,FHRS,False,52.9998023,-0.4098251,"6 Market Place, Sleaford, NG34 7SD"
2026-09-29,1989659,BENNETT HAY LTD,Restaurant/Cafe/Canteen,,200 Gray's Inn Road,,London,WC1X 8XZ,Camden,AwaitingInspection,,FHRS,False,51.5234413146973,-0.114110000431538,"200 Gray's Inn Road, London, WC1X 8XZ"
2026-09-29,1989697,BUNSO,Restaurant/Cafe/Canteen,,1a Hawley Road,,London,NW1 8RP,Camden,AwaitingInspection,,FHRS,False,51.5426506,-0.1423896,"1a Hawley Road, London, NW1 8RP"
2026-09-29,1989641,CADABRA,Restaurant/Cafe/Canteen,Highgate Cemetery,Swain's Lane,,London,N6 6PJ,Camden,AwaitingInspection,,FHRS,False,,,"Highgate Cemetery, Swain's Lane, London, N6 6PJ"
2026-09-29,1989653,CASA BAT'BOUT,Restaurant/Cafe/Canteen,BOXPARK CAMDEN Unit 40,192-198 Camden High Street,,London,NW1 8QP,Camden,AwaitingInspection,,FHRS,False,51.540029,-0.1432318,"BOXPARK CAMDEN Unit 40, 192-198 Camden High Street, London, NW1 8QP"
2026-09-29,1989690,Chukaas,Restaurant/Cafe/Canteen,West Yard,Camden Lock Place Camden Market,,London,NW1 8AF,Camden,AwaitingInspection,,FHRS,False,51.54109,-0.1466352,"West Yard, Camden Lock Place Camden Market, London, NW1 8AF"
2026-09-29,1989647,Common Ground Coffee,Restaurant/Cafe/Canteen,,54-56 Camden Lock Place,,London,NW1 8AF,Camden,AwaitingInspection,,FHRS,False,51.541332244873,-0.146625995635986,"54-56 Camden Lock Place, London, NW1 8AF"
2026-09-29,1989650,CUP & CRUST,Restaurant/Cafe/Canteen,,275 Eversholt Street,,London,NW1 1BA,Camden,AwaitingInspection,,FHRS,False,51.534191,-0.1385815,"275 Eversholt Street, London, NW1 1BA"
2026-09-29,1989644,DELI BY CHAI GUYS,Restaurant/Cafe/Canteen,Seven Dials Market,35-41 Earlham Street,,London,WC2H 9LD,Camden,AwaitingInspection,,FHRS,False,51.51396,-0.1263202,"Seven Dials Market, 35-41 Earlham Street, London, WC2H 9LD"
2026-09-29,1989693,FOODITUDE LIMITED,Restaurant/Cafe/Canteen,The Kodak,11 Keeley Street,,London,WC2B 4BA,Camden,AwaitingInspection,,FHRS,False,51.5153343,-0.1194752,"The Kodak, 11 Keeley Street, London, WC2B 4BA"
2026-09-29,1989665,GOLDFISH & INE,Restaurant/Cafe/Canteen,,16 Hampstead High Street,,London,NW3 1PX,Camden,AwaitingInspection,,FHRS,False,51.5556998,-0.1757004,"16 Hampstead High Street, London, NW3 1PX"
2026-09-29,1989658,KABAYAN KORNER,Restaurant/Cafe/Canteen,,140 Kilburn High Road,,London,NW6 4JD,Camden,AwaitingInspection,,FHRS,False,51.5401979,-0.1955577,"140 Kilburn High Road, London, NW6 4JD"
2026-09-29,1989687,MASTER CAO MALATANG,Restaurant/Cafe/Canteen,,107 Southampton Row,,London,WC1B 4HH,Camden,AwaitingInspection,,FHRS,False,51.5204089,-0.1224517,"107 Southampton Row, London, WC1B 4HH"
2026-09-29,1989664,OATIS,Restaurant/Cafe/Canteen,,57a Jamestown Road,,London,NW1 7DB,Camden,AwaitingInspection,,FHRS,False,51.5397299,-0.1470655,"57a Jamestown Road, London, NW1 7DB"
2026-09-29,1989648,OLD BULL + BUSH,Restaurant/Cafe/Canteen,,North End Way,,London,NW3 7HE,Camden,AwaitingInspection,,FHRS,False,,,"North End Way, London, NW3 7HE"
2026-09-29,1989656,PAPA JOHNS PIZZA,Restaurant/Cafe/Canteen,,43 Theobald's Road,,London,WC1X 8SP,Camden,AwaitingInspection,,FHRS,False,51.5200537,-0.1182429,"43 Theobald's Road, London, WC1X 8SP"
2026-09-29,1989692,PASTA EVANGELISTS,Restaurant/Cafe/Canteen,Unit 92 The Stables Market,Chalk Farm Road,,London,NW1 8AH,Camden,AwaitingInspection,,FHRS,False,51.5423394,-0.1477382,"Unit 92 The Stables Market, Chalk Farm Road, London, NW1 8AH"
2026-09-29,1989689,Poke Gogi,Restaurant/Cafe/Canteen,West Yard,Camden Lock Place Camden Market,,London,NW1 8AF,Camden,AwaitingInspection,,FHRS,False,51.54109,-0.1466352,"West Yard, Camden Lock Place Camden Market, London, NW1 8AF"
2026-09-29,1989661,Pophams,Restaurant/Cafe/Canteen,Colourworks,10 Spring Place,,London,NW5 3BH,Camden,AwaitingInspection,,FHRS,False,51.5499784,-0.1480048,"Colourworks, 10 Spring Place, London, NW5 3BH"
2026-09-29,1989663,Roza Lounge Cafe,Restaurant/Cafe/Canteen,,329a West End Lane,,London,NW6 1RS,Camden,AwaitingInspection,,FHRS,False,51.5518205,-0.1929052,"329a West End Lane, London, NW6 1RS"
2026-09-29,1989649,SANDOWICH,Restaurant/Cafe/Canteen,,60 Red Lion Street,,London,WC1R 4PS,Camden,AwaitingInspection,,FHRS,False,,,"60 Red Lion Street, London, WC1R 4PS"
2026-09-29,1989645,SISI OLONJE,Restaurant/Cafe/Canteen,New Chalton Street Market,Chalton Street,,London,NW1 1JD,Camden,AwaitingInspection,,FHRS,False,,,"New Chalton Street Market, Chalton Street, London, NW1 1JD"
2026-09-29,1989691,Top Soup,Restaurant/Cafe/Canteen,,27 Red Lion Street,,London,WC1R 4PS,Camden,AwaitingInspection,,FHRS,False,51.5195852,-0.1170659,"27 Red Lion Street, London, WC1R 4PS"
2026-09-29,1990340,McDonald's,Restaurant/Cafe/Canteen,Mcdonalds Restaurant Ltd Plas Coch Retail Park,Plas Coch,Wrexham,,LL11 2BA,Wrexham,5,2026-09-09,FHRS,False,,,"Mcdonalds Restaurant Ltd Plas Coch Retail Park, Plas Coch, Wrexham, LL11 2BA"
2026-09-29,1990341,Taste Cafe,Restaurant/Cafe/Canteen,Sainsburys Supermarket Plas Coch Retail Park,Plas Coch,Wrexham,,LL11 2BA,Wrexham,AwaitingInspection,,FHRS,True,53.0571623,-3.0081325,"Sainsburys Supermarket Plas Coch Retail Park, Plas Coch, Wrexham, LL11 2BA"
2026-09-29,1989098,Loafers Sandwich Bar,Restaurant/Cafe/Canteen,17 High Street,Wisbech,Cambridgeshire,,PE13 1DB,Fenland,AwaitingInspection,,FHRS,False,52.6646523,0.1592281,"17 High Street, Wisbech, Cambridgeshire, PE13 1DB"
2026-09-29,1990880,Cowleys Kitchen,Restaurant/Cafe/Canteen,,,,,,Nuneaton and Bedworth,AwaitingInspection,,FHRS,False,,,
2026-09-29,1990879,Matt Foods Ltd,Restaurant/Cafe/Canteen,,,,,,Nuneaton and Bedworth,AwaitingInspection,,FHRS,False,,,
2026-09-29,1990881,Stay coco,Restaurant/Cafe/Canteen,,,,,,Nuneaton and Bedworth,AwaitingInspection,,FHRS,False,,,
2026-09-29,1990882,The Dragons Crumb,Restaurant/Cafe/Canteen,,4 Abbey Gate,,Nuneaton,CV11 4EH,Nuneaton and Bedworth,AwaitingInspection,,FHRS,False,52.5230539,-1.4684192,"4 Abbey Gate, Nuneaton, CV11 4EH"
2026-09-29,1989754,Cosy Coffee House,Restaurant/Cafe/Canteen,Cosy Coffee House,12 New Street,Mold,Flintshire,CH7 1NZ,Flintshire,AwaitingInspection,,FHRS,False,,,"Cosy Coffee House, 12 New Street, Mold, Flintshire, CH7 1NZ"
2026-09-29,1989760,Protein Shack,Restaurant/Cafe/Canteen,Protein shack,Castlefields,Marsh Lane,Flintshire,CH6 5PJ,Flintshire,AwaitingInspection,,FHRS,False,53.2500853,-3.128436,"Protein shack, Castlefields, Marsh Lane, Flintshire, CH6 5PJ"
2026-09-29,1989758,Wings Club,Restaurant/Cafe/Canteen,Wings Club,Broughton Wings Sports Club,Broughton Hall Road Broughton,Flintshire,CH4 0NQ,Flintshire,AwaitingInspection,,FHRS,False,,,"Wings Club, Broughton Wings Sports Club, Broughton Hall Road Broughton, Flintshire, CH4 0NQ"
2026-09-29,1963988,Bakehouse32,Restaurant/Cafe/Canteen,Units 69 To 72 Stretford Shopping Mall,Chester Road,Stretford,Manchester,M32 9BD,Trafford,AwaitingInspection,,FHRS,False,53.445223,-2.3108172,"Units 69 To 72 Stretford Shopping Mall, Chester Road, Stretford, Manchester, M32 9BD"
2026-09-29,1990642,Dave’s Hot Chicken,Restaurant/Cafe/Canteen,Unit 29,Level 1,The Great Hall,The Trafford Centre,M17 6AA,Trafford,AwaitingInspection,,FHRS,False,,,"Unit 29, Level 1, The Great Hall, The Trafford Centre, M17 6AA"
2026-09-29,1988785,ElevatEd Alternative Provision Ltd,Restaurant/Cafe/Canteen,,,,,,Trafford,AwaitingInspection,,FHRS,False,,,
2026-09-29,1988784,Kuma Asian Restaurant,Restaurant/Cafe/Canteen,,48 Green Lane,Sale,,M33 5PG,Trafford,AwaitingInspection,,FHRS,False,53.4300542,-2.3421163,"48 Green Lane, Sale, M33 5PG"
2026-09-29,1990648,MAERI – INDIAN RASOI,Restaurant/Cafe/Canteen,,5 Ashton Lane,Sale,,M33 6WT,Trafford,AwaitingInspection,,FHRS,False,53.4257125854492,-2.32635593414307,"5 Ashton Lane, Sale, M33 6WT"
2026-09-29,1988778,Metros sports and Social Club,Restaurant/Cafe/Canteen,Stretford Metro Sports Club,Moss Road,Stretford,Manchester,M32 0AH,Trafford,AwaitingInspection,,FHRS,False,53.451221,-2.310033,"Stretford Metro Sports Club, Moss Road, Stretford, Manchester, M32 0AH"
2026-09-29,1990526,Colonel Paddy's Cafe & Bistro,Restaurant/Cafe/Canteen,2 Conway Square,,Newtownards,,BT23 4DD,Ards and North Down,AwaitingInspection,,FHRS,False,54.5935821,-5.6953889,"2 Conway Square, Newtownards, BT23 4DD"
2026-09-29,1990518,FREDDY'S,Restaurant/Cafe/Canteen,42-44 Abbey Street,Corporation,Bangor,Down,BT20 4JA,Ards and North Down,AwaitingInspection,,FHRS,False,54.657815,-5.672067,"42-44 Abbey Street, Corporation, Bangor, Down, BT20 4JA"
2026-09-29,1402622,Grattan's test,Restaurant/Cafe/Canteen,2 Broadway,Ballywalter,Ballywalter,Down,BT22 2NH,Ards and North Down,AwaitingInspection,,FHRS,False,54.5460878,-5.4863156,"2 Broadway, Ballywalter, Ballywalter, Down, BT22 2NH"
2026-09-29,1990521,Olive by Cafolla's,Restaurant/Cafe/Canteen,,,,,,Ards and North Down,AwaitingInspection,,FHRS,False,,,
2026-09-29,1990525,THE WALLED GARDEN HELENS BAY,Restaurant/Cafe/Canteen,Helens Bay,,Bangor,,BT19 1UB,Ards and North Down,AwaitingInspection,,FHRS,False,54.660400390625,-5.76096487045288,"Helens Bay, Bangor, BT19 1UB"
2026-09-29,1349374,The Willowtree Cafe Gallery,Restaurant/Cafe/Canteen,10 The Square Comber,,Co Down,,BT23 5TD,Ards and North Down,AwaitingInspection,,FHRS,False,54.501049041748,-5.79828310012817,"10 The Square Comber, Co Down, BT23 5TD"
2026-09-29,1990316,Bradford Hut,Restaurant/Cafe/Canteen,Harold Park,Park Road,Low Moor,Bradford,BD12 0DL,Bradford,AwaitingInspection,,FHRS,False,53.7572501,-1.7729298,"Harold Park, Park Road, Low Moor, Bradford, BD12 0DL"
2026-09-29,1990312,Hukkabaz Lounge,Restaurant/Cafe/Canteen,,11 Great Horton Road,Bradford,,BD7 1AA,Bradford,AwaitingInspection,,FHRS,False,53.791316,-1.758186,"11 Great Horton Road, Bradford, BD7 1AA"
2026-09-29,1990315,Nando's,Restaurant/Cafe/Canteen,Unit 2 Alexandra Mills,Gresley Road,Keighley,,BD21 5JG,Bradford,AwaitingInspection,,FHRS,False,53.8665308,-1.9045451,"Unit 2 Alexandra Mills, Gresley Road, Keighley, BD21 5JG"
2026-09-29,328368,Salah's,Restaurant/Cafe/Canteen,,180-182 Lilycroft Road,Bradford,,BD9 5AJ,Bradford,AwaitingInspection,,FHRS,False,53.806654,-1.784095,"180-182 Lilycroft Road, Bradford, BD9 5AJ"
2026-09-29,1989729,AshleysF.O.G,Restaurant/Cafe/Canteen,,,,,,Colchester,AwaitingInspection,,FHRS,False,,,
2026-09-29,1991004,Bite&Boujee,Restaurant/Cafe/Canteen,,,,,,Colchester,AwaitingInspection,,FHRS,False,,,
2026-09-29,1991010,Brew & Beans,Restaurant/Cafe/Canteen,2 Centurion House,St Johns Street,Colchester,Essex,CO2 7AH,Colchester,AwaitingInspection,,FHRS,False,51.8877023,0.8987607,"2 Centurion House, St Johns Street, Colchester, Essex, CO2 7AH"
2026-09-29,1989730,Clo's cakes,Restaurant/Cafe/Canteen,,,,,,Colchester,AwaitingInspection,,FHRS,False,,,
2026-09-29,1991009,Coutts Cakes & Co,Restaurant/Cafe/Canteen,,,,,,Colchester,AwaitingInspection,,FHRS,False,,,
2026-09-29,1989728,Cuckoo Dough,Restaurant/Cafe/Canteen,12 Short Wyre Street,Colchester,Essex,,CO1 1LN,Colchester,AwaitingInspection,,FHRS,False,51.8880573,0.9025988,"12 Short Wyre Street, Colchester, Essex, CO1 1LN"
2026-09-29,1989724,Dansville,Restaurant/Cafe/Canteen,,,,,,Colchester,AwaitingInspection,,FHRS,False,,,
2026-09-29,1989732,Dedham Vale Vineyard,Restaurant/Cafe/Canteen,Green Lane,Boxted,Essex,,CO4 5TS,Colchester,5,2026-09-08,FHRS,False,,,"Green Lane, Boxted, Essex, CO4 5TS"
2026-09-29,1991001,Desy's Bakery Station,Restaurant/Cafe/Canteen,,,,,,Colchester,AwaitingInspection,,FHRS,False,,,
2026-09-29,1991012,Fun 4 Kids at Kendall,Restaurant/Cafe/Canteen,Fun4kids at Kendall Scarletts,Recreation Road,Colchester,Essex,CO1 2HJ,Colchester,AwaitingInspection,,FHRS,False,,,"Fun4kids at Kendall Scarletts, Recreation Road, Colchester, Essex, CO1 2HJ"
2026-09-29,1991008,Krafty bakes,Restaurant/Cafe/Canteen,,,,,,Colchester,AwaitingInspection,,FHRS,False,,,
2026-09-29,1991003,Love at First Bite,Restaurant/Cafe/Canteen,,,,,,Colchester,AwaitingInspection,,FHRS,False,,,
2026-09-29,1989725,Popeyes,Restaurant/Cafe/Canteen,38 High Street,Colchester,Essex,,CO1 1DS,Colchester,AwaitingInspection,,FHRS,False,,,"38 High Street, Colchester, Essex, CO1 1DS"
2026-09-29,1991007,Tasty Touch,Restaurant/Cafe/Canteen,,,,,,Colchester,AwaitingInspection,,FHRS,False,,,
2026-09-29,1989731,The Bakery Booth,Restaurant/Cafe/Canteen,,,,,,Colchester,AwaitingInspection,,FHRS,False,,,
2026-09-29,1991006,The Coffee House,Restaurant/Cafe/Canteen,Hatfields,Peartree Road,Stanway,Essex,CO3 0LA,Colchester,AwaitingInspection,,FHRS,False,51.877718,0.8460061,"Hatfields, Peartree Road, Stanway, Essex, CO3 0LA"
2026-09-29,1989723,The Cookie Crumb Shed,Restaurant/Cafe/Canteen,,,,,,Colchester,5,2026-09-23,FHRS,False,,,
2026-09-29,1991501,Fox Golf Ltd,Restaurant/Cafe/Canteen,,Unit 6 Waldron Road,,Loughborough,LE11 5GD,Charnwood,AwaitingInspection,,FHRS,False,,,"Unit 6 Waldron Road, Loughborough, LE11 5GD"
2026-09-29,1991497,Patty and Peck,Restaurant/Cafe/Canteen,,73 Ashby Road,,Loughborough,LE11 3AA,Charnwood,5,2025-09-09,FHRS,False,52.772576,-1.212929,"73 Ashby Road, Loughborough, LE11 3AA"
2026-09-29,1991503,Quorn Spice,Restaurant/Cafe/Canteen,,10 Leicester Road,,Quorn,LE12 8ET,Charnwood,AwaitingInspection,,FHRS,False,52.742627,-1.16743,"10 Leicester Road, Quorn, LE12 8ET"
2026-09-29,170020,Laughton Village Shop,Restaurant/Cafe/Canteen,Laughton Stores Lewes Road,,Laughton,East Sussex,BN8 6BG,Wealden,5,2025-09-05,FHRS,False,50.8987679,0.1356587,"Laughton Stores Lewes Road, Laughton, East Sussex, BN8 6BG"
2026-09-29,1989913,Thiru Kochi Restaurant,Restaurant/Cafe/Canteen,7 High Street,,Hailsham,East Sussex,BN27 1AL,Wealden,AwaitingInspection,,FHRS,False,50.8626725,0.2598468,"7 High Street, Hailsham, East Sussex, BN27 1AL"
2026-09-29,131998,Oasis Restaurant,Restaurant/Cafe/Canteen,,12 Union Street,Southport,Merseyside,PR9 0QE,Sefton,AwaitingInspection,,FHRS,False,53.650543,-2.999278,"12 Union Street, Southport, Merseyside, PR9 0QE"
2026-09-29,144302,The Olive Grove Restaurant And Bar,Restaurant/Cafe/Canteen,1a The Beacons,Halsall Lane,Formby,Merseyside,L37 3NN,Sefton,AwaitingInspection,,FHRS,False,53.558818,-3.061441,"1a The Beacons, Halsall Lane, Formby, Merseyside, L37 3NN"
2026-09-29,537921,The Salvation Army,Restaurant/Cafe/Canteen,Salvation Army Citadel,381 Stanley Road,Bootle,,L20 3EF,Sefton,AwaitingInspection,,FHRS,False,53.4540498,-2.9915689,"Salvation Army Citadel, 381 Stanley Road, Bootle, L20 3EF"
2026-09-29,1988946,Bake n Brew,Restaurant/Cafe/Canteen,108 Finchale Road,Hebburn,Tyne & Wear,,NE31 2JT,South Tyneside,AwaitingInspection,,FHRS,False,54.962704,-1.512212,"108 Finchale Road, Hebburn, Tyne & Wear, NE31 2JT"
2026-09-29,1988948,Bangali Bhoj,Restaurant/Cafe/Canteen,19 Ocean Road,South Shields,Tyne & Wear,,NE33 2HT,South Tyneside,AwaitingInspection,,FHRS,False,54.9990449,-1.4316058,"19 Ocean Road, South Shields, Tyne & Wear, NE33 2HT"
2026-09-29,1988950,Crumbz,Restaurant/Cafe/Canteen,,,,,,South Tyneside,AwaitingInspection,,FHRS,False,,,
2026-09-29,1988944,Piano Lounge & Restaurant,Restaurant/Cafe/Canteen,1 Blackett Street,Hebburn,Tyne & Wear,,NE31 1ST,South Tyneside,AwaitingInspection,,FHRS,False,54.9839021,-1.5034027,"1 Blackett Street, Hebburn, Tyne & Wear, NE31 1ST"
2026-09-29,1989214,Angie's Tiny Treats,Restaurant/Cafe/Canteen,,38 Victoria Road,,Ruislip,HA4 0AG,Hillingdon,AwaitingInspection,,FHRS,False,51.5725264,-0.4128318,"38 Victoria Road, Ruislip, HA4 0AG"
2026-09-29,1989223,Bobby's express,Restaurant/Cafe/Canteen,,704 Field End Road,,Ruislip,HA4 0QP,Hillingdon,AwaitingInspection,,FHRS,False,51.5611355,-0.3814172,"704 Field End Road, Ruislip, HA4 0QP"
2026-09-29,1989212,Phat Flavaz,Restaurant/Cafe/Canteen,,12 Dallas Terrace,,Hayes,UB3 4QN,Hillingdon,AwaitingInspection,,FHRS,False,51.5002799,-0.4186427,"12 Dallas Terrace, Hayes, UB3 4QN"
2026-09-29,1989218,Shahs Halal Food,Restaurant/Cafe/Canteen,,86a Victoria Road,,Ruislip,HA4 0AL,Hillingdon,AwaitingInspection,,FHRS,False,51.5712532,-0.4119272,"86a Victoria Road, Ruislip, HA4 0AL"
2026-09-29,1989210,Sisi Bar & Kitchen (open 26 Oct 26),Restaurant/Cafe/Canteen,,163 Field End Road,,Eastcote,HA5 1QL,Hillingdon,AwaitingInspection,,FHRS,False,51.578524,-0.398989,"163 Field End Road, Eastcote, HA5 1QL"
2026-09-29,1989222,The Hut,Restaurant/Cafe/Canteen,,2 Old Orchard Close,,Uxbridge,UB8 3LH,Hillingdon,AwaitingInspection,,FHRS,False,51.520535,-0.452755,"2 Old Orchard Close, Uxbridge, UB8 3LH"
2026-09-29,1989217,The Sarnie Shack LTD,Restaurant/Cafe/Canteen,,424a Sipson Road,,Sipson,UB7 0HU,Hillingdon,AwaitingInspection,,FHRS,False,51.489162,-0.456193,"424a Sipson Road, Sipson, UB7 0HU"
2026-09-29,1991190,THAI CORNER,Restaurant/Cafe/Canteen,,8 Clifton Road,Prestwich,Manchester,M25 3HQ,Bury,5,2026-09-10,FHRS,False,53.532356,-2.286245,"8 Clifton Road, Prestwich, Manchester, M25 3HQ"
2026-09-29,1887387,Butter&Bean,Restaurant/Cafe/Canteen,33 Market Place,,,Knaresborough,HG5 8AL,North Yorkshire,5,2026-01-28,FHRS,False,,,"33 Market Place, Knaresborough, HG5 8AL"
2026-09-29,1989889,Cornerstone Cafe,Restaurant/Cafe/Canteen,CHURCH STREET,,,CASTLETON,YO22 4BH,North Yorkshire,AwaitingInspection,,FHRS,False,,,"CHURCH STREET, CASTLETON, YO22 4BH"
2026-09-29,1989898,Gallery32,Restaurant/Cafe/Canteen,32 KIRKGATE,,,RIPON,HG4 1PB,North Yorkshire,AwaitingInspection,,FHRS,False,54.135341,-1.5223202,"32 KIRKGATE, RIPON, HG4 1PB"
2026-09-29,1991988,Hiive T/A Go Yoga,Restaurant/Cafe/Canteen,40 Commercial Street,,,Harrogate,HG1 1TZ,North Yorkshire,AwaitingInspection,,FHRS,False,,,"40 Commercial Street, Harrogate, HG1 1TZ"
2026-09-29,1989888,The Anchor,Restaurant/Cafe/Canteen,Anchor Inn Hellifield Road,,,Gargrave,BD23 3NB,North Yorkshire,AwaitingInspection,,FHRS,False,53.9838959,-2.116323,"Anchor Inn Hellifield Road, Gargrave, BD23 3NB"
2026-09-29,1989900,The Kirb,Restaurant/Cafe/Canteen,7 Market Place,Kirkbymoorside,,York,YO62 6AA,North Yorkshire,AwaitingInspection,,FHRS,False,54.2694498,-0.9315146,"7 Market Place, Kirkbymoorside, York, YO62 6AA"
2026-09-29,1989899,The Little Fold Play Cafe ltd,Restaurant/Cafe/Canteen,69 High Street,,,Stokesley,TS9 5BQ,North Yorkshire,AwaitingInspection,,FHRS,False,54.4694186,-1.1943463,"69 High Street, Stokesley, TS9 5BQ"
2026-09-29,1989893,The Old Granary,Restaurant/Cafe/Canteen,Old Granary Tea Shop High Street,,,Pateley Bridge,HG3 5AP,North Yorkshire,AwaitingInspection,,FHRS,False,,,"Old Granary Tea Shop High Street, Pateley Bridge, HG3 5AP"
2026-09-29,1991990,Tumble&tea,Restaurant/Cafe/Canteen,281 High Street,,,Northallerton,DL7 8DW,North Yorkshire,AwaitingInspection,,FHRS,False,,,"281 High Street, Northallerton, DL7 8DW"
2026-09-29,1989416,ADK Halal Food,Restaurant/Cafe/Canteen,92A Balham High Road,,London,Wandsworth,SW12 9AG,Wandsworth,AwaitingInspection,,FHRS,False,51.4462703,-0.1498627,"92A Balham High Road, London, Wandsworth, SW12 9AG"
2026-09-29,1991557,Ground at St Marys / Ground Coffee Society,Restaurant/Cafe/Canteen,St Marys Church Putney High Street,,London,Wandsworth,SW15 1SN,Wandsworth,AwaitingInspection,,FHRS,False,,,"St Marys Church Putney High Street, London, Wandsworth, SW15 1SN"
2026-09-29,1991560,Konjiki,Restaurant/Cafe/Canteen,Unit 362 Turbine Hall Battersea Power Station Circus Road South,,London,Wandsworth,SW11 8BZ,Wandsworth,AwaitingInspection,,FHRS,False,51.4815083,-0.145443,"Unit 362 Turbine Hall Battersea Power Station Circus Road South, London, Wandsworth, SW11 8BZ"
2026-09-29,1989407,SEAWICH,Restaurant/Cafe/Canteen,178 Lower Richmond Road,,London,Wandsworth,SW15 1LY,Wandsworth,AwaitingInspection,,FHRS,False,51.4685284,-0.226818,"178 Lower Richmond Road, London, Wandsworth, SW15 1LY"
2026-09-29,1990697,Chickaros Whitechapel,Restaurant/Cafe/Canteen,,104-106 Whitechapel Road,London,,E1 1JE,Tower Hamlets,AwaitingInspection,,FHRS,True,51.5178001,-0.0643273,"104-106 Whitechapel Road, London, E1 1JE"
2026-09-29,1990701,Fat Pat's,Restaurant/Cafe/Canteen,,48 Hanbury Street,London,,E1 5JL,Tower Hamlets,AwaitingInspection,,FHRS,False,51.520194,-0.071025,"48 Hanbury Street, London, E1 5JL"
2026-09-29,1990691,GAIL's Bakery Shoreditch,Restaurant/Cafe/Canteen,,1 Sclater Street,London,,E1 6HR,Tower Hamlets,5,2026-09-16,FHRS,False,51.5237136,-0.0742133,"1 Sclater Street, London, E1 6HR"
2026-09-29,1988772,House Objets LTD,Restaurant/Cafe/Canteen,,92 Brick Lane,London,,E1 6RL,Tower Hamlets,AwaitingInspection,,FHRS,False,51.5194671,-0.0716223,"92 Brick Lane, London, E1 6RL"
2026-09-29,1990705,"Jinxiang Restaurant, Cloud Kitchen",Restaurant/Cafe/Canteen,,73 Wentworth Street,London,,E1 7TD,Tower Hamlets,AwaitingInspection,,FHRS,False,51.5170058,-0.0739749,"73 Wentworth Street, London, E1 7TD"
2026-09-29,1990706,Kapwa Cafe & Community Hub,Restaurant/Cafe/Canteen,,138-140 Cambridge Heath Road,London,,E2 5QJ,Tower Hamlets,AwaitingInspection,,FHRS,False,51.5241234,-0.0546454,"138-140 Cambridge Heath Road, London, E2 5QJ"
2026-09-29,1990703,MaJangDong Brick Lane,Restaurant/Cafe/Canteen,,90 Brick Lane,London,,E1 6RL,Tower Hamlets,AwaitingInspection,,FHRS,False,51.519529,-0.071673,"90 Brick Lane, London, E1 6RL"
2026-09-29,1988773,Mason's Famous Lobster Rolls,Restaurant/Cafe/Canteen,,2c Lamb Street,London,,E1 6EA,Tower Hamlets,AwaitingInspection,,FHRS,False,51.5203893,-0.0768447,"2c Lamb Street, London, E1 6EA"
2026-09-29,1990699,Mug&Crumb,Restaurant/Cafe/Canteen,,82-86 Roman Road,London,,E2 0PJ,Tower Hamlets,5,2026-09-22,FHRS,False,51.5284055,-0.0493302,"82-86 Roman Road, London, E2 0PJ"
2026-09-29,1990690,Noxy Brothers - Spitalfields,Restaurant/Cafe/Canteen,Old Spitalfields Market,105d Commercial Street,London,,E1 6BG,Tower Hamlets,AwaitingInspection,,FHRS,False,51.51949814,-0.07455961,"Old Spitalfields Market, 105d Commercial Street, London, E1 6BG"
2026-09-29,1988775,PFC-Grill Ltd,Restaurant/Cafe/Canteen,,38 Ben Jonson Road,London,,E1 3NN,Tower Hamlets,AwaitingInspection,,FHRS,False,51.517806,-0.03982,"38 Ben Jonson Road, London, E1 3NN"
2026-09-29,1990698,Shalamar Kebab House,Restaurant/Cafe/Canteen,,5 Hessel Street,London,,E1 2LR,Tower Hamlets,AwaitingInspection,,FHRS,False,51.5144834,-0.0622484,"5 Hessel Street, London, E1 2LR"
2026-09-29,1690101,Tiella,Restaurant/Cafe/Canteen,Tiella,109 Columbia Road,London,,E2 7RL,Tower Hamlets,AwaitingInspection,,FHRS,True,51.5303369,-0.0682071,"Tiella, 109 Columbia Road, London, E2 7RL"
2026-09-29,1989008,Gi Gi Italian Restaurant & Takeaway,Restaurant/Cafe/Canteen,Gi Gi Restaurant and Bar,Keeling Street,North Somercotes,Lincolnshire,LN11 7QT,East Lindsey,5,2026-08-11,FHRS,False,,,"Gi Gi Restaurant and Bar, Keeling Street, North Somercotes, Lincolnshire, LN11 7QT"
2026-09-29,1990906,Lahori Grill,Restaurant/Cafe/Canteen,Sea Lane,Ingoldmells,Skegness,,PE25 1LH,East Lindsey,4,2026-07-09,FHRS,False,,,"Sea Lane, Ingoldmells, Skegness, PE25 1LH"
2026-09-29,1989185,Momma Jackies,Restaurant/Cafe/Canteen,The Nurseries,Coots Lane,Mumby,Lincolnshire,LN13 9JZ,East Lindsey,5,2026-09-17,FHRS,False,53.2427738,0.2623817,"The Nurseries, Coots Lane, Mumby, Lincolnshire, LN13 9JZ"
2026-09-29,1992194,Nemo's Fish & Chips,Restaurant/Cafe/Canteen,Nemos Fish And Chips,Multi Storey Car Park East Of Planet Fun,Sea Lane,Ingoldmells,PE25 1PG,East Lindsey,5,2026-09-20,FHRS,False,,,"Nemos Fish And Chips, Multi Storey Car Park East Of Planet Fun, Sea Lane, Ingoldmells, PE25 1PG"
2026-09-29,1989012,Sally's,Restaurant/Cafe/Canteen,The Lumley,Lumley Square,Skegness,Lincolnshire,PE25 3QJ,East Lindsey,5,2026-08-25,FHRS,False,,,"The Lumley, Lumley Square, Skegness, Lincolnshire, PE25 3QJ"
2026-09-29,1989344,Salvation Army Tearoom,Restaurant/Cafe/Canteen,42 High Street,Skegness,Lincolnshire,,PE25 3NW,East Lindsey,5,2023-03-02,FHRS,False,53.142744,0.3377023,"42 High Street, Skegness, Lincolnshire, PE25 3NW"
2026-09-29,1806836,Speedys,Restaurant/Cafe/Canteen,Main Road,Stickney,Boston,,PE22 8AD,East Lindsey,5,2026-08-23,FHRS,False,53.0824657,0.006483,"Main Road, Stickney, Boston, PE22 8AD"
2026-09-29,1989010,Stickney Coffee Shop,Restaurant/Cafe/Canteen,Speedy,Main Road,Stickney,Lincolnshire,PE22 8AD,East Lindsey,4,2026-08-23,FHRS,False,,,"Speedy, Main Road, Stickney, Lincolnshire, PE22 8AD"
2026-09-29,1992193,The Blossom Lily,Restaurant/Cafe/Canteen,4 - 6 The Esplanade,Chapel St Leonards,Lincolnshire,,PE24 5TB,East Lindsey,AwaitingInspection,,FHRS,True,,,"4 - 6 The Esplanade, Chapel St Leonards, Lincolnshire, PE24 5TB"
2026-09-29,1991147,abCoffee,Restaurant/Cafe/Canteen,17 Dunesmullan Road,Dunesmullan,Markethill,Armagh,BT60 1TJ,"Armagh City, Banbridge and Craigavon",AwaitingInspection,,FHRS,False,54.303157,-6.4886324,"17 Dunesmullan Road, Dunesmullan, Markethill, Armagh, BT60 1TJ"
2026-09-29,1989861,Lino’s Pizza,Restaurant/Cafe/Canteen,353 Accrington Road,,Blackburn,Blackburn With Darwen,BB1 2AL,Blackburn,AwaitingInspection,,FHRS,False,53.7479226,-2.4441994,"353 Accrington Road, Blackburn, Blackburn With Darwen, BB1 2AL"
2026-09-29,1590337,Mughal Dine,Restaurant/Cafe/Canteen,Mughal Dine Duckworth Street,,Darwen,Blackburn With Darwen,BB3 1PX,Blackburn,4,2025-07-03,FHRS,False,53.6966736,-2.4689432,"Mughal Dine Duckworth Street, Darwen, Blackburn With Darwen, BB3 1PX"
2026-09-29,1989866,Syriabites,Restaurant/Cafe/Canteen,356 Whalley Range,,Blackburn,Blackburn With Darwen,BB1 6NN,Blackburn,AwaitingInspection,,FHRS,False,53.7577825,-2.4723321,"356 Whalley Range, Blackburn, Blackburn With Darwen, BB1 6NN"
2026-09-29,1992017,LIV Caffe,Restaurant/Cafe/Canteen,,8 Fishergate,Preston,,PR1 3NN,Preston,AwaitingInspection,,FHRS,False,,,"8 Fishergate, Preston, PR1 3NN"
2026-09-29,1989981,Mahesh Adhikari / Sunita Luitel,Restaurant/Cafe/Canteen,,,,,,Preston,AwaitingInspection,,FHRS,False,,,
2026-09-29,1991480,Eversley Coffee shop,Restaurant/Cafe/Canteen,East Sussex College Cross Levels Way,,Eastbourne,East Sussex,BN21 2UF,Eastbourne,AwaitingInspection,,FHRS,False,50.7889045,0.2721522,"East Sussex College Cross Levels Way, Eastbourne, East Sussex, BN21 2UF"
2026-09-29,1991479,Evil's Polish Tasty Bites,Restaurant/Cafe/Canteen,,,,,,Eastbourne,AwaitingInspection,,FHRS,False,,,
2026-09-29,1991308,Dylanahs,Restaurant/Cafe/Canteen,,18-20 Pasture Street,,Grimsby,DN31 1QD,North East Lincolnshire,AwaitingInspection,,FHRS,False,53.5658878,-0.0805923,"18-20 Pasture Street, Grimsby, DN31 1QD"
2026-09-29,1991313,Grazing platters,Restaurant/Cafe/Canteen,,1 King's Road,,Cleethorpes,DN35 0AJ,North East Lincolnshire,AwaitingInspection,,FHRS,False,53.5512924,-0.0181729,"1 King's Road, Cleethorpes, DN35 0AJ"
2026-09-29,1991314,Shaney's,Restaurant/Cafe/Canteen,Stall 7AB,Freeman Street Market Nelson Street,,Grimsby,DN32 7DS,North East Lincolnshire,AwaitingInspection,,FHRS,False,,,"Stall 7AB, Freeman Street Market Nelson Street, Grimsby, DN32 7DS"
2026-09-29,1986708,Pipp And Co,Restaurant/Cafe/Canteen,Silcox House,5 - 7 New Street,City Centre,Bath,BA1 2AF,Bath and North East Somerset,5,2026-09-22,FHRS,False,51.3812391,-2.3638264,"Silcox House, 5 - 7 New Street, City Centre, Bath, BA1 2AF"
2026-09-29,1989297,Chestnut Cafe,Restaurant/Cafe/Canteen,13 Lewisham Road,,Lewisham,Greenwich,SE13 7QS,Greenwich,AwaitingInspection,,FHRS,False,51.4724109,-0.0152473,"13 Lewisham Road, Lewisham, Greenwich, SE13 7QS"
2026-09-29,1989294,Pacino's Eltham,Restaurant/Cafe/Canteen,156 Well Hall Road,,Eltham,Greenwich,SE9 6SN,Greenwich,AwaitingInspection,,FHRS,False,51.4564248,0.0507865,"156 Well Hall Road, Eltham, Greenwich, SE9 6SN"
2026-09-29,1989200,Jacketinn,Restaurant/Cafe/Canteen,408 Corporation Road,Newport,South Wales,,NP19 0GA,Casnewydd,AwaitingInspection,,FHRS,False,51.5825524,-2.9745056,"408 Corporation Road, Newport, South Wales, NP19 0GA"
2026-09-29,1989203,The Hwb,Restaurant/Cafe/Canteen,Duffryn Community Centre,Duffryn Shopping Centre,Tredegar House Drive,Newport,NP10 8TE,Casnewydd,AwaitingInspection,,FHRS,False,51.560375,-3.0262025,"Duffryn Community Centre, Duffryn Shopping Centre, Tredegar House Drive, Newport, NP10 8TE"
2026-09-29,1990824,Hundred Monkeys Cafe and Catering Ltd,Restaurant/Cafe/Canteen,52 High Street,Glastonbury,Somerset,,BA6 9DY,Somerset,3,2026-08-12,FHRS,False,51.147814,-2.7147224,"52 High Street, Glastonbury, Somerset, BA6 9DY"
2026-09-29,1990821,Love churros London,Restaurant/Cafe/Canteen,Unit 6,Clarks Village,Farm Road,Street,BA16 0BB,Somerset,5,2026-09-14,FHRS,False,51.1280042,-2.7400157,"Unit 6, Clarks Village, Farm Road, Street, BA16 0BB"
2026-09-29,1990817,Mughal Empire,Restaurant/Cafe/Canteen,2 Commercial Road,Shepton Mallet,Somerset,,BA4 5DH,Somerset,AwaitingInspection,,FHRS,True,51.1900904,-2.5477992,"2 Commercial Road, Shepton Mallet, Somerset, BA4 5DH"
2026-09-29,1991938,Dice and a Slice,Restaurant/Cafe/Canteen,Dice And A Slice,6 Belgrave Promenade,Wilder Road,ILFRACOMBE,EX34 9AS,North Devon,AwaitingInspection,,FHRS,False,51.2091113,-4.1258136,"Dice And A Slice, 6 Belgrave Promenade, Wilder Road, ILFRACOMBE, EX34 9AS"
2026-09-29,1991932,Stoppers Roller Rink,Restaurant/Cafe/Canteen,Upcott Avenue,Pottington Business Park,BARNSTAPLE,Devon,EX31 1NH,North Devon,5,2026-09-14,FHRS,False,,,"Upcott Avenue, Pottington Business Park, BARNSTAPLE, Devon, EX31 1NH"
2026-09-29,1989431,Riverside Fish Bar,Restaurant/Cafe/Canteen,,163 Chelmer Crescent,,Barking,IG11 0QA,Barking and Dagenham,AwaitingInspection,,FHRS,False,51.527375,0.113395,"163 Chelmer Crescent, Barking, IG11 0QA"
2026-09-29,1990936,Drewbell Pizza Ltd,Restaurant/Cafe/Canteen,29A Quarry Hill Road,Tonbridge,Kent,,TN9 2RN,Tonbridge and Malling,AwaitingInspection,,FHRS,False,51.1901566,0.2696372,"29A Quarry Hill Road, Tonbridge, Kent, TN9 2RN"
2026-09-29,1990929,Gourmet Coffee Bar \& Kitchen (Platform 3/4),Restaurant/Cafe/Canteen,Tonbridge Station,Railway Approach,Tonbridge,Kent,TN9 2RQ,Tonbridge and Malling,AwaitingInspection,,FHRS,False,51.191609,0.2703383,"Tonbridge Station, Railway Approach, Tonbridge, Kent, TN9 2RQ"
2026-09-29,1992103,Square One Padel Club,Restaurant/Cafe/Canteen,Unit 3,Larkfield Mill,Bellingham Way,Larkfield,ME20 6SQ,Tonbridge and Malling,AwaitingInspection,,FHRS,False,,,"Unit 3, Larkfield Mill, Bellingham Way, Larkfield, ME20 6SQ"
2026-09-29,1992075,Lucy's Courtyard Cafe,Restaurant/Cafe/Canteen,5 Market Place,Henley-On-Thames,Oxon,,RG9 2AA,South Oxfordshire,AwaitingInspection,,FHRS,False,,,"5 Market Place, Henley-On-Thames, Oxon, RG9 2AA"
2026-09-29,1992074,The Crooked Billet at the  Greyhound,Restaurant/Cafe/Canteen,Gallowstree Road,Peppard Common,Henley-On-Thames,,RG9 5HT,South Oxfordshire,AwaitingInspection,,FHRS,False,,,"Gallowstree Road, Peppard Common, Henley-On-Thames, RG9 5HT"
2026-09-29,1990360,Sundaes Cafe,Restaurant/Cafe/Canteen,Unit B Garter House 12 Market Street,,Newbury,West Berkshire,RG14 5ER,West Berkshire,AwaitingInspection,,FHRS,False,51.398872,-1.3234166,"Unit B Garter House 12 Market Street, Newbury, West Berkshire, RG14 5ER"
2026-09-29,1990364,The Diddy Deli,Restaurant/Cafe/Canteen,Broad Lane,Chapel Row,Reading,West Berkshire,RG7 6PD,West Berkshire,AwaitingInspection,,FHRS,False,51.4254695,-1.1849204,"Broad Lane, Chapel Row, Reading, West Berkshire, RG7 6PD"
2026-09-29,1989236,Caffi Crane,Restaurant/Cafe/Canteen,,4 Crane Street,Pontypool,,NP4 6LY,Torfaen,AwaitingInspection,,FHRS,True,51.702585,-3.041731,"4 Crane Street, Pontypool, NP4 6LY"
2026-09-29,1989235,Chef Gs at the Rising Sun,Restaurant/Cafe/Canteen,Rising Sun,Cwmavon Road,Abersychan,Pontypool,NP4 8PP,Torfaen,AwaitingInspection,,FHRS,False,51.73213,-3.059019,"Rising Sun, Cwmavon Road, Abersychan, Pontypool, NP4 8PP"
2026-09-29,1991668,Attendant Coffee Roasters,Restaurant/Cafe/Canteen,Capital House,85 King William Street,London,,EC4N 7BL,City of London Corporation,AwaitingInspection,,FHRS,False,51.512294,-0.087774,"Capital House, 85 King William Street, London, EC4N 7BL"
2026-09-29,1991669,BaxterStorey - Little Ship Club,Restaurant/Cafe/Canteen,Little Ship Club,Bell Wharf Lane,London,,EC4R 3TB,City of London Corporation,AwaitingInspection,,FHRS,False,51.510192,-0.092877,"Little Ship Club, Bell Wharf Lane, London, EC4R 3TB"
2026-09-29,1991671,Chayan,Restaurant/Cafe/Canteen,Retail Unit 1,101 Moorgate,London,,EC2M 6SA,City of London Corporation,AwaitingInspection,,FHRS,False,51.5179842,-0.0887072,"Retail Unit 1, 101 Moorgate, London, EC2M 6SA"
2026-09-29,1991676,Ole & Steen St Pauls,Restaurant/Cafe/Canteen,139 - 140 Cheapside,London,,,EC2V 6BJ,City of London Corporation,AwaitingInspection,,FHRS,False,51.5145307,-0.0958571,"139 - 140 Cheapside, London, EC2V 6BJ"
2026-09-29,1924548,The Poet,Restaurant/Cafe/Canteen,House 5,General Market,Farringdon Street,London,EC4A 4AZ,City of London Corporation,AwaitingInspection,,FHRS,False,,,"House 5, General Market, Farringdon Street, London, EC4A 4AZ"
2026-09-29,1991667,Zata,Restaurant/Cafe/Canteen,110 Fleet Street,London,,,EC4A 2AF,City of London Corporation,AwaitingInspection,,FHRS,False,51.514344,-0.104926,"110 Fleet Street, London, EC4A 2AF"
2026-09-29,1991674,Zata,Restaurant/Cafe/Canteen,Phoenix House,18 King William Street,London,,EC4N 7BP,City of London Corporation,AwaitingInspection,,FHRS,False,51.511263,-0.087443,"Phoenix House, 18 King William Street, London, EC4N 7BP"
2026-09-29,1988803,Magic Bakers,Restaurant/Cafe/Canteen,12 Windmill Street,Gravesend,Kent,,DA12 1AD,Gravesham,AwaitingInspection,,FHRS,False,51.4412453,0.3694881,"12 Windmill Street, Gravesend, Kent, DA12 1AD"
2026-09-29,1991067,Hen Dderwen,Restaurant/Cafe/Canteen,,Hen Dderwen,,Sketty Park Drive,SA2 8JH,Swansea,AwaitingInspection,,FHRS,False,51.6157852,-3.9995649,"Hen Dderwen, Sketty Park Drive, SA2 8JH"
2026-09-29,1991071,Swansea Bay Sports Park,Restaurant/Cafe/Canteen,Swansea Bay Sports Park,Sketty Lane,,Sketty,SA2 8QG,Swansea,AwaitingInspection,,FHRS,False,51.6074873,-3.988831,"Swansea Bay Sports Park, Sketty Lane, Sketty, SA2 8QG"
2026-09-29,1991066,Swansea Bowl,Restaurant/Cafe/Canteen,,Unit 2 THE CITY GATES,,YORK STREET,SA1 3LZ,Swansea,5,2026-08-17,FHRS,False,51.618483,-3.9400804,"Unit 2 THE CITY GATES, YORK STREET, SA1 3LZ"
2026-09-29,1991061,The Coal House,Restaurant/Cafe/Canteen,,The Coal House,,1 High Street,SA4 4BX,Swansea,AwaitingInspection,,FHRS,False,,,"The Coal House, 1 High Street, SA4 4BX"
2026-09-29,1063405,The Range Cwmdu,Restaurant/Cafe/Canteen,,Parc Cwmdu,,Carmarthen Road,SA58LJ,Swansea,5,2026-09-22,FHRS,False,51.635368347168,-3.96579599380493,"Parc Cwmdu, Carmarthen Road, SA58LJ"
2026-09-29,1684560,Aramark @ IHUB,Restaurant/Cafe/Canteen,Translation And Innovation Hub Building,80 Wood Lane,London,,W12 0BZ,Hammersmith and Fulham,5,2026-09-15,FHRS,False,51.5165943,-0.225159,"Translation And Innovation Hub Building, 80 Wood Lane, London, W12 0BZ"
2026-09-29,1914573,Oh La La! Macarons,Restaurant/Cafe/Canteen,Unit 5,Talina Centre,23A Bagley's Lane,London,SW6 2BW,Hammersmith and Fulham,AwaitingInspection,,FHRS,False,51.474485,-0.186597,"Unit 5, Talina Centre, 23A Bagley's Lane, London, SW6 2BW"
2026-09-29,1989064,5 Akhis,Restaurant/Cafe/Canteen,32 Belvoir Street,Leicester,,,LE1 6QH,Leicester City,AwaitingInspection,,FHRS,False,52.6326096,-1.1312728,"32 Belvoir Street, Leicester, LE1 6QH"
2026-09-29,1989068,Alrodia Cafe,Restaurant/Cafe/Canteen,12 Malcolm Arcade,Leicester,,,LE1 5FT,Leicester City,AwaitingInspection,,FHRS,False,52.6350442,-1.134712,"12 Malcolm Arcade, Leicester, LE1 5FT"
2026-09-29,1990956,Annapurna Sweets And Farsan,Restaurant/Cafe/Canteen,5c Cross Street,Leicester,,,LE4 5BB,Leicester City,AwaitingInspection,,FHRS,True,52.6508408,-1.1238314,"5c Cross Street, Leicester, LE4 5BB"
2026-09-29,1990967,ATMIYA TRADER LIMITED,Restaurant/Cafe/Canteen,73 Nicklaus Road,Leicester,,,LE4 7RP,Leicester City,AwaitingInspection,,FHRS,False,52.667985,-1.098696,"73 Nicklaus Road, Leicester, LE4 7RP"
2026-09-29,1989049,Aylestone Spice,Restaurant/Cafe/Canteen,723 Aylestone Road,Leicester,,,LE2 8TG,Leicester City,AwaitingInspection,,FHRS,False,52.603068,-1.154854,"723 Aylestone Road, Leicester, LE2 8TG"
2026-09-29,1989031,Bliss Burger,Restaurant/Cafe/Canteen,23-25 Bedford Street South,Leicester,,,LE1 3JR,Leicester City,AwaitingInspection,,FHRS,False,52.6387089,-1.1305907,"23-25 Bedford Street South, Leicester, LE1 3JR"
2026-09-29,1989063,Bodrum Restaurant,Restaurant/Cafe/Canteen,10-12 Granby Street,Leicester,,,LE1 1DE,Leicester City,AwaitingInspection,,FHRS,False,52.6343249,-1.1310172,"10-12 Granby Street, Leicester, LE1 1DE"
2026-09-29,1989055,Builders Brew,Restaurant/Cafe/Canteen,32 Cank Street,Leicester,,,LE1 5GW,Leicester City,AwaitingInspection,,FHRS,False,52.6348355,-1.1344502,"32 Cank Street, Leicester, LE1 5GW"
2026-09-29,1989029,Cluck'd,Restaurant/Cafe/Canteen,Haymarket Towers,15a Humberstone Gate,Leicester,,LE1 1WA,Leicester City,AwaitingInspection,,FHRS,False,52.6358848,-1.1315284,"Haymarket Towers, 15a Humberstone Gate, Leicester, LE1 1WA"
2026-09-29,1990972,Frurt Leicester,Restaurant/Cafe/Canteen,58 London Road,Leicester,,,LE2 0QD,Leicester City,AwaitingInspection,,FHRS,False,52.6302454,-1.1239614,"58 London Road, Leicester, LE2 0QD"
2026-09-29,1989027,Huz Gaming Food,Restaurant/Cafe/Canteen,32 Cank Street,Leicester,,,LE1 5GW,Leicester City,AwaitingInspection,,FHRS,False,52.6348355,-1.1344502,"32 Cank Street, Leicester, LE1 5GW"
2026-09-29,1989040,Jasmine&Honey,Restaurant/Cafe/Canteen,9a Church Gate,Leicester,,,LE1 3AL,Leicester City,AwaitingInspection,,FHRS,False,52.6366812,-1.1336011,"9a Church Gate, Leicester, LE1 3AL"
2026-09-29,1990978,La Patron's Pizza,Restaurant/Cafe/Canteen,207a Melton Road,Leicester,,,LE4 6QT,Leicester City,5,2026-09-17,FHRS,False,52.6570522,-1.116463,"207a Melton Road, Leicester, LE4 6QT"
2026-09-29,1989038,Pastry Spot,Restaurant/Cafe/Canteen,54 King Street,Leicester,,,LE1 6RL,Leicester City,AwaitingInspection,,FHRS,False,52.630482,-1.131721,"54 King Street, Leicester, LE1 6RL"
2026-09-29,1990971,Ramen Room Ltd,Restaurant/Cafe/Canteen,10 Evington Road,Leicester,,,LE2 1HF,Leicester City,AwaitingInspection,,FHRS,False,52.626888,-1.1173505,"10 Evington Road, Leicester, LE2 1HF"
2026-09-29,1989062,Saints of Mokha,Restaurant/Cafe/Canteen,Vijay Patel Building,61 Mill Lane,Leicester,,LE2 7HX,Leicester City,AwaitingInspection,,FHRS,False,52.6287,-1.141388,"Vijay Patel Building, 61 Mill Lane, Leicester, LE2 7HX"
2026-09-29,1989052,Tarang Dine Inn,Restaurant/Cafe/Canteen,75 Church Gate,Leicester,,,LE1 3AN,Leicester City,AwaitingInspection,,FHRS,False,52.6384788,-1.1347774,"75 Church Gate, Leicester, LE1 3AN"
2026-09-29,1990980,The Best Coffee House,Restaurant/Cafe/Canteen,Shop,34b St Stephens Road,Leicester,,LE2 1GG,Leicester City,AwaitingInspection,,FHRS,False,52.6279752,-1.1135904,"Shop, 34b St Stephens Road, Leicester, LE2 1GG"
2026-09-29,1989059,Veeno,Restaurant/Cafe/Canteen,7-9 St Martins,Leicester,,,LE1 5DE,Leicester City,AwaitingInspection,,FHRS,False,52.634536,-1.1352983,"7-9 St Martins, Leicester, LE1 5DE"
2026-09-29,1991229,Select Sandwiches,Restaurant/Cafe/Canteen,49 Victoria Road,Widnes,Halton,,WA8 7RP,Halton,AwaitingInspection,,FHRS,False,53.3599555,-2.7354425,"49 Victoria Road, Widnes, Halton, WA8 7RP"
2026-09-29,1988927,Switch Coffee co,Restaurant/Cafe/Canteen,6 Reardon Court,Woodloes Avenue South,,Woodloes Park,CV34 5RN,Warwick,5,2026-08-27,FHRS,False,52.2945976,-1.5865027,"6 Reardon Court, Woodloes Avenue South, Woodloes Park, CV34 5RN"
2026-09-29,1991258,India Red,Restaurant/Cafe/Canteen,India Red,46 Market Street,,Hednesford,WS12 1AG,Cannock Chase,AwaitingInspection,,FHRS,False,52.7086622,-1.998473,"India Red, 46 Market Street, Hednesford, WS12 1AG"
2026-09-29,1990021,KFC,Restaurant/Cafe/Canteen,,,,,,Oxford City,AwaitingInspection,,FHRS,False,,,
2026-09-29,1990020,Malikas Asian Fusion,Restaurant/Cafe/Canteen,491 Marston Road,Oxford,Oxfordshire,,OX3 0JQ,Oxford City,5,2026-02-19,FHRS,False,51.767112,-1.232747,"491 Marston Road, Oxford, Oxfordshire, OX3 0JQ"
2026-09-29,723654,The Missing Bean Roastery Cafe,Restaurant/Cafe/Canteen,Unit 1,Newtec Place,66-72 Magdalen Road,Oxford,OX4 1RE,Oxford City,5,2023-06-27,FHRS,False,51.74174,-1.235726,"Unit 1, Newtec Place, 66-72 Magdalen Road, Oxford, OX4 1RE"
2026-09-29,1991540,Billy and Mair,Restaurant/Cafe/Canteen,10B Green End,,Whitchurch,Shropshire,SY13 1AA,Shropshire,AwaitingInspection,,FHRS,False,52.9689397,-2.6827408,"10B Green End, Whitchurch, Shropshire, SY13 1AA"
2026-09-29,1989700,Billies Fins Swim School,Restaurant/Cafe/Canteen,19-20 Coningsby Business Park,Stirling Way,Bretton,Peterborough,PE3 8SB,Peterborough City,AwaitingInspection,,FHRS,False,52.607365,-0.2835571,"19-20 Coningsby Business Park, Stirling Way, Bretton, Peterborough, PE3 8SB"
2026-09-29,1536727,RCCG Dominion Christian Connections,Restaurant/Cafe/Canteen,,36-38 Park Road,Peterborough,,PE1 2TG,Peterborough City,AwaitingInspection,,FHRS,False,52.5760027,-0.2421525,"36-38 Park Road, Peterborough, PE1 2TG"
2026-09-29,1991434,Il forno volante,Restaurant/Cafe/Canteen,11 Durnsford Way,,Cranleigh,,GU6 7LN,Waverley,AwaitingInspection,,FHRS,False,51.1356815,-0.4719342,"11 Durnsford Way, Cranleigh, GU6 7LN"
2026-09-29,1560782,The Pavillion Bar,Restaurant/Cafe/Canteen,The Pavilion Holloway Hill Recreation Ground Busbridge Lane,,Godalming,Surrey,GU7 1QD,Waverley,5,2026-09-16,FHRS,False,,,"The Pavilion Holloway Hill Recreation Ground Busbridge Lane, Godalming, Surrey, GU7 1QD"
2026-09-29,905697,Admiral,Restaurant/Cafe/Canteen,23 Liscard Way,,Liscard,Wirral,CH44 5TL,Wirral,5,2026-09-16,FHRS,False,53.4197701,-3.0445212,"23 Liscard Way, Liscard, Wirral, CH44 5TL"
2026-09-29,1990545,Bloomies @Make,Restaurant/Cafe/Canteen,Argyle Buildings 69 - 71 Argyle Street,,Birkenhead,Wirral,CH41 6AB,Wirral,5,2026-09-08,FHRS,False,53.3915042,-3.0184603,"Argyle Buildings 69 - 71 Argyle Street, Birkenhead, Wirral, CH41 6AB"
2026-09-29,1990550,bulwark games,Restaurant/Cafe/Canteen,Unit 1 2 Church Road,,Bebington,Wirral,CH63 7PH,Wirral,5,2026-09-08,FHRS,False,53.3500564,-3.0033404,"Unit 1 2 Church Road, Bebington, Wirral, CH63 7PH"
2026-09-29,1990549,Muzzys Breakfast&Bistro,Restaurant/Cafe/Canteen,238A Telegraph Road,,Heswall,Wirral,CH60 0AL,Wirral,5,2026-09-04,FHRS,False,53.3285441,-3.0988918,"238A Telegraph Road, Heswall, Wirral, CH60 0AL"
2026-09-29,1990246,Bond Dickinson - Leeds,Restaurant/Cafe/Canteen,Womble Bond Dickinson LLP,Sixth Floor,1 Whitehall Riverside,Whitehall Road,LS1 4BN,Leeds,5,2026-08-03,FHRS,False,53.7947635,-1.553732,"Womble Bond Dickinson LLP, Sixth Floor, 1 Whitehall Riverside, Whitehall Road, LS1 4BN"
2026-09-29,1990248,Monty's Diner,Restaurant/Cafe/Canteen,Leeds And Bradford Airport,Whitehouse Lane,Yeadon,Leeds,LS19 7TZ,Leeds,AwaitingInspection,,FHRS,False,53.8693466186523,-1.66046905517578,"Leeds And Bradford Airport, Whitehouse Lane, Yeadon, Leeds, LS19 7TZ"
2026-09-29,1990260,Pudsey Juniours Cafe,Restaurant/Cafe/Canteen,Pudsey Juniors,Football Pitches,Queens Park,Victoria Road,,Leeds,AwaitingInspection,,FHRS,False,,,"Pudsey Juniors, Football Pitches, Queens Park, Victoria Road"
2026-09-29,1990255,Sapphire,Restaurant/Cafe/Canteen,6A Otley Road,Headingley,Leeds,,LS6 2AD,Leeds,AwaitingInspection,,FHRS,False,53.820816,-1.576966,"6A Otley Road, Headingley, Leeds, LS6 2AD"
2026-09-29,1990252,SHIVEK Cafe & Dessert,Restaurant/Cafe/Canteen,172 Tong Road,Farnley,Leeds,,LS12 1QW,Leeds,AwaitingInspection,,FHRS,False,53.793236,-1.586018,"172 Tong Road, Farnley, Leeds, LS12 1QW"
2026-09-29,1990263,The Rotisserie Club,Restaurant/Cafe/Canteen,City Central,27 Wellington Street,Leeds,,LS1 4EA,Leeds,AwaitingInspection,,FHRS,False,53.796187,-1.551694,"City Central, 27 Wellington Street, Leeds, LS1 4EA"
2026-09-29,1991724,MONCELLO,Restaurant/Cafe/Canteen,29 Osborne Road,Southsea,,,PO5 3LR,Portsmouth,AwaitingInspection,,FHRS,False,50.7853584289551,-1.0923969745636,"29 Osborne Road, Southsea, PO5 3LR"
2026-09-29,1991726,North Gunwharf Hospitality Ltd,Restaurant/Cafe/Canteen,84 - 85 Queen Street,Portsmouth,,,PO1 3HU,Portsmouth,AwaitingInspection,,FHRS,False,50.7995362,-1.1050108,"84 - 85 Queen Street, Portsmouth, PO1 3HU"
2026-09-29,1991727,The Pacific,Restaurant/Cafe/Canteen,230 Havant Road,Portsmouth,,,PO6 1PA,Portsmouth,AwaitingInspection,,FHRS,False,,,"230 Havant Road, Portsmouth, PO6 1PA"
2026-09-29,1969147,Kateh,Restaurant/Cafe/Canteen,35 Montpelier Road,Brighton,,,BN1 3BA,Brighton and Hove,AwaitingInspection,,FHRS,True,50.8250987,-0.1528942,"35 Montpelier Road, Brighton, BN1 3BA"
2026-09-29,1992240,Alington House Community Association,Restaurant/Cafe/Canteen,4 NORTH BAILEY,,DURHAM,,DH1 3ET,Durham,AwaitingInspection,,FHRS,False,,,"4 NORTH BAILEY, DURHAM, DH1 3ET"
2026-09-29,1992208,All Inn Lounge,Restaurant/Cafe/Canteen,49 FRONT STREET WEST,,WINGATE,,TS28 5AA,Durham,5,2026-06-11,FHRS,False,,,"49 FRONT STREET WEST, WINGATE, TS28 5AA"
2026-09-29,1992267,Chester Le Geek,Restaurant/Cafe/Canteen,98 FRONT STREET,,CHESTER-LE-STREET,,DH3 3BA,Durham,5,2026-07-29,FHRS,False,,,"98 FRONT STREET, CHESTER-LE-STREET, DH3 3BA"
2026-09-29,1992257,Chinese Chopsticks,Restaurant/Cafe/Canteen,DALTON FISH AND CHIP CHINESE RESTAURANT WOODS TERRACE,,MURTON,,SR7 9AD,Durham,4,2026-08-06,FHRS,False,,,"DALTON FISH AND CHIP CHINESE RESTAURANT WOODS TERRACE, MURTON, SR7 9AD"
2026-09-29,1992326,CJB Retail Ltd,Restaurant/Cafe/Canteen,FOREST PARK SERVICE STATION NEWTON PARK,,COATHAM MUNDEVILLE,,DL1 3NL,Durham,AwaitingInspection,,FHRS,False,,,"FOREST PARK SERVICE STATION NEWTON PARK, COATHAM MUNDEVILLE, DL1 3NL"
2026-09-29,1992263,Coffee Bank,Restaurant/Cafe/Canteen,1 FRONT STREET,,CHESTER-LE-STREET,,DH3 3BQ,Durham,4,2026-05-28,FHRS,False,,,"1 FRONT STREET, CHESTER-LE-STREET, DH3 3BQ"
2026-09-29,1992254,Dolce Vita,Restaurant/Cafe/Canteen,21 NORTH TERRACE,,SEAHAM,,SR7 7EU,Durham,4,2026-07-01,FHRS,False,,,"21 NORTH TERRACE, SEAHAM, SR7 7EU"
2026-09-29,1992315,Feeding Abilities,Restaurant/Cafe/Canteen,AMBULANCE HOUSE PARK ROAD,,HORDEN,,SR8 4PE,Durham,AwaitingInspection,,FHRS,False,,,"AMBULANCE HOUSE PARK ROAD, HORDEN, SR8 4PE"
2026-09-29,1992235,Gussto Tapas Bar,Restaurant/Cafe/Canteen,32A SILVER STREET,,DURHAM,,DH1 3RD,Durham,3,2026-01-20,FHRS,False,,,"32A SILVER STREET, DURHAM, DH1 3RD"
2026-09-29,1992304,Hitachi Rail - Thomas Franks,Restaurant/Cafe/Canteen,MERCHANT PARK MILLENNIUM WAY,,AYCLIFFE BUSINESS PARK,,DL5 6UG,Durham,AwaitingInspection,,FHRS,False,,,"MERCHANT PARK MILLENNIUM WAY, AYCLIFFE BUSINESS PARK, DL5 6UG"
2026-09-29,1992312,Horden Community Events Association,Restaurant/Cafe/Canteen,Welfare House Seventh Street Horden,,Peterlee,United Kingdom,SR8 4LX,Durham,AwaitingInspection,,FHRS,False,,,"Welfare House Seventh Street Horden, Peterlee, United Kingdom, SR8 4LX"
2026-09-29,1992323,Kung Fu Noodles,Restaurant/Cafe/Canteen,3 NEVILLE STREET,,DURHAM,,DH1 4EY,Durham,AwaitingInspection,,FHRS,False,,,"3 NEVILLE STREET, DURHAM, DH1 4EY"
2026-09-29,1992231,Kushi,Restaurant/Cafe/Canteen,Kushi First Floor Kings Head Social Club Front Street Shotley Bridge,,Consett,,DH8 0HX,Durham,5,2026-04-29,FHRS,False,,,"Kushi First Floor Kings Head Social Club Front Street Shotley Bridge, Consett, DH8 0HX"
2026-09-29,1992253,Namaste,Restaurant/Cafe/Canteen,22 NORTH TERRACE,,SEAHAM,,SR7 7EU,Durham,4,2026-08-19,FHRS,False,,,"22 NORTH TERRACE, SEAHAM, SR7 7EU"
2026-09-29,1992288,Notch Americano,Restaurant/Cafe/Canteen,96 ELVET BRIDGE,,DURHAM,,DH1 3AG,Durham,AwaitingInspection,,FHRS,True,,,"96 ELVET BRIDGE, DURHAM, DH1 3AG"
2026-09-29,1992299,Parkhead Station House,Restaurant/Cafe/Canteen,PARKHEAD STATION HOUSE,CRAWLEYSIDE,STANHOPE,,DL13 2ES,Durham,AwaitingInspection,,FHRS,False,,,"PARKHEAD STATION HOUSE, CRAWLEYSIDE, STANHOPE, DL13 2ES"
2026-09-29,1992301,Restaurant Biedronka,Restaurant/Cafe/Canteen,Restaurant Biedronka The Farmhouse South Causey Inn Beamish Burn Road Kip Hill,,Stanley,United Kingdom,DH9 0LS,Durham,AwaitingInspection,,FHRS,False,,,"Restaurant Biedronka The Farmhouse South Causey Inn Beamish Burn Road Kip Hill, Stanley, United Kingdom, DH9 0LS"
2026-09-29,1992270,Sambuca Riverside,Restaurant/Cafe/Canteen,32 THE RIVERWALK MILLBURNGATE,,DURHAM,,DH1 4SL,Durham,AwaitingInspection,,FHRS,False,,,"32 THE RIVERWALK MILLBURNGATE, DURHAM, DH1 4SL"
2026-09-29,1992327,Tapas factory,Restaurant/Cafe/Canteen,14 ELVET BRIDGE,,DURHAM,,DH1 3AA,Durham,AwaitingInspection,,FHRS,True,,,"14 ELVET BRIDGE, DURHAM, DH1 3AA"
2026-09-29,1992300,Tees Cottage Pumping Station,Restaurant/Cafe/Canteen,THE BUNGALOW,,MICKLETON,,DL12 0JY,Durham,AwaitingInspection,,FHRS,False,,,"THE BUNGALOW, MICKLETON, DL12 0JY"
2026-09-29,1992286,The Bengal Merchant,Restaurant/Cafe/Canteen,7 THE BANK,,BARNARD CASTLE,,DL12 8PH,Durham,4,2026-03-26,FHRS,False,,,"7 THE BANK, BARNARD CASTLE, DL12 8PH"
2026-09-29,1967281,The Brit,Restaurant/Cafe/Canteen,2 BRITANNIA SHOPS VICTORIA ROAD,,CONSETT,,DH8 5AY,Durham,AwaitingInspection,,FHRS,False,,,"2 BRITANNIA SHOPS VICTORIA ROAD, CONSETT, DH8 5AY"
2026-09-29,1992265,The Hole in the Wand,Restaurant/Cafe/Canteen,113 DALTON PARK,,MURTON,,SR7 9HU,Durham,5,2026-06-05,FHRS,False,,,"113 DALTON PARK, MURTON, SR7 9HU"
2026-09-29,1992242,The Miners Lamp,Restaurant/Cafe/Canteen,GLENHOLME SEASIDE LANE,,EASINGTON VILLAGE,,SR8 3AS,Durham,5,2026-01-21,FHRS,False,,,"GLENHOLME SEASIDE LANE, EASINGTON VILLAGE, SR8 3AS"
2026-09-29,1992226,The Pavilion Restaurant,Restaurant/Cafe/Canteen,THE PAVILION IVESTON LANE,,IVESTON,,DH8 7TE,Durham,5,2026-03-02,FHRS,False,,,"THE PAVILION IVESTON LANE, IVESTON, DH8 7TE"
2026-09-29,1992303,The Vines,Restaurant/Cafe/Canteen,8 NEWGATE STREET,,BISHOP AUCKLAND,,DL14 7EG,Durham,AwaitingInspection,,FHRS,False,,,"8 NEWGATE STREET, BISHOP AUCKLAND, DL14 7EG"
2026-09-29,1992252,Tia's Mexican,Restaurant/Cafe/Canteen,84 CLAYPATH,,DURHAM,,DH1 1RG,Durham,5,2026-07-09,FHRS,False,,,"84 CLAYPATH, DURHAM, DH1 1RG"
2026-09-29,1992274,Turtle Bay,Restaurant/Cafe/Canteen,UNIT R07 THE RIVERWALK MILLBURNGATE,,DURHAM,,DH1 4SL,Durham,AwaitingInspection,,FHRS,False,,,"UNIT R07 THE RIVERWALK MILLBURNGATE, DURHAM, DH1 4SL"
2026-09-29,1992258,Veera,Restaurant/Cafe/Canteen,50-51 NORTH ROAD,,DURHAM,,DH1 4SF,Durham,AwaitingInspection,,FHRS,True,,,"50-51 NORTH ROAD, DURHAM, DH1 4SF"
2026-09-29,1992296,Wellness Works Community Hub CIC,Restaurant/Cafe/Canteen,22 TEMPEST ROAD,,SEAHAM,,SR7 7AY,Durham,AwaitingInspection,,FHRS,False,,,"22 TEMPEST ROAD, SEAHAM, SR7 7AY"
2026-09-29,1992239,Wonder Cafe,Restaurant/Cafe/Canteen,THE YARD FRONT STREET,,BURNOPFIELD,,NE16 6PT,Durham,5,2026-04-15,FHRS,False,,,"THE YARD FRONT STREET, BURNOPFIELD, NE16 6PT"
2026-09-29,1989248,Cafe 83,Restaurant/Cafe/Canteen,BARTON MARINA,Barton Turn,BARTON UNDER NEEDWOOD,BURTON UPON TRENT,DE13 8DZ,East Staffordshire,AwaitingInspection,,FHRS,False,52.7598563,-1.7072603,"BARTON MARINA, Barton Turn, BARTON UNDER NEEDWOOD, BURTON UPON TRENT, DE13 8DZ"
2026-09-29,1989250,The Clubhouse at the Holland,Restaurant/Cafe/Canteen,Holland Sports Club,Potters Way,Barton under Needwood,Burton upon Trent,DE13 8BB,East Staffordshire,AwaitingInspection,,FHRS,False,52.7618713378906,-1.71496796607971,"Holland Sports Club, Potters Way, Barton under Needwood, Burton upon Trent, DE13 8BB"
2026-09-29,1990294,Aqua Chimp,Restaurant/Cafe/Canteen,Unit B16,Yalding Enterprise Park,Hampstead Lane,Yalding,ME18 6FN,Maidstone,4,2026-08-26,FHRS,False,51.2261893,0.415767,"Unit B16, Yalding Enterprise Park, Hampstead Lane, Yalding, ME18 6FN"
2026-09-29,1990295,Dokmais Thai Food,Restaurant/Cafe/Canteen,Twyford Bridge,Hampstead Lane,Yalding,Kent,ME18 6HG,Maidstone,AwaitingInspection,,FHRS,False,51.222375,0.417738,"Twyford Bridge, Hampstead Lane, Yalding, Kent, ME18 6HG"
2026-09-29,1990269,St Mary's Baldock PCC,Restaurant/Cafe/Canteen,St Marys Church Hall Church Street,,Baldock,Hertfordshire,SG7 5AE,North Hertfordshire,5,2026-09-20,FHRS,False,51.990276,-0.189647,"St Marys Church Hall Church Street, Baldock, Hertfordshire, SG7 5AE"
2026-09-29,1989941,Bollywood Tadka,Restaurant/Cafe/Canteen,11-13 Pelsall Lane,Rushall,Walsall,West Midlands,WS4 1NA,Walsall,AwaitingInspection,,FHRS,False,52.6076674,-1.9611909,"11-13 Pelsall Lane, Rushall, Walsall, West Midlands, WS4 1NA"
2026-09-29,1989938,Crown Pizza,Restaurant/Cafe/Canteen,3 Park Street Arcade,Walsall,West Midlands,,WS1 1NJ,Walsall,AwaitingInspection,,FHRS,False,52.5849905,-1.9829653,"3 Park Street Arcade, Walsall, West Midlands, WS1 1NJ"
2026-09-29,1989944,Olive Tree Coffee & Kitchen,Restaurant/Cafe/Canteen,297 Erdington Road,Aldridge,Walsall,West Midlands,WS9 0SB,Walsall,AwaitingInspection,,FHRS,False,52.5886647,-1.9101777,"297 Erdington Road, Aldridge, Walsall, West Midlands, WS9 0SB"
2026-09-29,1989943,Rollin Roti,Restaurant/Cafe/Canteen,175 Wednesbury Road,Walsall,West Midlands,,WS2 9QL,Walsall,AwaitingInspection,,FHRS,False,52.573466,-1.996415,"175 Wednesbury Road, Walsall, West Midlands, WS2 9QL"
2026-09-29,1989291,Imperfect cakes katcha latte,Restaurant/Cafe/Canteen,,,,,,Telford and Wrekin Council,AwaitingInspection,,FHRS,False,,,
2026-09-29,1991450,Lockside Steakhouse,Restaurant/Cafe/Canteen,The Compasses Inn 72 Beveley Road,Oakengates,Telford,Shropshire,TF2 6SD,Telford and Wrekin Council,AwaitingInspection,,FHRS,False,52.6955951,-2.4666094,"The Compasses Inn 72 Beveley Road, Oakengates, Telford, Shropshire, TF2 6SD"
2026-09-29,1524637,OCS Food Co @ Schneider Electric - Telford,Restaurant/Cafe/Canteen,Schneider Electric Stafford Park 5,Stafford Park,Telford,Shropshire,TF3 3BL,Telford and Wrekin Council,5,2026-09-17,FHRS,False,,,"Schneider Electric Stafford Park 5, Stafford Park, Telford, Shropshire, TF3 3BL"
2026-09-29,1989288,Padel + Play Telford,Restaurant/Cafe/Canteen,Unit 6 To 13 Halesfield Point Halesfield 20,Halesfield,Telford,Shropshire,TF7 4QU,Telford and Wrekin Council,AwaitingInspection,,FHRS,False,52.6402502,-2.4286528,"Unit 6 To 13 Halesfield Point Halesfield 20, Halesfield, Telford, Shropshire, TF7 4QU"
2026-09-29,1991452,The Happy Quail,Restaurant/Cafe/Canteen,Sundew Court Roman Way,,Newport,Shropshire,TF10 7WG,Telford and Wrekin Council,AwaitingInspection,,FHRS,False,,,"Sundew Court Roman Way, Newport, Shropshire, TF10 7WG"
2026-09-29,1991453,UREYS street food,Restaurant/Cafe/Canteen,41 Market Street,Oakengates,Telford,Shropshire,TF2 6EL,Telford and Wrekin Council,AwaitingInspection,,FHRS,False,52.6951708,-2.4507581,"41 Market Street, Oakengates, Telford, Shropshire, TF2 6EL"
2026-09-29,747560,Black Knights Parachute Centre,Restaurant/Cafe/Canteen,,Hillam Lane,Cockerham,Lancaster,LA2 0DY,Lancaster City,5,2026-09-11,FHRS,False,53.966567,-2.839313,"Hillam Lane, Cockerham, Lancaster, LA2 0DY"
2026-09-29,1962686,BASH’D Ltd trading as Company Bakery,Restaurant/Cafe/Canteen,36 West Telferton,Edinburgh,,,EH7 6UL,Edinburgh (City of),Awaiting Inspection,2026-06-24,FHIS,False,55.9551122,-3.1276451,"36 West Telferton, Edinburgh, EH7 6UL"
2026-09-29,1971916,Collection of Hope,Restaurant/Cafe/Canteen,595 Calder Road,Edinburgh,,,EH11 4HH,Edinburgh (City of),Awaiting Inspection,2026-07-22,FHIS,False,55.918621,-3.3009298,"595 Calder Road, Edinburgh, EH11 4HH"
2026-09-29,1989377,DUNE BAKERY,Restaurant/Cafe/Canteen,12 - 14 Edinburgh Road,Edinburgh,,,EH30 9HR,Edinburgh (City of),Awaiting Inspection,2026-09-15,FHIS,False,55.9897579,-3.3924007,"12 - 14 Edinburgh Road, Edinburgh, EH30 9HR"
2026-09-29,1989380,Eat Coffee & Breakfast,Restaurant/Cafe/Canteen,22 Salamander Street,Edinburgh,,,EH6 7HZ,Edinburgh (City of),Awaiting Inspection,2026-09-16,FHIS,False,55.9749035,-3.1627681,"22 Salamander Street, Edinburgh, EH6 7HZ"
2026-09-29,1928053,Harvest Thyme Ltd,Restaurant/Cafe/Canteen,Mansfield Road,Edinburgh,,,EH14 7JS,Edinburgh (City of),Awaiting Inspection,2026-03-18,FHIS,False,55.86486291,-3.33270905,"Mansfield Road, Edinburgh, EH14 7JS"
2026-09-29,1962685,JK Anderson Fish Merchants,Restaurant/Cafe/Canteen,C/O City of Edinburgh Council,Edinburgh,,,,Edinburgh (City of),Awaiting Inspection,2026-06-24,FHIS,False,,,"C/O City of Edinburgh Council, Edinburgh"
2026-09-29,1989385,Kezban Restaurant,Restaurant/Cafe/Canteen,9-10 Commercial Street,Edinburgh,,,EH6 6JA,Edinburgh (City of),Awaiting Inspection,2026-09-18,FHIS,False,55.976322,-3.170888,"9-10 Commercial Street, Edinburgh, EH6 6JA"
2026-09-29,1973489,Lynne Frew,Restaurant/Cafe/Canteen,595 Calder Road,Edinburgh,,,EH11 4HH,Edinburgh (City of),Awaiting Inspection,2026-07-28,FHIS,False,55.918621,-3.3009298,"595 Calder Road, Edinburgh, EH11 4HH"
2026-09-29,1989376,Mazaj Cafe,Restaurant/Cafe/Canteen,139 West Port,Edinburgh,,,EH3 9DP,Edinburgh (City of),Awaiting Inspection,,FHIS,False,55.9461665,-3.2014565,"139 West Port, Edinburgh, EH3 9DP"
2026-09-29,1984947,Pius Burns Abayie Danso,Restaurant/Cafe/Canteen,595 Calder Road,Edinburgh,,,EH11 4HH,Edinburgh (City of),Awaiting Inspection,2026-09-04,FHIS,False,55.918621,-3.3009298,"595 Calder Road, Edinburgh, EH11 4HH"
2026-09-29,1989381,Tempting Tatties Expess,Restaurant/Cafe/Canteen,Little King Street,Edinburgh,,,,Edinburgh (City of),Awaiting Inspection,2026-09-16,FHIS,False,55.95593307,-3.18727792,"Little King Street, Edinburgh"
2026-09-29,1989375,The Hidden Loft,Restaurant/Cafe/Canteen,28 Parsons Green Terrace,Edinburgh,,,EH8 7AF,Edinburgh (City of),Awaiting Inspection,2026-09-14,FHIS,False,55.9549132,-3.152047,"28 Parsons Green Terrace, Edinburgh, EH8 7AF"
2026-09-29,1989378,Veeno,Restaurant/Cafe/Canteen,76 Rose Street,Edinburgh,,,EH2 2NN,Edinburgh (City of),Awaiting Inspection,2026-09-15,FHIS,False,55.952445,-3.198289,"76 Rose Street, Edinburgh, EH2 2NN"
2026-09-29,1990309,Palette Cafe,Restaurant/Cafe/Canteen,7 Civic Centre Road,Southampton,,,SO14 7FJ,Southampton,AwaitingInspection,,FHRS,False,50.9066963195801,-1.40528202056885,"7 Civic Centre Road, Southampton, SO14 7FJ"
2026-09-29,1992005,David Lloyd,Restaurant/Cafe/Canteen,David Lloyd Club Nuffield Road,,St Neots,Cambridgeshire,PE19 0DR,Huntingdonshire,AwaitingInspection,,FHRS,False,,,"David Lloyd Club Nuffield Road, St Neots, Cambridgeshire, PE19 0DR"
2026-09-29,1992004,Esquires Coffee St Neots,Restaurant/Cafe/Canteen,3 High Street,,St Neots,Cambridgeshire,PE19 1BU,Huntingdonshire,5,2026-06-30,FHRS,False,,,"3 High Street, St Neots, Cambridgeshire, PE19 1BU"
2026-09-29,1991999,HOTSPOT,Restaurant/Cafe/Canteen,56 High Street,,St Neots,Cambridgeshire,PE19 1JG,Huntingdonshire,AwaitingInspection,,FHRS,False,,,"56 High Street, St Neots, Cambridgeshire, PE19 1JG"
2026-09-29,1990032,Ashridge Nursery,Restaurant/Cafe/Canteen,,Ashridge Road,,,RG40 1PG,Wokingham,AwaitingInspection,,FHRS,False,,,"Ashridge Road, RG40 1PG"
2026-09-29,1990031,Funtastic Kids @ Willow Bank Infant School,Restaurant/Cafe/Canteen,Willow Bank Infant School,Duffield Road,Woodley,,RG5 4RW,Wokingham,5,2026-08-20,FHRS,False,51.461313,-0.895801,"Willow Bank Infant School, Duffield Road, Woodley, RG5 4RW"
2026-09-29,1990028,The Mitas Restaurant,Restaurant/Cafe/Canteen,,39 London Road,,Reading,RG5 4HR,Wokingham,5,2026-08-28,FHRS,False,,,"39 London Road, Reading, RG5 4HR"
2026-09-29,1989751,Bentley High Street Primary School (Wraparound),Restaurant/Cafe/Canteen,Bentley High Street Primary School High Street,Bentley,Doncaster,,DN5 0AA,Doncaster,AwaitingInspection,,FHRS,False,,,"Bentley High Street Primary School High Street, Bentley, Doncaster, DN5 0AA"
2026-09-29,1989748,Edlington Victoria Academy (Wraparound),Restaurant/Cafe/Canteen,Edlington Victoria Academy Church Road,Edlington,Doncaster,,DN12 1BN,Doncaster,5,2026-09-15,FHRS,False,,,"Edlington Victoria Academy Church Road, Edlington, Doncaster, DN12 1BN"
2026-09-29,1991719,Gateway Community Hub CiC,Restaurant/Cafe/Canteen,Ground Floor Unit 5 Victoria Mill Business Park Wharf Road,Wheatley,Doncaster,,DN1 2ST,Doncaster,AwaitingInspection,,FHRS,False,53.5324456,-1.129169,"Ground Floor Unit 5 Victoria Mill Business Park Wharf Road, Wheatley, Doncaster, DN1 2ST"
2026-09-29,1989743,Giovanna’s Takeaway Cafe,Restaurant/Cafe/Canteen,Coronation Working Mens Club Tranmoor Lane,Armthorpe,Doncaster,,DN3 3BS,Doncaster,AwaitingInspection,,FHRS,False,,,"Coronation Working Mens Club Tranmoor Lane, Armthorpe, Doncaster, DN3 3BS"
2026-09-29,1989745,Hill Top Academy (Wraparound),Restaurant/Cafe/Canteen,Hill Top Academy Edlington Lane,Edlington,Doncaster,,DN12 1PL,Doncaster,5,2026-09-14,FHRS,False,53.4775954,-1.1950481,"Hill Top Academy Edlington Lane, Edlington, Doncaster, DN12 1PL"
2026-09-29,1989746,Mallard Primary School (wraparound),Restaurant/Cafe/Canteen,Mallard Primary School Cedar Road,Balby,Doncaster,,DN4 9HU,Doncaster,AwaitingInspection,,FHRS,False,,,"Mallard Primary School Cedar Road, Balby, Doncaster, DN4 9HU"
2026-09-29,1989739,Premier Education WAC,Restaurant/Cafe/Canteen,Tickhill St Marys C Of E Primary And Nursery School St Marys Road,Tickhill,Doncaster,,DN11 9LZ,Doncaster,AwaitingInspection,,FHRS,False,,,"Tickhill St Marys C Of E Primary And Nursery School St Marys Road, Tickhill, Doncaster, DN11 9LZ"
2026-09-29,1989750,Rosedale Primary School (Wraparound),Restaurant/Cafe/Canteen,Rosedale Primary School Emley Drive,Scawsby,Doncaster,,DN5 8RL,Doncaster,AwaitingInspection,,FHRS,False,,,"Rosedale Primary School Emley Drive, Scawsby, Doncaster, DN5 8RL"
2026-09-29,1989744,Sandringham Primary School (Wraparound),Restaurant/Cafe/Canteen,Sandringham Primary School Sandringham Road,Intake,Doncaster,,DN2 5LS,Doncaster,AwaitingInspection,,FHRS,False,53.534112,-1.0955436,"Sandringham Primary School Sandringham Road, Intake, Doncaster, DN2 5LS"
2026-09-29,1989749,Sheep Dip Lane Primary School (Wraparound),Restaurant/Cafe/Canteen,Hatfield Sheep Dip Lane Primary School Sheep Dip Lane,Dunscroft,Doncaster,,DN7 4AU,Doncaster,AwaitingInspection,,FHRS,False,53.5772049,-1.0160961,"Hatfield Sheep Dip Lane Primary School Sheep Dip Lane, Dunscroft, Doncaster, DN7 4AU"
2026-09-29,1991718,The Mayflower,Restaurant/Cafe/Canteen,The Mayflower High Street,Austerfield,Doncaster,,DN10 6QU,Doncaster,AwaitingInspection,,FHRS,False,,,"The Mayflower High Street, Austerfield, Doncaster, DN10 6QU"
2026-09-29,1989747,Willow Primary School (Wraparound),Restaurant/Cafe/Canteen,Willow Primary School Alston Road,Bessacarr,Doncaster,,DN4 7EZ,Doncaster,5,2026-09-02,FHRS,False,,,"Willow Primary School Alston Road, Bessacarr, Doncaster, DN4 7EZ"
2026-09-29,1990007,Paisley Heritage Group SCIO,Restaurant/Cafe/Canteen,,Unit 2 23 High Street,Paisley,,PA1 1AF,Renfrewshire,Awaiting Inspection,,FHIS,False,,,"Unit 2 23 High Street, Paisley, PA1 1AF"
2026-09-29,193610,La La Zar Restaurant,Restaurant/Cafe/Canteen,,58a Beverley Road,Kingston Upon Hull,,HU3 1YE,Hull City,AwaitingInspection,,FHRS,False,53.7512777,-0.3474694,"58a Beverley Road, Kingston Upon Hull, HU3 1YE"
2026-09-29,1382821,NJ Nails and Beauty,Restaurant/Cafe/Canteen,,161 Newland Avenue,Hull,,HU5 2EP,Hull City,AwaitingInspection,,FHRS,False,53.7655555,-0.3588667,"161 Newland Avenue, Hull, HU5 2EP"
2026-09-29,1989127,Elenasy CIC,Restaurant/Cafe/Canteen,50 Galton Road,,Cambridge,Cambridgeshire,CB3 0UL,Cambridge City,AwaitingInspection,,FHRS,False,52.224829,0.1005433,"50 Galton Road, Cambridge, Cambridgeshire, CB3 0UL"
2026-09-29,1989128,Golden fountain Cambridge Chinese restaurant & bar,Restaurant/Cafe/Canteen,5 Jordans Yard,,Cambridge,Cambridgeshire,CB2 1UG,Cambridge City,AwaitingInspection,,FHRS,False,52.2090208,0.1186913,"5 Jordans Yard, Cambridge, Cambridgeshire, CB2 1UG"
2026-09-29,1989126,The Clay Farm Centre Café,Restaurant/Cafe/Canteen,The Clay Farm Centre Hobson Square Hobson Avenue,Trumpington,Cambridge,Cambridgeshire,,Cambridge City,AwaitingInspection,,FHRS,False,,,"The Clay Farm Centre Hobson Square Hobson Avenue, Trumpington, Cambridge, Cambridgeshire"
2026-09-29,1989799,Gentle Explorers,Restaurant/Cafe/Canteen,,,,,,Eastleigh,AwaitingInspection,,FHRS,False,,,
2026-09-29,1989908,Rewind Coffee & Collectables,Restaurant/Cafe/Canteen,23A Sackville Road,,Bexhill,East Sussex,TN39 3JD,Rother,5,2026-09-21,FHRS,False,50.8389312,0.4702734,"23A Sackville Road, Bexhill, East Sussex, TN39 3JD"
2026-09-29,1991923,Ryed,Restaurant/Cafe/Canteen,River Cafe Rock Channel,,Rye,East Sussex,TN31 7DE,Rother,AwaitingInspection,,FHRS,False,,,"River Cafe Rock Channel, Rye, East Sussex, TN31 7DE"
2026-09-29,1989906,Soda Street,Restaurant/Cafe/Canteen,Unit 3 The Colonnade The Promenade,,Bexhill,East Sussex,TN40 1FH,Rother,AwaitingInspection,,FHRS,False,50.8370019,0.4715544,"Unit 3 The Colonnade The Promenade, Bexhill, East Sussex, TN40 1FH"
2026-09-29,1991924,The Smugglers Retreat,Restaurant/Cafe/Canteen,The Smuggler Pett Level Road,,Pett Level,East Sussex,TN35 4EH,Rother,AwaitingInspection,,FHRS,False,50.8894821,0.6865824,"The Smuggler Pett Level Road, Pett Level, East Sussex, TN35 4EH"
2026-09-29,1182482,Restaurant Sarah Shawarma,Restaurant/Cafe/Canteen,110-12 Parliament Road,Middlesbrough,,,TS1 4JJ,Middlesbrough,0,2026-08-19,FHRS,False,54.5685288,-1.2459267,"110-12 Parliament Road, Middlesbrough, TS1 4JJ"
2026-09-29,1989258,Royal Voluntary Service Cafe,Restaurant/Cafe/Canteen,Marton Road,Middlesbrough,,,TS4 3AF,Middlesbrough,AwaitingInspection,,FHRS,False,54.554023,-1.215243,"Marton Road, Middlesbrough, TS4 3AF"
2026-09-29,1978004,Sleimani Coffee,Restaurant/Cafe/Canteen,10 Lorne Street,Middlesbrough,,,TS1 5QY,Middlesbrough,0,2026-08-07,FHRS,False,54.5706851,-1.2505714,"10 Lorne Street, Middlesbrough, TS1 5QY"
2026-09-29,1989735,Bickers Bakery,Restaurant/Cafe/Canteen,Quiznos,3 Homberg House,Telford Square,Dartford,DA1 5FP,Dartford,AwaitingInspection,,FHRS,False,51.4614771,0.2266887,"Quiznos, 3 Homberg House, Telford Square, Dartford, DA1 5FP"
2026-09-29,1989734,Kittys Grill And African Restaurant,Restaurant/Cafe/Canteen,3Bs Hot Pot,1 Westgate House,Spital Street,Dartford,DA1 2EH,Dartford,AwaitingInspection,,FHRS,False,51.445459,0.2132526,"3Bs Hot Pot, 1 Westgate House, Spital Street, Dartford, DA1 2EH"
2026-09-29,1988964,AYESHA'S SPICE LTD,Restaurant/Cafe/Canteen,,Unit 7A Regent Studios 8 Andrews Road London,Hackney,London,E8 4QN,Hackney,AwaitingInspection,,FHRS,False,51.5355014,-0.0602162,"Unit 7A Regent Studios 8 Andrews Road London, Hackney, London, E8 4QN"
2026-09-29,1988960,Homerton Hospital - Coffee Shop Education Centre,Restaurant/Cafe/Canteen,,Homerton Hospital - Coffee Shop Education Centre Homerton row London,Hackney,London,E9 6SR,Hackney,AwaitingInspection,,FHRS,False,51.5512021,-0.0457377,"Homerton Hospital - Coffee Shop Education Centre Homerton row London, Hackney, London, E9 6SR"
2026-09-29,1988966,Homerton Hospital - Kitchen Works,Restaurant/Cafe/Canteen,,Homerton Hospital  - Kitchen Works Homerton row London,Hackney,London,E9 6SR,Hackney,AwaitingInspection,,FHRS,False,51.5512021,-0.0457377,"Homerton Hospital  - Kitchen Works Homerton row London, Hackney, London, E9 6SR"
2026-09-29,1988959,Homerton University Hospital,Restaurant/Cafe/Canteen,,Homerton Row London,Hackney,London,E9 6SR,Hackney,AwaitingInspection,,FHRS,False,,,"Homerton Row London, Hackney, London, E9 6SR"
2026-09-29,1988961,The Hoxton 100,Restaurant/Cafe/Canteen,,100-102 Hoxton Street London,Hackney,London,N1 6SG,Hackney,AwaitingInspection,,FHRS,False,51.5310251,-0.0799864,"100-102 Hoxton Street London, Hackney, London, N1 6SG"
2026-09-29,1988954,Yard Morning,Restaurant/Cafe/Canteen,,67 Mare Street London,Hackney,London,E8 4RG,Hackney,AwaitingInspection,,FHRS,False,,,"67 Mare Street London, Hackney, London, E8 4RG"
2026-09-29,1988840,PFS Strensham South - Wild Bean Cafe,Restaurant/Cafe/Canteen,M5 Services (South Bound),Hill View Road,Strensham,Worcestershire,WR8 0BZ,Wychavon,AwaitingInspection,,FHRS,False,52.06474,-2.156954,"M5 Services (South Bound), Hill View Road, Strensham, Worcestershire, WR8 0BZ"
2026-09-29,1990730,The Sandwich Stop At Ashton House,Restaurant/Cafe/Canteen,Unit 1,Ashton House Business Centre,Cheltenham Road,Ashton Under Hill,WR11 7QP,Wychavon,AwaitingInspection,,FHRS,False,52.0296833,-1.998755,"Unit 1, Ashton House Business Centre, Cheltenham Road, Ashton Under Hill, WR11 7QP"
2026-09-29,1989439,EVEREST ABERCORN,Restaurant/Cafe/Canteen,Everest Abercorn 78 Stanmore Hil,STANMORE,,,HA7 3BU,Harrow,AwaitingInspection,,FHRS,False,51.6210466,-0.3158234,"Everest Abercorn 78 Stanmore Hil, STANMORE, HA7 3BU"
2026-09-29,1991440,Headstone's clubhouse cafe,Restaurant/Cafe/Canteen,Museum Store And Office Headstone Manor Recreation Ground Pinner View,Harrow,,,HA2 6PX,Harrow,AwaitingInspection,,FHRS,False,51.5940608,-0.3526131,"Museum Store And Office Headstone Manor Recreation Ground Pinner View, Harrow, HA2 6PX"
2026-09-29,1989444,Meditalia,Restaurant/Cafe/Canteen,497 Northolt Road,Harrow,,,HA2 8JN,Harrow,AwaitingInspection,,FHRS,False,51.5575658,-0.3613476,"497 Northolt Road, Harrow, HA2 8JN"
2026-09-29,1989451,Nomad Chicken,Restaurant/Cafe/Canteen,First Floor Suite 1 26-28 High Street,Harrow,,,HA3 7AB,Harrow,AwaitingInspection,,FHRS,False,51.5937429,-0.3349022,"First Floor Suite 1 26-28 High Street, Harrow, HA3 7AB"
2026-09-29,1989447,Safar Social,Restaurant/Cafe/Canteen,273 Station Road,Harrow,,,HA1 2TB,Harrow,AwaitingInspection,,FHRS,False,51.5827009,-0.3327156,"273 Station Road, Harrow, HA1 2TB"
2026-09-29,1989449,Shayona,Restaurant/Cafe/Canteen,389-391 Honeypot Lane,Stanmore,,,HA7 1JJ,Harrow,AwaitingInspection,,FHRS,False,51.5960336,-0.2949476,"389-391 Honeypot Lane, Stanmore, HA7 1JJ"
2026-09-29,1989446,Spice Village,Restaurant/Cafe/Canteen,1-4 Dominion Parade Station Road,Harrow,,,HA1 2TR,Harrow,AwaitingInspection,,FHRS,False,51.5860899,-0.3326348,"1-4 Dominion Parade Station Road, Harrow, HA1 2TR"
2026-09-29,1990635,THE CITY BIRYANI,Restaurant/Cafe/Canteen,217 Station Road,Harrow,,,HA1 2TH,Harrow,AwaitingInspection,,FHRS,False,51.583964,-0.332488,"217 Station Road, Harrow, HA1 2TH"
2026-09-29,1989436,Zaiqa E Mehfil,Restaurant/Cafe/Canteen,156 Greenford Road,Harrow,,,HA1 3QS,Harrow,AwaitingInspection,,FHRS,False,51.557434,-0.33542,"156 Greenford Road, Harrow, HA1 3QS"
2026-09-29,1992141,Black Sheep Coffee,Restaurant/Cafe/Canteen,14 - 16 Bold Street,,Liverpool,,L1 4DS,Liverpool,AwaitingInspection,,FHRS,False,,,"14 - 16 Bold Street, Liverpool, L1 4DS"
2026-09-29,1992108,Holdi,Restaurant/Cafe/Canteen,5B Woolton Street,,Liverpool,,L25 5NH,Liverpool,AwaitingInspection,,FHRS,True,,,"5B Woolton Street, Liverpool, L25 5NH"
2026-09-29,1992154,ISTANBUL BREEZE,Restaurant/Cafe/Canteen,4 Queen Square,,Liverpool,,L1 1RH,Liverpool,AwaitingInspection,,FHRS,False,,,"4 Queen Square, Liverpool, L1 1RH"
2026-09-29,1992147,Olwen's Cafe,Restaurant/Cafe/Canteen,110 Mill Street,,Liverpool,,L8 5UB,Liverpool,AwaitingInspection,,FHRS,False,,,"110 Mill Street, Liverpool, L8 5UB"
2026-09-29,1992112,Speke Bar & Bistro,Restaurant/Cafe/Canteen,135 Alder Wood Avenue,,Liverpool,,L24 7RB,Liverpool,AwaitingInspection,,FHRS,False,,,"135 Alder Wood Avenue, Liverpool, L24 7RB"
2026-09-29,1992152,TAKE A BREAK KITCHEN LTD,Restaurant/Cafe/Canteen,New Oxford House 75 Dale Street,,Liverpool,,L2 2HT,Liverpool,AwaitingInspection,,FHRS,False,,,"New Oxford House 75 Dale Street, Liverpool, L2 2HT"
2026-09-29,1992131,The Village Sandwich Bar,Restaurant/Cafe/Canteen,58 St Marys Road,,Liverpool,,L19 2JD,Liverpool,AwaitingInspection,,FHRS,False,,,"58 St Marys Road, Liverpool, L19 2JD"
2026-09-29,1992117,Yamama restaurant,Restaurant/Cafe/Canteen,The Tea Factory 80 Wood Street,,Liverpool,,L1 4DQ,Liverpool,AwaitingInspection,,FHRS,False,,,"The Tea Factory 80 Wood Street, Liverpool, L1 4DQ"
2026-09-29,1991662,Die Hard BBQ,Restaurant/Cafe/Canteen,Queens Market Sussex Street,,Rhyl,,LL18 1SE,Denbighshire,AwaitingInspection,,FHRS,False,53.321458,-3.4920498,"Queens Market Sussex Street, Rhyl, LL18 1SE"
2026-09-29,1991658,Glow Eats,Restaurant/Cafe/Canteen,107 Victoria Road,,Prestatyn,Denbighshire,LL19 7SR,Denbighshire,AwaitingInspection,,FHRS,False,53.3362593,-3.41466,"107 Victoria Road, Prestatyn, Denbighshire, LL19 7SR"
2026-09-29,1918112,Plough Inn,Restaurant/Cafe/Canteen,The Roe,,St. Asaph,,LL17 0LU,Denbighshire,2,2026-03-10,FHRS,False,53.2621503,-3.44905435,"The Roe, St. Asaph, LL17 0LU"
2026-09-29,1991661,Rhyl Cafe Restaurant,Restaurant/Cafe/Canteen,3 Market Street,,Rhyl,,LL18 1RL,Denbighshire,AwaitingInspection,,FHRS,False,53.3204274,-3.4905086,"3 Market Street, Rhyl, LL18 1RL"
2026-09-29,1974315,876 District,Restaurant/Cafe/Canteen,Business,226A Brixton Road,London,,SW9 6AH,Lambeth,2,2026-08-15,FHRS,False,51.471715,-0.113057,"Business, 226A Brixton Road, London, SW9 6AH"
2026-09-29,1989392,Ah-Sigh-ee Limited,Restaurant/Cafe/Canteen,Unit 2,256 Wandsworth Road,London,,SW8 2JS,Lambeth,AwaitingInspection,,FHRS,False,51.4744847,-0.1326903,"Unit 2, 256 Wandsworth Road, London, SW8 2JS"
2026-09-29,1960584,Anave,Restaurant/Cafe/Canteen,112E Brixton Hill,London,,,SW2 1AH,Lambeth,4,2026-06-25,FHRS,False,51.453871,-0.1207209,"112E Brixton Hill, London, SW2 1AH"
2026-09-29,1846388,Cayena Coffee Roasters,Restaurant/Cafe/Canteen,144 Acre Lane,London,,,SW2 5UT,Lambeth,3,2026-08-22,FHRS,False,51.4598049,-0.1251269,"144 Acre Lane, London, SW2 5UT"
2026-09-29,1989405,EbonyLife Productions Limited,Restaurant/Cafe/Canteen,208 Wandsworth Road,London,,,SW8 2JU,Lambeth,AwaitingInspection,,FHRS,False,51.476,-0.131298,"208 Wandsworth Road, London, SW8 2JU"
2026-09-29,1990869,The Rochester Cafe - Vauxhall,Restaurant/Cafe/Canteen,342 Kennington Lane,London,,,SE11 5HY,Lambeth,AwaitingInspection,,FHRS,False,51.4864249,-0.1201756,"342 Kennington Lane, London, SE11 5HY"
2026-09-29,1990864,The Ugly Duck,Restaurant/Cafe/Canteen,65 Coldharbour Lane,London,,,SE5 9NS,Lambeth,AwaitingInspection,,FHRS,False,51.47017303,-0.09503766,"65 Coldharbour Lane, London, SE5 9NS"
2026-09-29,1940199,The Wire Room At Parkhall,Restaurant/Cafe/Canteen,Parkhall Business Centre,40 Martell Road,London,,SE21 8EN,Lambeth,5,2026-09-16,FHRS,False,51.4331181,-0.0947123,"Parkhall Business Centre, 40 Martell Road, London, SE21 8EN"
2026-09-29,1991215,Fire Cut - The Grill House,Restaurant/Cafe/Canteen,Gade House,46 The Parade High Street,Watford,,WD17 1AY,Watford,AwaitingInspection,,FHRS,False,51.657487,-0.399938,"Gade House, 46 The Parade High Street, Watford, WD17 1AY"
2026-09-29,535438,58 Social,Restaurant/Cafe/Canteen,,58 High Street,Stony Stratford,Milton Keynes,MK11 1AQ,Milton Keynes,AwaitingInspection,,FHRS,False,52.0571927,-0.8530362,"58 High Street, Stony Stratford, Milton Keynes, MK11 1AQ"
2026-09-29,117940,Chapel Chophouse & Bar,Restaurant/Cafe/Canteen,,7 St Pauls Court,Stony Stratford,Milton Keynes,MK11 1LJ,Milton Keynes,AwaitingInspection,,FHRS,False,52.059078,-0.855833,"7 St Pauls Court, Stony Stratford, Milton Keynes, MK11 1LJ"
2026-09-29,1988870,Maison Karim Ltd,Restaurant/Cafe/Canteen,,58 High Street,Stony Stratford,Milton Keynes,MK11 1AQ,Milton Keynes,AwaitingInspection,,FHRS,False,52.0571927,-0.8530362,"58 High Street, Stony Stratford, Milton Keynes, MK11 1AQ"
2026-09-29,1988869,Stoke Goldington Reading Rooms,Restaurant/Cafe/Canteen,The Reading Room,62 High Street,Stoke Goldington,Milton Keynes,MK16 8NR,Milton Keynes,AwaitingInspection,,FHRS,False,52.1318677,-0.7785976,"The Reading Room, 62 High Street, Stoke Goldington, Milton Keynes, MK16 8NR"
2026-09-29,1990946,Coppice Cafe,Restaurant/Cafe/Canteen,Coppice Cafe,The Corner House,High Street,Cuckfield,RH17 5JX,Mid Sussex,AwaitingInspection,,FHRS,False,,,"Coppice Cafe, The Corner House, High Street, Cuckfield, RH17 5JX"
2026-09-29,1989148,The Coffee House,Restaurant/Cafe/Canteen,The Bay Tree,2 Providence Terrace,Lion Lane,Turners Hill,RH10 4NX,Mid Sussex,AwaitingInspection,,FHRS,False,,,"The Bay Tree, 2 Providence Terrace, Lion Lane, Turners Hill, RH10 4NX"
2026-09-29,1969994,Gwin y Mor,Restaurant/Cafe/Canteen,47 - 49 Great Darkgate Street,,Aberystwyth,Ceredigion,SY23 1DW,Ceredigion,5,2026-09-18,FHRS,False,52.413936,-4.086872,"47 - 49 Great Darkgate Street, Aberystwyth, Ceredigion, SY23 1DW"
2026-09-29,1989872,Juniors,Restaurant/Cafe/Canteen,6 Park Avenue,,Deal,,CT14 9AL,Dover,AwaitingInspection,,FHRS,False,51.2192508,1.3947274,"6 Park Avenue, Deal, CT14 9AL"
2026-09-29,1989873,Pit stop,Restaurant/Cafe/Canteen,Intex House Cooting Road,,Aylesham,Kent,CT3 3EP,Dover,AwaitingInspection,,FHRS,False,51.2223187,1.195581,"Intex House Cooting Road, Aylesham, Kent, CT3 3EP"
2026-09-29,1988881,Twig Coffee House,Restaurant/Cafe/Canteen,Manor Park Road,Glossop,Derbyshire,,SK13 7SH,High Peak,AwaitingInspection,,FHRS,False,,,"Manor Park Road, Glossop, Derbyshire, SK13 7SH"
2026-09-29,1990340,McDonald's,Restaurant/Cafe/Canteen,Mcdonalds Restaurant Ltd Plas Coch Retail Park,Plas Coch,Wrexham,,LL11 2BA,Wrecsam,5,2026-09-09,FHRS,False,,,"Mcdonalds Restaurant Ltd Plas Coch Retail Park, Plas Coch, Wrexham, LL11 2BA"
2026-09-29,1990341,Taste Cafe,Restaurant/Cafe/Canteen,Sainsburys Supermarket Plas Coch Retail Park,Plas Coch,Wrexham,,LL11 2BA,Wrecsam,AwaitingInspection,,FHRS,True,53.0571623,-3.0081325,"Sainsburys Supermarket Plas Coch Retail Park, Plas Coch, Wrexham, LL11 2BA"
2026-09-29,1989279,CHAI ON THE CORNER,Restaurant/Cafe/Canteen,,32 Wisely Place,Countesswells,Aberdeen,AB15 8NF,Aberdeen City,Awaiting Inspection,1999-04-01,FHIS,False,,,"32 Wisely Place, Countesswells, Aberdeen, AB15 8NF"
2026-09-29,1989273,FRANKIE AND BENNY'S,Restaurant/Cafe/Canteen,,Unit 25 Upper Mall,Union Square,Aberdeen,AB11 5LF,Aberdeen City,Awaiting Inspection,,FHIS,False,,,"Unit 25 Upper Mall, Union Square, Aberdeen, AB11 5LF"
2026-09-29,1989278,WEE KAWA,Restaurant/Cafe/Canteen,,105 Victoria Road,Torry,Aberdeen,AB11 9LX,Aberdeen City,Awaiting Inspection,1999-04-01,FHIS,False,57.1372997,-2.0870444,"105 Victoria Road, Torry, Aberdeen, AB11 9LX"
2026-09-29,1992190,Hogs Haven Golf Club,Restaurant/Cafe/Canteen,Hogs Haven Golf Club Ltd Feddinch St Andrews Fife,,,,KY16 8FR,Fife,Awaiting Inspection,2026-09-25,FHIS,False,,,"Hogs Haven Golf Club Ltd Feddinch St Andrews Fife, KY16 8FR"
2026-09-29,1988710,Locheport24,Restaurant/Cafe/Canteen,,,,,,Fife,Awaiting Inspection,2026-09-16,FHIS,False,,,
2026-09-29,798088,Oscars Coffee House Limited,Restaurant/Cafe/Canteen,Unit 1 207 - 217 High Street Kirkcaldy Fife,,,,KY1 1JD,Fife,Pass,2026-09-15,FHIS,False,56.111473,-3.158201,"Unit 1 207 - 217 High Street Kirkcaldy Fife, KY1 1JD"
2026-09-29,1992187,The Golf House,Restaurant/Cafe/Canteen,Mansion House Wemysshall Road Hill Of Tarvit Cupar Fife,,,,KY15 5PB,Fife,Awaiting Inspection,2026-09-24,FHIS,False,,,"Mansion House Wemysshall Road Hill Of Tarvit Cupar Fife, KY15 5PB"
2026-09-29,1990659,Chicken Valley Peri Peri,Restaurant/Cafe/Canteen,15 North Street,Leighton Buzzard,Beds,,LU7 1EF,Central Bedfordshire,AwaitingInspection,,FHRS,False,51.9174023,-0.6611156,"15 North Street, Leighton Buzzard, Beds, LU7 1EF"
2026-09-29,1990670,Lains Coffee House,Restaurant/Cafe/Canteen,Kiosk,Sullivan Court,Biggleswade,Beds,SG18 8SZ,Central Bedfordshire,AwaitingInspection,,FHRS,False,52.0924365,-0.2421426,"Kiosk, Sullivan Court, Biggleswade, Beds, SG18 8SZ"
2026-09-29,1990657,Views and Brews,Restaurant/Cafe/Canteen,Mount Pleasant View,Station Road,Lower Stondon,Henlow,SG16 6JL,Central Bedfordshire,AwaitingInspection,,FHRS,False,,,"Mount Pleasant View, Station Road, Lower Stondon, Henlow, SG16 6JL"
2026-09-29,1991863,Adams,Restaurant/Cafe/Canteen,31 Kingston Road,,Wimbledon,Merton,SW19 1JX,Merton,AwaitingInspection,,FHRS,False,51.4157887,-0.1941462,"31 Kingston Road, Wimbledon, Merton, SW19 1JX"
2026-09-29,843879,Takahashi,Restaurant/Cafe/Canteen,228 Merton Road,,Wimbledon,Merton,SW19 1EQ,Merton,5,2022-02-06,FHRS,False,51.4162998,-0.1922352,"228 Merton Road, Wimbledon, Merton, SW19 1EQ"
2026-09-29,1991871,Tatoze,Restaurant/Cafe/Canteen,Land Ro 266 Burlington Road,,New Malden,Merton,KT3 4NL,Merton,AwaitingInspection,,FHRS,False,51.3999055,-0.2393016,"Land Ro 266 Burlington Road, New Malden, Merton, KT3 4NL"
2026-09-29,1991864,ZAYS BAKES,Restaurant/Cafe/Canteen,216 - 218 Burlington Road,,New Malden,Merton,KT3 4NW,Merton,AwaitingInspection,,FHRS,False,51.3996147,-0.2416663,"216 - 218 Burlington Road, New Malden, Merton, KT3 4NW"
2026-09-29,1990347,Caribbean Vibes 2.0,Restaurant/Cafe/Canteen,178A Park View Road,Welling,Kent,,DA16 1ST,Bexley,AwaitingInspection,,FHRS,False,51.4617864,0.1142252,"178A Park View Road, Welling, Kent, DA16 1ST"
2026-09-29,1990351,House Coffee And Records,Restaurant/Cafe/Canteen,The Old Library,3 Walnut Tree Road,Erith,Kent,DA8 1RS,Bexley,AwaitingInspection,,FHRS,False,,,"The Old Library, 3 Walnut Tree Road, Erith, Kent, DA8 1RS"
2026-09-29,1990348,Sushi & Bento House Also T/A Kimbap Fusion & Thai Co,Restaurant/Cafe/Canteen,223 Broadway,Bexleyheath,Kent,,DA6 7EJ,Bexley,AwaitingInspection,,FHRS,False,51.4571892,0.1394846,"223 Broadway, Bexleyheath, Kent, DA6 7EJ"
2026-09-29,1990307,The Port Brasserie,Restaurant/Cafe/Canteen,31 Marine Road Port Bannatyne Isle Of Bute Argyll And Bute PA20 0LL,,,,PA20 0LL,Argyll and Bute,Awaiting Inspection,2026-09-21,FHIS,False,55.8600537,-5.0809455,"31 Marine Road Port Bannatyne Isle Of Bute Argyll And Bute PA20 0LL, PA20 0LL"
2026-09-29,1991217,Sejuiced,Restaurant/Cafe/Canteen,Unit 25 Wellgate Shopping Centre,Panmure Street,Dundee,,DD1 2DB,Dundee City,Awaiting Inspection,2018-06-25,FHIS,False,56.4639584,-2.9689971,"Unit 25 Wellgate Shopping Centre, Panmure Street, Dundee, DD1 2DB"
2026-09-29,1988796,BUDGENS BROXBURN - FIRST WHISK,Restaurant/Cafe/Canteen,East Main Street,,Broxburn,,EH52 5EQ,West Lothian,Awaiting Inspection,2026-08-21,FHIS,False,55.93426408,-3.4700276,"East Main Street, Broxburn, EH52 5EQ"
2026-09-29,1988787,Deer Park Premier Inn,Restaurant/Cafe/Canteen,Deer Park Road,Carmondean,Livingston,,EH54 8AD,West Lothian,Awaiting Inspection,2026-08-24,FHIS,False,,,"Deer Park Road, Carmondean, Livingston, EH54 8AD"
2026-09-29,1988795,La Buena Tapa,Restaurant/Cafe/Canteen,Hopetoun Street,,Bathgate,,EH48 4PB,West Lothian,Awaiting Inspection,2026-08-20,FHIS,False,55.903496,-3.6385018,"Hopetoun Street, Bathgate, EH48 4PB"
2026-09-29,1988791,Soulful Kitchen,Restaurant/Cafe/Canteen,Kingsport Avenue,Howden,Livingston,,EH54 6BA,West Lothian,Awaiting Inspection,2026-08-13,FHIS,False,55.8929371,-3.50859003,"Kingsport Avenue, Howden, Livingston, EH54 6BA"
2026-09-29,1988792,Subway,Restaurant/Cafe/Canteen,High Street,,Linlithgow,,EH49 7EJ,West Lothian,Awaiting Inspection,2026-08-14,FHIS,False,55.97647915,-3.60255425,"High Street, Linlithgow, EH49 7EJ"
2026-09-29,1988789,The Wee Spud Hut,Restaurant/Cafe/Canteen,Jubilee Road,,Whitburn,,EH47 0AT,West Lothian,Awaiting Inspection,2026-08-07,FHIS,False,,,"Jubilee Road, Whitburn, EH47 0AT"
2026-09-29,1990336,Garioch Tenpin Bowling Ltd,Restaurant/Cafe/Canteen,,Harlaw Business Centre,Harlaw Road,Inverurie,AB51 4FR,Aberdeenshire,Awaiting Inspection,2026-09-17,FHIS,False,57.293766,-2.388058,"Harlaw Business Centre, Harlaw Road, Inverurie, AB51 4FR"
2026-09-29,1990339,Mains Of Balquharn,Restaurant/Cafe/Canteen,,Mains Of Balquharn,Portlethen,Aberdeenshire,AB12 4QS,Aberdeenshire,Awaiting Inspection,2026-09-22,FHIS,False,57.064887,-2.141962,"Mains Of Balquharn, Portlethen, Aberdeenshire, AB12 4QS"
2026-09-29,1984466,Greggs Plc,Restaurant/Cafe/Canteen,Unit 4,Griggs Way,Witham,Essex,CM8 1ZR,Braintree,AwaitingInspection,,FHRS,False,51.7866912,0.6223841,"Unit 4, Griggs Way, Witham, Essex, CM8 1ZR"
2026-09-29,1991110,Panners Castle,Restaurant/Cafe/Canteen,7 St James Street,Castle Hedingham,Essex,,CO9 3EJ,Braintree,AwaitingInspection,,FHRS,False,,,"7 St James Street, Castle Hedingham, Essex, CO9 3EJ"
2026-09-29,1990709,Grill-It Bromsgrove,Restaurant/Cafe/Canteen,22 - 24 High Street,Bromsgrove,Worcestershire,,B61 8HQ,Bromsgrove,AwaitingInspection,,FHRS,False,52.333776,-2.061782,"22 - 24 High Street, Bromsgrove, Worcestershire, B61 8HQ"
2026-09-29,1667792,Border Force Harwich,Restaurant/Cafe/Canteen,,,,,,Tendring,Exempt,,FHRS,False,,,
2026-09-29,1991709,H and T Athletics,Restaurant/Cafe/Canteen,Unit A1,Hockleys Business Centre,Valley Road,Clacton On Sea,CO15 4AE,Tendring,AwaitingInspection,,FHRS,False,51.8031578,1.1672247,"Unit A1, Hockleys Business Centre, Valley Road, Clacton On Sea, CO15 4AE"
2026-09-29,1991710,Open Road,Restaurant/Cafe/Canteen,132 Wellesley Road,Clacton On Sea,Essex,,,Tendring,AwaitingInspection,,FHRS,False,51.7966101,1.153174,"132 Wellesley Road, Clacton On Sea, Essex"
2026-09-29,1991714,The Calm Cafe,Restaurant/Cafe/Canteen,90 Kings Avenue,Holland On Sea,Clacton On Sea,Essex,CO15 5EP,Tendring,AwaitingInspection,,FHRS,False,51.8025143,1.1820493,"90 Kings Avenue, Holland On Sea, Clacton On Sea, Essex, CO15 5EP"
2026-09-29,1990068,Ground and Grain,Restaurant/Cafe/Canteen,140 Woodville Road,Cathays,Cardiff,,CF24 4EE,Cardiff,AwaitingInspection,,FHRS,False,51.4939998,-3.1765761,"140 Woodville Road, Cathays, Cardiff, CF24 4EE"
2026-09-29,1990071,Jaff Cafe & Restaurant,Restaurant/Cafe/Canteen,83 Crwys Road,Cathays,Cardiff,,CF24 4NF,Cardiff,AwaitingInspection,,FHRS,False,51.4953705,-3.1788731,"83 Crwys Road, Cathays, Cardiff, CF24 4NF"
2026-09-29,1990067,juices 4 life,Restaurant/Cafe/Canteen,24 Albany Road,Roath,Cardiff,,CF24 3RQ,Cardiff,AwaitingInspection,,FHRS,False,51.4929885,-3.169581,"24 Albany Road, Roath, Cardiff, CF24 3RQ"
2026-09-29,1990063,Kumo Cafe,Restaurant/Cafe/Canteen,Unit 1 115 - 119 City Road,Roath,Cardiff,,CF24 3BP,Cardiff,AwaitingInspection,,FHRS,False,51.4890699,-3.1685796,"Unit 1 115 - 119 City Road, Roath, Cardiff, CF24 3BP"
2026-09-29,1991909,Kureghor,Restaurant/Cafe/Canteen,110 Clare Road,Grangetown,Cardiff,,CF11 6RU,Cardiff,AwaitingInspection,,FHRS,False,51.4720183,-3.1868812,"110 Clare Road, Grangetown, Cardiff, CF11 6RU"
2026-09-29,1991906,Shawarma Laziz,Restaurant/Cafe/Canteen,Ground Floor 154 City Road,Roath,Cardiff,,CF24 3DR,Cardiff,AwaitingInspection,,FHRS,False,51.4899789,-3.1692099,"Ground Floor 154 City Road, Roath, Cardiff, CF24 3DR"
2026-09-29,1991911,Syriana Grill House,Restaurant/Cafe/Canteen,72-74 City Road,,Cardiff,,CF24 3DD,Cardiff,AwaitingInspection,,FHRS,False,51.488114,-3.166994,"72-74 City Road, Cardiff, CF24 3DD"
2026-09-29,1990069,Wyndham cafeteria,Restaurant/Cafe/Canteen,Unit 6 To 10 Even Wyndham Arcade,Cathays,Cardiff,,CF10 1FJ,Cardiff,AwaitingInspection,,FHRS,False,51.4774993,-3.1765836,"Unit 6 To 10 Even Wyndham Arcade, Cathays, Cardiff, CF10 1FJ"
2026-09-29,1990322,Dulwich tandoori,Restaurant/Cafe/Canteen,,54,Lordship Lane,London,SE22 8HJ,Southwark,AwaitingInspection,,FHRS,True,51.459258,-0.075294,"54, Lordship Lane, London, SE22 8HJ"
2026-09-29,1976208,Aspens Service Ltd At Southgate Primary,Restaurant/Cafe/Canteen,Southgate Primary School,Barrington Road,Southgate,Crawley,RH10 6DG,Crawley,5,2026-09-17,FHRS,False,51.105778,-0.19045,"Southgate Primary School, Barrington Road, Southgate, Crawley, RH10 6DG"
2026-09-29,1974624,HCL At Pound Hill Infants,Restaurant/Cafe/Canteen,Pound Hill Infant Academy,Crawley Lane,Pound Hill,Crawley,RH10 7EB,Crawley,5,2026-09-09,FHRS,False,51.11859,-0.154013,"Pound Hill Infant Academy, Crawley Lane, Pound Hill, Crawley, RH10 7EB"
2026-09-29,1974621,Something Wiccan Ltd,Restaurant/Cafe/Canteen,1 Church Walk,Northgate,Crawley,West Sussex,RH10 1HH,Crawley,5,2026-09-07,FHRS,False,,,"1 Church Walk, Northgate, Crawley, West Sussex, RH10 1HH"
2026-09-29,1969994,Gwin y Mor,Restaurant/Cafe/Canteen,47 - 49 Great Darkgate Street,,Aberystwyth,Ceredigion,SY23 1DW,Ceredigion,5,2026-09-18,FHRS,False,52.413936,-4.086872,"47 - 49 Great Darkgate Street, Aberystwyth, Ceredigion, SY23 1DW"
2026-09-29,1991486,Cliffe Coffee Shop,Restaurant/Cafe/Canteen,Cliffe Building East Sussex College Mountfield Road,,Lewes,East Sussex,BN7 2XH,Lewes,AwaitingInspection,,FHRS,False,50.8700929,0.0155995,"Cliffe Building East Sussex College Mountfield Road, Lewes, East Sussex, BN7 2XH"
2026-09-29,1989703,Bricks & Brews,Restaurant/Cafe/Canteen,201 - 203 Whitley Road,Whitley Bay,Tyne And Wear,,NE26 2SY,North Tyneside,5,2026-09-08,FHRS,False,55.0418014526367,-1.44319605827332,"201 - 203 Whitley Road, Whitley Bay, Tyne And Wear, NE26 2SY"
2026-09-29,1990688,BT (at EE),Restaurant/Cafe/Canteen,6 Silver Fox Way,West Allotment,Newcastle Upon Tyne,,NE27 0QJ,North Tyneside,5,2026-09-16,FHRS,False,55.0201545,-1.5112339,"6 Silver Fox Way, West Allotment, Newcastle Upon Tyne, NE27 0QJ"
2026-09-29,1988756,Hundred House Coffee,Restaurant/Cafe/Canteen,231 London Road,,St Leonards-on-sea,East Sussex,TN37 6LU,Hastings,AwaitingInspection,,FHRS,False,50.8610636,0.5572209,"231 London Road, St Leonards-on-sea, East Sussex, TN37 6LU"
2026-09-29,1988755,REEYA'S KITCHEN,Restaurant/Cafe/Canteen,Restaurant And Premises 375 London Road,,St Leonards-on-sea,East Sussex,TN37 6PA,Hastings,AwaitingInspection,,FHRS,False,50.8668427,0.5561869,"Restaurant And Premises 375 London Road, St Leonards-on-sea, East Sussex, TN37 6PA"
2026-09-29,1991495,Chick-fil-A Hamilton FSU,Restaurant/Cafe/Canteen,Unit C Palace Grounds Retail Park,Palace Grounds Road,Hamilton,South Lanarkshire,ML3 6AD,South Lanarkshire,Awaiting Inspection,,FHIS,False,55.7781282,-4.0269184,"Unit C Palace Grounds Retail Park, Palace Grounds Road, Hamilton, South Lanarkshire, ML3 6AD"
2026-09-29,1991494,Haval's Deli,Restaurant/Cafe/Canteen,,32 Calderwood Square,East Kilbride,Glasgow,G74 3BQ,South Lanarkshire,Awaiting Inspection,,FHIS,False,,,"32 Calderwood Square, East Kilbride, Glasgow, G74 3BQ"
2026-09-29,1990590,Flexi Fuel Bar,Restaurant/Cafe/Canteen,19 John Street,Bamber Bridge,Preston,Lancashire,PR5 6TJ,Chorley,AwaitingInspection,,FHRS,False,53.7306932,-2.6626589,"19 John Street, Bamber Bridge, Preston, Lancashire, PR5 6TJ"
2026-09-29,1231111,Ottoman Bar & Grill,Restaurant/Cafe/Canteen,102A Market Street,Chorley,,,PR7 2SL,Chorley,5,2026-09-03,FHRS,False,53.6510689,-2.6320622,"102A Market Street, Chorley, PR7 2SL"
2026-09-29,1988630,Taylormaid,Restaurant/Cafe/Canteen,Taylor Maid,184 Spendmore Lane,Coppull,Chorley,PR7 5BX,Chorley,AwaitingInspection,,FHRS,False,53.6221182,-2.6615538,"Taylor Maid, 184 Spendmore Lane, Coppull, Chorley, PR7 5BX"
2026-09-29,1988626,The Black Pearl Seafood Deli,Restaurant/Cafe/Canteen,17 Chapel Street,Chorley,,,PR7 1BN,Chorley,AwaitingInspection,,FHRS,True,53.6527356,-2.6310616,"17 Chapel Street, Chorley, PR7 1BN"
2026-09-29,735247,Caprinos Pizza Rotherham,Restaurant/Cafe/Canteen,,32 College Street,Rotherham Town Centre,Rotherham South Yorkshire,S65 1AG,Rotherham,AwaitingInspection,,FHRS,False,53.430993,-1.355517,"32 College Street, Rotherham Town Centre, Rotherham South Yorkshire, S65 1AG"
2026-09-29,1991952,Larnies Play Cafe,Restaurant/Cafe/Canteen,4 Henderson Place,Canklow Road,Canklow,Rotherham,S60 2JH,Rotherham,AwaitingInspection,,FHRS,False,53.4180257,-1.3611639,"4 Henderson Place, Canklow Road, Canklow, Rotherham, S60 2JH"
2026-09-29,461759,Lil Pops Bakery,Restaurant/Cafe/Canteen,,41A Park Street,Swallownest,Sheffield,S26 4UP,Rotherham,AwaitingInspection,,FHRS,False,53.363392,-1.323417,"41A Park Street, Swallownest, Sheffield, S26 4UP"
2026-09-29,288591,Lesleyann's,Restaurant/Cafe/Canteen,17a North Seaton Road,Ashington,Northumberland,,NE63 0AG,Northumberland,AwaitingInspection,,FHRS,False,55.181406,-1.568606,"17a North Seaton Road, Ashington, Northumberland, NE63 0AG"
2026-09-29,1989345,Golden Bell Chinese Takeaway,Restaurant/Cafe/Canteen,4 Windsor Drive Penicuik EH26 8DS,,,,EH26 8DS,Midlothian,Pass,2026-09-16,FHIS,False,55.8308054,-3.2120249,"4 Windsor Drive Penicuik EH26 8DS, EH26 8DS"
2026-09-29,1991415,Nandos,Restaurant/Cafe/Canteen,Nando's,Doncaster Road,Gunness,Scunthorpe,DN15 8TE,North Lincolnshire,AwaitingInspection,,FHRS,False,,,"Nando's, Doncaster Road, Gunness, Scunthorpe, DN15 8TE"
2026-09-29,1991179,Baked By Iris,Restaurant/Cafe/Canteen,,,,,,Wigan,AwaitingInspection,,FHRS,False,,,
2026-09-29,1991178,Eightysxd,Restaurant/Cafe/Canteen,,,,,,Wigan,AwaitingInspection,,FHRS,False,,,
2026-09-29,1949654,Hello Baby,Restaurant/Cafe/Canteen,,,,,,Wigan,AwaitingInspection,,FHRS,False,,,
2026-09-29,1991174,JS Patisserie,Restaurant/Cafe/Canteen,,,,,,Wigan,AwaitingInspection,,FHRS,False,,,
2026-09-29,1991172,Nuwell Ltd,Restaurant/Cafe/Canteen,,,,,,Wigan,AwaitingInspection,,FHRS,False,,,
2026-09-29,1991181,The Cake Cupboard,Restaurant/Cafe/Canteen,,,,,,Wigan,AwaitingInspection,,FHRS,False,,,
2026-09-29,1991171,The Dough Drop,Restaurant/Cafe/Canteen,,,,,,Wigan,AwaitingInspection,,FHRS,False,,,
2026-09-29,1989487,Books & Bakes,Restaurant/Cafe/Canteen,6 Bank Street,,Wigtown,,DG8 9HP,Dumfries and Galloway,Pass,2025-06-24,FHIS,False,54.8690058,-4.4412344,"6 Bank Street, Wigtown, DG8 9HP"
2026-09-29,1989556,Police Station Canteen,Restaurant/Cafe/Canteen,60 Loreburn Street,Dumfries,,Dumfries And Galloway,DG1 1HP,Dumfries and Galloway,Exempt,2026-08-24,FHIS,False,55.0701753,-3.6094508,"60 Loreburn Street, Dumfries, Dumfries And Galloway, DG1 1HP"
2026-09-29,1991208,KICK,Restaurant/Cafe/Canteen,St. Alban's Road,,Lytham St Anne's,,FY8 1XD,Fylde,AwaitingInspection,,FHRS,True,,,"St. Alban's Road, Lytham St Anne's, FY8 1XD"
2026-09-29,1991209,Rawstorne Sports Centre,Restaurant/Cafe/Canteen,Bush Lane,,Freckleton,,PR4 1SB,Fylde,AwaitingInspection,,FHRS,False,,,"Bush Lane, Freckleton, PR4 1SB"
2026-09-29,1990734,Apollo Pizza,Restaurant/Cafe/Canteen,107 Coventry Street,Kidderminster,Worcestershire,,DY10 2BH,Wyre Forest,AwaitingInspection,,FHRS,False,52.388706,-2.246764,"107 Coventry Street, Kidderminster, Worcestershire, DY10 2BH"
2026-09-29,1934618,Geez Jerk House -Gees Kitchen,Restaurant/Cafe/Canteen,10 Bridge Street,Kidderminster,Worcestershire,,DY10 1BN,Wyre Forest,5,2026-08-04,FHRS,False,52.386017,-2.24772,"10 Bridge Street, Kidderminster, Worcestershire, DY10 1BN"
2026-09-29,1990742,KFC,Restaurant/Cafe/Canteen,Unit 20A,Weavers Wharf,Kidderminster,Worcestershire,DY10 1AA,Wyre Forest,AwaitingInspection,,FHRS,False,52.387098,-2.250488,"Unit 20A, Weavers Wharf, Kidderminster, Worcestershire, DY10 1AA"
2026-09-29,1990741,Roscoes,Restaurant/Cafe/Canteen,Unit 5 - 7 Severnside Business Park,Cheapside,Stourport On Severn,Worcestershire,DY13 9EY,Wyre Forest,AwaitingInspection,,FHRS,False,52.3361839,-2.2761775,"Unit 5 - 7 Severnside Business Park, Cheapside, Stourport On Severn, Worcestershire, DY13 9EY"
2026-09-29,1989631,Mr B's Bakehouse & Coffee,Restaurant/Cafe/Canteen,Mr B's Bakehouse And Coffee,62 Orsett Road,Grays,Essex,RM17 5EH,Thurrock,AwaitingInspection,,FHRS,False,51.4790865,0.3260232,"Mr B's Bakehouse And Coffee, 62 Orsett Road, Grays, Essex, RM17 5EH"
2026-09-29,1991975,Rainham Marshes,Restaurant/Cafe/Canteen,Environment And Education Centre,RSPB Nature Reserve,New Tank Hill Road,Purfleet-on-thames,RM19 1SZ,Thurrock,AwaitingInspection,,FHRS,False,,,"Environment And Education Centre, RSPB Nature Reserve, New Tank Hill Road, Purfleet-on-thames, RM19 1SZ"
2026-09-30,1557695,OM Restaurant,Restaurant/Cafe/Canteen,18 - 20 Station Road,Aldershot,Hampshire,,GU11 1HT,Rushmoor,1,2026-08-12,FHRS,False,51.247684,-0.761471,"18 - 20 Station Road, Aldershot, Hampshire, GU11 1HT"
2026-09-30,1790996,Chai Kadai,Restaurant/Cafe/Canteen,24 - 26 South End,Croydon,,,CR0 1DN,Croydon,0,2026-09-08,FHRS,False,51.3664932,-0.0992892,"24 - 26 South End, Croydon, CR0 1DN"
2026-09-30,1992896,Fireaway Pizza,Restaurant/Cafe/Canteen,Unit F 18-20 Elwick Road,,Ashford,,TN23 1PF,Ashford,AwaitingInspection,,FHRS,False,,,"Unit F 18-20 Elwick Road, Ashford, TN23 1PF"
2026-09-30,1934473,SMASH & SHAKE,Restaurant/Cafe/Canteen,115 Station Road,,Ashford,,TN23 1EY,Ashford,5,2026-09-23,FHRS,False,,,"115 Station Road, Ashford, TN23 1EY"
2026-09-30,1992701,Bite Factory,Restaurant/Cafe/Canteen,Unit 3,Hargreaves Road,Groundwell Industrial Estate,Swindon,SN25 5AZ,Swindon,AwaitingInspection,,FHRS,False,51.597009,-1.774345,"Unit 3, Hargreaves Road, Groundwell Industrial Estate, Swindon, SN25 5AZ"
2026-09-30,1992871,Greggs plc,Restaurant/Cafe/Canteen,172 South Street,ENFIELD,,,EN3 4GE,Enfield,5,2026-09-08,FHRS,False,,,"172 South Street, ENFIELD, EN3 4GE"
2026-09-30,1992858,Barnyard,Restaurant/Cafe/Canteen,80 Cosgrove Business Park Daisy Bank Lane,Anderton With Marbury,Northwich,Cheshire,CW9 6FY,Cheshire West and Chester,AwaitingInspection,,FHRS,False,,,"80 Cosgrove Business Park Daisy Bank Lane, Anderton With Marbury, Northwich, Cheshire, CW9 6FY"
2026-09-30,1992835,Chicken Republic,Restaurant/Cafe/Canteen,67 Garden Lane,,Chester,Cheshire,CH1 4EW,Cheshire West and Chester,AwaitingInspection,,FHRS,False,53.1960857,-2.8983213,"67 Garden Lane, Chester, Cheshire, CH1 4EW"
2026-09-30,1992854,EET Fuels - Essar Park,Restaurant/Cafe/Canteen,Stanlow Refinery Oil Sites Road,,Ellesmere Port,Cheshire,CH65 4BD,Cheshire West and Chester,AwaitingInspection,,FHRS,False,53.2792701721191,-2.88026905059814,"Stanlow Refinery Oil Sites Road, Ellesmere Port, Cheshire, CH65 4BD"
2026-09-30,1992861,ella?s of Davenham,Restaurant/Cafe/Canteen,500 - 502 London Road,Davenham,Northwich,Cheshire,CW9 8HS,Cheshire West and Chester,5,2026-09-25,FHRS,False,53.2361944,-2.5124887,"500 - 502 London Road, Davenham, Northwich, Cheshire, CW9 8HS"
2026-09-30,1992851,Enny?s kitchen,Restaurant/Cafe/Canteen,91 Brook Street,,Chester,Cheshire,CH1 3DX,Cheshire West and Chester,AwaitingInspection,,FHRS,False,53.1956229,-2.8857071,"91 Brook Street, Chester, Cheshire, CH1 3DX"
2026-09-30,1992850,Fables the bookshop,Restaurant/Cafe/Canteen,Station House Whitchurch Road,Beeston,Chester,Cheshire,CW6 9NJ,Cheshire West and Chester,AwaitingInspection,,FHRS,False,,,"Station House Whitchurch Road, Beeston, Chester, Cheshire, CW6 9NJ"
2026-09-30,980345,Little Roodee Cafe,Restaurant/Cafe/Canteen,Little Roodee Cafe Castle Drive,,Chester,Cheshire,CH1 1SL,Cheshire West and Chester,5,2024-02-09,FHRS,False,53.1857833862305,-2.89129710197449,"Little Roodee Cafe Castle Drive, Chester, Cheshire, CH1 1SL"
2026-09-30,1992863,ON A ROLL,Restaurant/Cafe/Canteen,41 Boughton,,Chester,Cheshire,CH3 5AF,Cheshire West and Chester,AwaitingInspection,,FHRS,False,53.1924629211426,-2.8789529800415,"41 Boughton, Chester, Cheshire, CH3 5AF"
2026-09-30,1992831,Spuds4u,Restaurant/Cafe/Canteen,Unit 7 Northwich Market Hall Apple Market Street,,Northwich,Cheshire,CW9 5BB,Cheshire West and Chester,AwaitingInspection,,FHRS,False,53.2609552,-2.5133698,"Unit 7 Northwich Market Hall Apple Market Street, Northwich, Cheshire, CW9 5BB"
2026-09-30,1992830,Terrarium bistro,Restaurant/Cafe/Canteen,48B High Street,,Tarporley,Cheshire,CW6 0DX,Cheshire West and Chester,AwaitingInspection,,FHRS,False,53.1590221,-2.6688017,"48B High Street, Tarporley, Cheshire, CW6 0DX"
2026-09-30,1992846,The Hidden Kitchen,Restaurant/Cafe/Canteen,Bridge Farm Warrington Road,Dutton,Northwich,Cheshire,CW8 4QU,Cheshire West and Chester,AwaitingInspection,,FHRS,False,53.2834762,-2.5990596,"Bridge Farm Warrington Road, Dutton, Northwich, Cheshire, CW8 4QU"
2026-09-30,1992754,AF&V Launchpad,Restaurant/Cafe/Canteen,Armed Forces And Veterans 13 Avondale House 50 Raby Way,,Newcastle Upon Tyne,,NE6 2FR,Newcastle Upon Tyne,AwaitingInspection,,FHRS,False,54.9735249,-1.5778923,"Armed Forces And Veterans 13 Avondale House 50 Raby Way, Newcastle Upon Tyne, NE6 2FR"
2026-09-30,1992733,Ahads,Restaurant/Cafe/Canteen,78 - 82 High Street,Gosforth,Newcastle Upon Tyne,,NE3 1HB,Newcastle Upon Tyne,2,2026-08-13,FHRS,False,55.0039825,-1.6197391,"78 - 82 High Street, Gosforth, Newcastle Upon Tyne, NE3 1HB"
2026-09-30,1992757,Bamboo pan asian by soho,Restaurant/Cafe/Canteen,14 Leazes Park Road,,Newcastle Upon Tyne,,NE1 4PF,Newcastle Upon Tyne,5,2026-09-22,FHRS,False,54.9753368,-1.6177271,"14 Leazes Park Road, Newcastle Upon Tyne, NE1 4PF"
2026-09-30,1992723,BifaNata,Restaurant/Cafe/Canteen,Blush 4 Clayton Road,Jesmond,Newcastle Upon Tyne,,NE2 4RP,Newcastle Upon Tyne,AwaitingInspection,,FHRS,False,54.9856028,-1.610364,"Blush 4 Clayton Road, Jesmond, Newcastle Upon Tyne, NE2 4RP"
2026-09-30,1992748,Books From Below,Restaurant/Cafe/Canteen,Unit 3 Rear Of 37 Blandford Square,,Newcastle Upon Tyne,,NE1 4HZ,Newcastle Upon Tyne,AwaitingInspection,,FHRS,False,54.9694258,-1.6234751,"Unit 3 Rear Of 37 Blandford Square, Newcastle Upon Tyne, NE1 4HZ"
2026-09-30,1992720,Buzz and Bear,Restaurant/Cafe/Canteen,186 Heaton Road,,Newcastle Upon Tyne,,NE6 5HP,Newcastle Upon Tyne,AwaitingInspection,,FHRS,False,54.9836741,-1.5815679,"186 Heaton Road, Newcastle Upon Tyne, NE6 5HP"
2026-09-30,1992730,Dinithi,Restaurant/Cafe/Canteen,Dinithi Stack Newcastle Worswick Chambers Pilgrim Street,,Newcastle Upon Tyne,,NE1 6QF,Newcastle Upon Tyne,AwaitingInspection,,FHRS,False,54.9726627,-1.6103944,"Dinithi Stack Newcastle Worswick Chambers Pilgrim Street, Newcastle Upon Tyne, NE1 6QF"
2026-09-30,1992752,Dylan's Philly Cheesesteaks,Restaurant/Cafe/Canteen,Dylans Philly Cheesesteaks Stack Newcastle Worswick Chambers Pilgrim Street,,Newcastle Upon Tyne,,NE1 6QF,Newcastle Upon Tyne,AwaitingInspection,,FHRS,False,54.9726627,-1.6103944,"Dylans Philly Cheesesteaks Stack Newcastle Worswick Chambers Pilgrim Street, Newcastle Upon Tyne, NE1 6QF"
2026-09-30,1992728,Eden Rock Newcastle,Restaurant/Cafe/Canteen,Eden Rock Newcastle Studios 4 To 6 Benfield Business Park Benfield Road,,Newcastle Upon Tyne,,NE6 4NQ,Newcastle Upon Tyne,AwaitingInspection,,FHRS,False,,,"Eden Rock Newcastle Studios 4 To 6 Benfield Business Park Benfield Road, Newcastle Upon Tyne, NE6 4NQ"
2026-09-30,1992734,GOODS.,Restaurant/Cafe/Canteen,Ground Floor Metrovick House 24 Northumberland Road,,Newcastle Upon Tyne,,NE1 8JF,Newcastle Upon Tyne,AwaitingInspection,,FHRS,False,54.9769972,-1.6113684,"Ground Floor Metrovick House 24 Northumberland Road, Newcastle Upon Tyne, NE1 8JF"
2026-09-30,1992722,Jerry's Kitchen,Restaurant/Cafe/Canteen,249 Shields Road,,Newcastle Upon Tyne,,NE6 1DQ,Newcastle Upon Tyne,AwaitingInspection,,FHRS,False,54.9779233,-1.576487,"249 Shields Road, Newcastle Upon Tyne, NE6 1DQ"
2026-09-30,1992721,Morning cloud limited,Restaurant/Cafe/Canteen,Cafe Oasis 131 Sandyford Road,,Newcastle Upon Tyne,,NE2 1QR,Newcastle Upon Tyne,AwaitingInspection,,FHRS,False,54.9812575,-1.6032807,"Cafe Oasis 131 Sandyford Road, Newcastle Upon Tyne, NE2 1QR"
2026-09-30,1992725,Mother Hubbard's,Restaurant/Cafe/Canteen,100 - 102 Clayton Street,,Newcastle Upon Tyne,,NE1 5PG,Newcastle Upon Tyne,4,2026-08-28,FHRS,False,54.9705066,-1.6191471,"100 - 102 Clayton Street, Newcastle Upon Tyne, NE1 5PG"
2026-09-30,1992751,Palle Ruchulu,Restaurant/Cafe/Canteen,68 Adelaide Terrace,,Newcastle Upon Tyne,,NE4 8BD,Newcastle Upon Tyne,AwaitingInspection,,FHRS,False,54.9705066,-1.6585426,"68 Adelaide Terrace, Newcastle Upon Tyne, NE4 8BD"
2026-09-30,1992745,Sanskrit,Restaurant/Cafe/Canteen,Sanskrit 391 Benton Road,,Newcastle Upon Tyne,,NE7 7EE,Newcastle Upon Tyne,AwaitingInspection,,FHRS,False,55.0087549,-1.5789625,"Sanskrit 391 Benton Road, Newcastle Upon Tyne, NE7 7EE"
2026-09-30,1992738,Smash up,Restaurant/Cafe/Canteen,The Siam Cafe 4 Waterloo Street,,Newcastle Upon Tyne,,NE1 4DG,Newcastle Upon Tyne,AwaitingInspection,,FHRS,False,54.968824,-1.6213184,"The Siam Cafe 4 Waterloo Street, Newcastle Upon Tyne, NE1 4DG"
2026-09-30,1992741,Subway,Restaurant/Cafe/Canteen,Ground Floor Collingwood House 3 Collingwood Street,,Newcastle Upon Tyne,,NE1 1JW,Newcastle Upon Tyne,AwaitingInspection,,FHRS,False,54.9700269,-1.612341,"Ground Floor Collingwood House 3 Collingwood Street, Newcastle Upon Tyne, NE1 1JW"
2026-09-30,1992732,Tan hill inn pub grub,Restaurant/Cafe/Canteen,Tan Hill Inn St James Stack Gallowgate,,Newcastle Upon Tyne,,NE1 4TD,Newcastle Upon Tyne,AwaitingInspection,,FHRS,False,54.9738388,-1.6209998,"Tan Hill Inn St James Stack Gallowgate, Newcastle Upon Tyne, NE1 4TD"
2026-09-30,1992724,Two Little Birdies Play Cafe,Restaurant/Cafe/Canteen,23A Shields Road West,,Newcastle Upon Tyne,,NE6 1JN,Newcastle Upon Tyne,AwaitingInspection,,FHRS,False,54.9762555,-1.5880501,"23A Shields Road West, Newcastle Upon Tyne, NE6 1JN"
2026-09-30,1992736,WYLD,Restaurant/Cafe/Canteen,52 Newgate Street,,Newcastle Upon Tyne,,NE1 5RQ,Newcastle Upon Tyne,AwaitingInspection,,FHRS,False,54.9722513,-1.6166938,"52 Newgate Street, Newcastle Upon Tyne, NE1 5RQ"
2026-09-30,1992691,Brass Monkey Ice Cream,Restaurant/Cafe/Canteen,2 Odyssey Way,,London,Wandsworth,SW18 1FP,Wandsworth,AwaitingInspection,,FHRS,False,51.4614615,-0.1877941,"2 Odyssey Way, London, Wandsworth, SW18 1FP"
2026-09-30,1992687,Port Royal Finest Bar & Grill,Restaurant/Cafe/Canteen,92A Balham High Road,,London,Wandsworth,SW12 9AG,Wandsworth,AwaitingInspection,,FHRS,False,51.4462703,-0.1498627,"92A Balham High Road, London, Wandsworth, SW12 9AG"
2026-09-30,1992817,Bagel Station,Restaurant/Cafe/Canteen,,303 Cambridge Heath Road,London,,E2 0EL,Tower Hamlets,AwaitingInspection,,FHRS,False,51.5272826,-0.0558946,"303 Cambridge Heath Road, London, E2 0EL"
2026-09-30,1992820,Coffee House E14,Restaurant/Cafe/Canteen,,10a Chrisp Street,London,,E14 6LL,Tower Hamlets,AwaitingInspection,,FHRS,False,51.5117688,-0.0134061,"10a Chrisp Street, London, E14 6LL"
2026-09-30,1992816,Kinder Island,Restaurant/Cafe/Canteen,,121 Monier Road,London,,E3 2PS,Tower Hamlets,AwaitingInspection,,FHRS,False,51.5402325,-0.0220158,"121 Monier Road, London, E3 2PS"
2026-09-30,1992822,Takusan,Restaurant/Cafe/Canteen,Market Halls,25 North Colonnade,London,,E14 5HD,Tower Hamlets,AwaitingInspection,,FHRS,False,,,"Market Halls, 25 North Colonnade, London, E14 5HD"
2026-09-30,1992823,The Sushi Co,Restaurant/Cafe/Canteen,,363 Mile End Road,London,,E3 4QS,Tower Hamlets,AwaitingInspection,,FHRS,False,51.5246245,-0.036676,"363 Mile End Road, London, E3 4QS"
2026-09-30,1992813,India Gate Taunton Limited,Restaurant/Cafe/Canteen,,18 High Street,Taunton,Somerset,TA1 3PJ,Somerset,AwaitingInspection,,FHRS,False,51.013063,-3.103051,"18 High Street, Taunton, Somerset, TA1 3PJ"
2026-09-30,1992765,Crown Street Tap,Restaurant/Cafe/Canteen,5 Cherry Tree Walk,The Calls,Leeds,,LS2 7EB,Leeds,AwaitingInspection,,FHRS,False,53.795183,-1.540607,"5 Cherry Tree Walk, The Calls, Leeds, LS2 7EB"
2026-09-30,1992763,DUR DARSHAN,Restaurant/Cafe/Canteen,129 Cardigan Road,Headingley,Leeds,,LS6 1LU,Leeds,AwaitingInspection,,FHRS,False,53.810858,-1.5751712,"129 Cardigan Road, Headingley, Leeds, LS6 1LU"
2026-09-30,1992767,North Art Cafe,Restaurant/Cafe/Canteen,Northlight Arts Centre,31 Potternewton Lane,Chapel Allerton,Leeds,LS7 3LW,Leeds,AwaitingInspection,,FHRS,False,53.8252756,-1.5412094,"Northlight Arts Centre, 31 Potternewton Lane, Chapel Allerton, Leeds, LS7 3LW"
2026-09-30,1992879,Raj Heritage,Restaurant/Cafe/Canteen,19A Hermitage Road,,Hitchin,Hertfordshire,SG5 1BT,North Hertfordshire,AwaitingInspection,,FHRS,False,,,"19A Hermitage Road, Hitchin, Hertfordshire, SG5 1BT"
2026-09-30,1992713,Cinnamon Island,Restaurant/Cafe/Canteen,1 Cambridge Terrace,,Dover,,CT16 1JT,Dover,AwaitingInspection,,FHRS,True,51.1232695,1.3141563,"1 Cambridge Terrace, Dover, CT16 1JT"
2026-09-30,1992714,Suay Ltd,Restaurant/Cafe/Canteen,26 The Strand,,Walmer,Kent,CT14 7DX,Dover,AwaitingInspection,,FHRS,False,51.2141081,1.4023422,"26 The Strand, Walmer, Kent, CT14 7DX"
2026-09-30,1992718,The fry club,Restaurant/Cafe/Canteen,74 Middle Street,,Deal,,CT14 6HL,Dover,AwaitingInspection,,FHRS,False,51.2258576,1.403422,"74 Middle Street, Deal, CT14 6HL"
2026-09-30,1992785,Ama Sushi,Restaurant/Cafe/Canteen,54 Welling High Street,Welling,Kent,,DA16 1TQ,Bexley,AwaitingInspection,,FHRS,False,51.4618946,0.1110994,"54 Welling High Street, Welling, Kent, DA16 1TQ"
2026-09-30,1992784,Dartford Royals Football Club,Restaurant/Cafe/Canteen,Northumberland Heath Recreation Ground,Sussex Road,Erith,Kent,DA8 1JB,Bexley,AwaitingInspection,,FHRS,False,,,"Northumberland Heath Recreation Ground, Sussex Road, Erith, Kent, DA8 1JB"
2026-09-30,1992874,MimiAnn,Restaurant/Cafe/Canteen,Mimiann,146 London Road,Grays,Essex,RM17 5YD,Thurrock,AwaitingInspection,,FHRS,False,,,"Mimiann, 146 London Road, Grays, Essex, RM17 5YD"
2026-09-30,1992877,Nava,Restaurant/Cafe/Canteen,20 - 22 Grover Walk,Corringham,Essex,,SS17 7LY,Thurrock,AwaitingInspection,,FHRS,False,,,"20 - 22 Grover Walk, Corringham, Essex, SS17 7LY"
