date_added,FHRSID,BusinessName,BusinessType,AddressLine1,AddressLine2,AddressLine3,AddressLine4,PostCode,LocalAuthorityName,RatingValue,RatingDate,SchemeType,NewRatingPending,Latitude,Longitude,AddressSingleLine
2026-09-02,1983360,Flindt’s Tortilla Truck,Mobile caterer,,,,,,Doncaster,AwaitingInspection,,FHRS,False,,,
2026-09-02,1983883,Lekker In London,Mobile caterer,Cheam Park,Tudor Close,Cheam,,,Sutton,AwaitingInspection,,FHRS,False,,,"Cheam Park, Tudor Close, Cheam"
2026-09-02,1924938,JK BITES,Mobile caterer,,,,,,Vale of White Horse,5,2026-06-01,FHRS,False,,,
2026-09-02,1983497,Double Cheese,Mobile caterer,,,,,,Cardiff,AwaitingInspection,,FHRS,False,,,
2026-09-02,1983421,Udta Punjab,Mobile caterer,Shifnal War Memorial Club Innage Road,,Shifnal,Shropshire,TF11 8AD,Shropshire,AwaitingInspection,,FHRS,False,,,"Shifnal War Memorial Club Innage Road, Shifnal, Shropshire, TF11 8AD"
2026-09-02,1983755,R&R Seafoods LTD,Mobile caterer,,,,,,North East Lincolnshire,AwaitingInspection,,FHRS,False,,,
2026-09-02,1983575,Chicken George Jnr,Mobile caterer,117 Tavistock Street,,BEDFORD,,MK40 2SB,Bedford,AwaitingInspection,,FHRS,False,,,"117 Tavistock Street, BEDFORD, MK40 2SB"
2026-09-02,1983585,Espresso Ayla,Mobile caterer,,,,,,Bedford,AwaitingInspection,,FHRS,False,,,
2026-09-02,1983558,Kicking Fried Chicken,Mobile caterer,,,,,,Bedford,AwaitingInspection,,FHRS,False,,,
2026-09-02,1983567,Nannie B's Grill,Mobile caterer,,,,,,Bedford,AwaitingInspection,,FHRS,False,,,
2026-09-02,1983565,Oh Crumbs! Coffee,Mobile caterer,,,,,,Bedford,AwaitingInspection,,FHRS,False,,,
2026-09-02,1983555,Riser,Mobile caterer,,,,,,Bedford,AwaitingInspection,,FHRS,False,,,
2026-09-02,1983556,the mane attraction crepes,Mobile caterer,,,,,,Bedford,AwaitingInspection,,FHRS,False,,,
2026-09-02,1983480,Scooples,Mobile caterer,Scooples,Winthorpe Avenue,Skegness,Lincolnshire,PE25 1QY,East Lindsey,AwaitingInspection,,FHRS,True,,,"Scooples, Winthorpe Avenue, Skegness, Lincolnshire, PE25 1QY"
2026-09-02,1983463,Kookoo Food,Mobile caterer,,,,,,Oxford City,AwaitingInspection,,FHRS,False,,,
2026-09-02,1983462,Smiling Spoon,Mobile caterer,,,,,,Oxford City,AwaitingInspection,,FHRS,False,,,
2026-09-02,1976249,Curlys Casa de Tapas,Mobile caterer,,,,,,Exeter City,AwaitingInspection,,FHRS,False,,,
2026-09-02,1983850,Fatboy's Event Van,Mobile caterer,Unit 9 Block 1,Alloa Industrial Estate,Ward Street,Alloa,FK10 1ET,Clackmannanshire,Awaiting Inspection,,FHIS,False,,,"Unit 9 Block 1, Alloa Industrial Estate, Ward Street, Alloa, FK10 1ET"
2026-09-02,1983396,Paradise Cottage,Mobile caterer,,Luckyn Lane,Basildon,Essex,,Basildon,AwaitingInspection,,FHRS,False,,,"Luckyn Lane, Basildon, Essex"
2026-09-02,1983497,Double Cheese,Mobile caterer,,,,,,Caerdydd,AwaitingInspection,,FHRS,False,,,
2026-09-02,1983713,Frankie & roo's kitchen,Mobile caterer,,,,,,Causeway Coast and Glens,AwaitingInspection,,FHRS,False,,,
2026-09-02,1983714,Oakleaf Coffee Co,Mobile caterer,,,,,,Causeway Coast and Glens,AwaitingInspection,,FHRS,False,,,
2026-09-02,1983711,Stranded Events Chicken & Loaded Fries,Mobile caterer,,,,,,Causeway Coast and Glens,AwaitingInspection,,FHRS,False,,,
2026-09-02,1983417,A Bite Beyond,Mobile caterer,14 St Floras Road,,Littlehampton,West Sussex,BN17 6BB,Arun,AwaitingInspection,,FHRS,False,,,"14 St Floras Road, Littlehampton, West Sussex, BN17 6BB"
2026-09-02,1983410,Corn Dog Club,Mobile caterer,,,,,,Arun,AwaitingInspection,,FHRS,False,,,
2026-09-02,1983412,YourPB,Mobile caterer,,,,,,Arun,AwaitingInspection,,FHRS,False,,,
2026-09-02,1983774,The White Oak Bar,Mobile caterer,,,,,,Stafford,AwaitingInspection,,FHRS,False,,,
2026-09-02,1983787,Boss Kebab,Mobile caterer,7 Potter Street,Harlow,Essex,,CM17 9AD,Harlow,AwaitingInspection,,FHRS,False,,,"7 Potter Street, Harlow, Essex, CM17 9AD"
2026-09-02,1983788,Bun Appetite Essex,Mobile caterer,Drinker Moth Public House,Sherards Hatch,Harlow,Essex,CM18 7PS,Harlow,AwaitingInspection,,FHRS,False,,,"Drinker Moth Public House, Sherards Hatch, Harlow, Essex, CM18 7PS"
2026-09-02,1983781,Burger Master - Mobile,Mobile caterer,1B Princes Gate,Howard Way,Harlow,Essex,CM20 2SU,Harlow,AwaitingInspection,,FHRS,False,,,"1B Princes Gate, Howard Way, Harlow, Essex, CM20 2SU"
2026-09-02,1983630,Pure smash,Mobile caterer,,,,,,Southwark,AwaitingInspection,,FHRS,False,,,
2026-09-02,1952782,Livayahs,Mobile caterer,2 Old Ambassador Buildings,Pontnewynydd Industrial Estate,Pontnewynydd,Pontypool,NP4 6YW,Torfaen,AwaitingInspection,,FHRS,False,,,"2 Old Ambassador Buildings, Pontnewynydd Industrial Estate, Pontnewynydd, Pontypool, NP4 6YW"
2026-09-02,1983753,Distill,Mobile caterer,,,,,,Huntingdonshire,AwaitingInspection,,FHRS,False,,,
2026-09-02,1983748,KURO YATAI Japanese Street Kitchen,Mobile caterer,Street Record The Pavement,,St Ives,Cambridgeshire,,Huntingdonshire,AwaitingInspection,,FHRS,False,,,"Street Record The Pavement, St Ives, Cambridgeshire"
2026-09-02,1983743,Lil's Candy Clouds,Mobile caterer,,,,,,Huntingdonshire,AwaitingInspection,,FHRS,False,,,
2026-09-02,1622527,The Hot Potato,Mobile caterer,,,,,,Hastings,5,2026-08-14,FHRS,False,,,
2026-09-02,1983663,Absolute Melt,Mobile caterer,,,,,,"Bournemouth, Christchurch and Poole",AwaitingInspection,,FHRS,False,,,
2026-09-02,1983661,AFC Bournemouth (Ice Cream Van),Mobile caterer,Vitality Stadium,,Bournemouth,,BH7 7AF,"Bournemouth, Christchurch and Poole",AwaitingInspection,,FHRS,False,,,"Vitality Stadium, Bournemouth, BH7 7AF"
2026-09-02,1983651,Crêpes Fleurette,Mobile caterer,,,,,,"Bournemouth, Christchurch and Poole",AwaitingInspection,,FHRS,False,,,
2026-09-02,1983639,Fire and Flour,Mobile caterer,,,,,,"Bournemouth, Christchurch and Poole",AwaitingInspection,,FHRS,False,,,
2026-09-02,1983653,Food Tribe Events and Concessions Limited,Mobile caterer,,,,,,"Bournemouth, Christchurch and Poole",AwaitingInspection,,FHRS,False,,,
2026-09-02,1983649,K2,Mobile caterer,,,,,,"Bournemouth, Christchurch and Poole",AwaitingInspection,,FHRS,False,,,
2026-09-02,1983674,The Dough Box,Mobile caterer,Unit 2b,163 Stourvale Road,Bournemouth,,BH6 5HQ,"Bournemouth, Christchurch and Poole",5,2026-08-27,FHRS,False,,,"Unit 2b, 163 Stourvale Road, Bournemouth, BH6 5HQ"
2026-09-02,1983669,The Rustic Sun,Mobile caterer,,,,,,"Bournemouth, Christchurch and Poole",AwaitingInspection,,FHRS,False,,,
2026-09-02,1983681,Somerset Pizza Kitchen,Mobile caterer,,,,,,Somerset,5,2026-08-26,FHRS,False,,,
2026-09-02,1957678,Tibetan Memories,Mobile caterer,,,,,,Somerset,AwaitingInspection,,FHRS,False,,,
2026-09-02,1983730,Rustic Crust,Mobile caterer,,,,,,Scottish Borders,Awaiting Inspection,2026-08-18,FHIS,False,,,
2026-09-02,1983728,The Coffee Girl,Mobile caterer,Station Road,Duns,,Scottish Borders,TD11 3EL,Scottish Borders,Awaiting Inspection,2026-08-18,FHIS,False,,,"Station Road, Duns, Scottish Borders, TD11 3EL"
2026-09-02,1983829,Bob’s Ices,Mobile caterer,34 ROBERTS CRESCENT,,,HARROGATE,HG1 2AY,North Yorkshire,AwaitingInspection,,FHRS,False,,,"34 ROBERTS CRESCENT, HARROGATE, HG1 2AY"
2026-09-02,1983826,Cakes & Candy,Mobile caterer,,,,,,North Yorkshire,AwaitingInspection,,FHRS,False,,,
2026-09-02,1983822,Newby Pizza,Mobile caterer,The Estate Office Newby Hall,,,,HG4 5AE,North Yorkshire,AwaitingInspection,,FHRS,False,,,"The Estate Office Newby Hall, HG4 5AE"
2026-09-02,1952782,Livayahs,Mobile caterer,2 Old Ambassador Buildings,Pontnewynydd Industrial Estate,Pontnewynydd,Pontypool,NP4 6YW,Torfaen,AwaitingInspection,,FHRS,False,,,"2 Old Ambassador Buildings, Pontnewynydd Industrial Estate, Pontnewynydd, Pontypool, NP4 6YW"
2026-09-02,1983489,The Chimney Cake Co,Mobile caterer,Ballyhalbert,,Newtownards,,BT22 1BL,Ards and North Down,AwaitingInspection,,FHRS,False,,,"Ballyhalbert, Newtownards, BT22 1BL"
2026-09-03,1984083,Chipmonger Catering Van,Mobile caterer,Glen House 3 Rhenigidale,,Isle of Harris,,HS3 3BD,Comhairle nan Eilean Siar (Western Isles),Awaiting Inspection,2026-06-10,FHIS,False,,,"Glen House 3 Rhenigidale, Isle of Harris, HS3 3BD"
2026-09-03,1984078,The Raider Trailer,Mobile caterer,10 Lower Shader,Barvas,Isle of Lewis,,HS2 0RU,Comhairle nan Eilean Siar (Western Isles),Pass,2026-08-21,FHIS,False,,,"10 Lower Shader, Barvas, Isle of Lewis, HS2 0RU"
2026-09-03,1984075,The Wee Cottage Kitchen,Mobile caterer,7 Malaclate,Sollas,,,HS6 5BX,Comhairle nan Eilean Siar (Western Isles),Pass,2025-08-12,FHIS,False,,,"7 Malaclate, Sollas, HS6 5BX"
2026-09-03,1984076,Uist Snack Shack,Mobile caterer,Minch View Grimsay Island,Peters Port,,,HS7 5PS,Comhairle nan Eilean Siar (Western Isles),Pass,2026-07-22,FHIS,False,,,"Minch View Grimsay Island, Peters Port, HS7 5PS"
2026-09-03,1984157,Bathcaps,Mobile caterer,,,,,,Wiltshire,AwaitingInspection,,FHRS,False,,,
2026-09-03,1984179,Benjamin Gorton,Mobile caterer,,,,,,Wiltshire,AwaitingInspection,,FHRS,False,,,
2026-09-03,1984207,Cattle Co,Mobile caterer,,,,,,Wiltshire,AwaitingInspection,,FHRS,False,,,
2026-09-03,1984222,Cotswold Mobile Bar Hire,Mobile caterer,,,,,,Wiltshire,AwaitingInspection,,FHRS,False,,,
2026-09-03,1850226,Fins Sweet Success,Mobile caterer,22 HIGH STREET,,CALNE,,SN11 0BS,Wiltshire,5,2026-08-15,FHRS,False,,,"22 HIGH STREET, CALNE, SN11 0BS"
2026-09-03,1984164,Hungry Boy,Mobile caterer,,,,,,Wiltshire,AwaitingInspection,,FHRS,False,,,
2026-09-03,1984212,JMC Burgers,Mobile caterer,,,,,,Wiltshire,AwaitingInspection,,FHRS,False,,,
2026-09-03,1984188,Parsons Pantry Wilts (Parsons Pumpkin Patch),Mobile caterer,,,,,,Wiltshire,AwaitingInspection,,FHRS,False,,,
2026-09-03,1984175,Raymondo's,Mobile caterer,,,,,,Wiltshire,AwaitingInspection,,FHRS,False,,,
2026-09-03,1984199,Rooted Coffee,Mobile caterer,,,,,,Wiltshire,AwaitingInspection,,FHRS,False,,,
2026-09-03,1984206,Side Hustle Kitchen Ltd,Mobile caterer,,,,,,Wiltshire,AwaitingInspection,,FHRS,False,,,
2026-09-03,1984193,The Little doughnut company,Mobile caterer,,,,,,Wiltshire,AwaitingInspection,,FHRS,False,,,
2026-09-03,1984217,Tribal Creative Limited,Mobile caterer,,,,,,Wiltshire,AwaitingInspection,,FHRS,False,,,
2026-09-03,1984198,Vibes&Sides,Mobile caterer,,,,,,Wiltshire,AwaitingInspection,,FHRS,False,,,
2026-09-03,1984218,We Are Parcels Ltd,Mobile caterer,,,,,,Wiltshire,AwaitingInspection,,FHRS,False,,,
2026-09-03,1984160,Your Paella,Mobile caterer,,,,,,Wiltshire,AwaitingInspection,,FHRS,False,,,
2026-09-03,1984046,cranes food truck,Mobile caterer,,,,,,Lisburn and Castlereagh City,AwaitingInspection,,FHRS,False,,,
2026-09-03,1984052,The Holy Crust,Mobile caterer,3 Ballantine Gardens,Ballymullan,Lisburn,Down,BT27 5FB,Lisburn and Castlereagh City,AwaitingInspection,,FHRS,False,,,"3 Ballantine Gardens, Ballymullan, Lisburn, Down, BT27 5FB"
2026-09-03,1983930,Curtis Catering,Mobile caterer,,,,,,Lichfield,AwaitingInspection,,FHRS,False,,,
2026-09-03,1983941,Drink Up Cocktail Bar,Mobile caterer,,,,,,Lichfield,AwaitingInspection,,FHRS,False,,,
2026-09-03,1984108,Coventry Mobile Bars Ltd,Mobile caterer,,,,,,Coventry,AwaitingInspection,,FHRS,False,,,
2026-09-03,1984107,Preet's Prints & Bakes,Mobile caterer,,,,,,Coventry,AwaitingInspection,,FHRS,False,,,
2026-09-03,1983928,Oakwood Pizza,Mobile caterer,LANGROVE PLACE,RUTHVENFIELD ROAD,PERTH,INVERAMOND INDUSTRIAL SITE,PH1 3ED,Perth and Kinross,Awaiting Inspection,2026-08-28,FHIS,False,,,"LANGROVE PLACE, RUTHVENFIELD ROAD, PERTH, INVERAMOND INDUSTRIAL SITE, PH1 3ED"
2026-09-03,1983952,Love Donuts,Mobile caterer,,,,,,Tewkesbury,AwaitingInspection,,FHRS,False,,,
2026-09-03,1983951,The Goal Post Grill,Mobile caterer,,,,,,Tewkesbury,AwaitingInspection,,FHRS,False,,,
2026-09-03,1983953,TS Event Catering,Mobile caterer,,,,,,Tewkesbury,AwaitingInspection,,FHRS,False,,,
2026-09-03,1984010,Great British Puds,Mobile caterer,,,,,,Worthing,AwaitingInspection,,FHRS,False,,,
2026-09-03,1984128,Billy's Whippy - W7PYY,Mobile caterer,Private Address,Registered with local authority: Blackpool Council,,,FY1,Blackpool,5,2026-08-25,FHRS,False,,,"Private Address, Registered with local authority: Blackpool Council, FY1"
2026-09-03,1984122,Daisy Dukes,Mobile caterer,Promenade,Blackpool,,,FY1 1NE,Blackpool,5,2026-08-25,FHRS,False,,,"Promenade, Blackpool, FY1 1NE"
2026-09-03,1983908,Toni's,Mobile caterer,,Mobile Trailer - Serial UN955135200109048,,,,Aberdeenshire,Awaiting Inspection,2026-08-27,FHIS,False,,,Mobile Trailer - Serial UN955135200109048
2026-09-03,1983945,Moo Brew,Mobile caterer,,,,,,Denbighshire,AwaitingInspection,,FHRS,False,,,
2026-09-03,1984100,Bradford College Beryl Food Trailor,Mobile caterer,Advanced Technology College,Great Horton Road,Bradford,,BD7 1AY,Bradford,AwaitingInspection,,FHRS,False,,,"Advanced Technology College, Great Horton Road, Bradford, BD7 1AY"
2026-09-03,1984088,JuiceIn,Mobile caterer,,,,,,Bradford,AwaitingInspection,,FHRS,False,,,
2026-09-03,1983965,Bramble House Bakes,Mobile caterer,,,,,,Sir Gaerfyrddin,AwaitingInspection,,FHRS,False,,,
2026-09-03,742235,Carter's Diner,Mobile caterer,,69 Princess Street,Llanelli,Carmarthenshire,SA15 2TB,Sir Gaerfyrddin,4,2018-06-15,FHRS,False,,,"69 Princess Street, Llanelli, Carmarthenshire, SA15 2TB"
2026-09-03,1624648,Ed-Ible Mobile Catering,Mobile caterer,,,,,,Sir Gaerfyrddin,AwaitingInspection,,FHRS,False,,,
2026-09-03,1984135,Canton Box,Mobile caterer,,,,,,Milton Keynes,AwaitingInspection,,FHRS,False,,,
2026-09-03,1984148,Table 4,Mobile caterer,,,,,,Milton Keynes,AwaitingInspection,,FHRS,False,,,
2026-09-03,1984044,Eyeced,Mobile caterer,,,,,,Southend-On-Sea,5,2026-07-13,FHRS,False,,,
2026-09-03,1983945,Moo Brew,Mobile caterer,,,,,,Sir Ddinbych,AwaitingInspection,,FHRS,False,,,
2026-09-03,1983918,Finesse Catering,Mobile caterer,Unit A Saxon House,Henson Way,Kettering,North Northamptonshire,NN16 8PX,North Northamptonshire,5,2026-08-20,FHRS,False,,,"Unit A Saxon House, Henson Way, Kettering, North Northamptonshire, NN16 8PX"
2026-09-03,1983965,Bramble House Bakes,Mobile caterer,,,,,,Carmarthenshire,AwaitingInspection,,FHRS,False,,,
2026-09-03,742235,Carter's Diner,Mobile caterer,,69 Princess Street,Llanelli,Carmarthenshire,SA15 2TB,Carmarthenshire,4,2018-06-15,FHRS,False,,,"69 Princess Street, Llanelli, Carmarthenshire, SA15 2TB"
2026-09-03,1624648,Ed-Ible Mobile Catering,Mobile caterer,,,,,,Carmarthenshire,AwaitingInspection,,FHRS,False,,,
2026-09-04,1984538,Carte Blanche,Mobile caterer,,,,,,Gedling,AwaitingInspection,,FHRS,False,,,
2026-09-04,1984374,Dead Good Tacos by Alf and Zed,Mobile caterer,,9 New Street,St Pauls,Bristol,BS2 9DX,Bristol,AwaitingInspection,,FHRS,False,,,"9 New Street, St Pauls, Bristol, BS2 9DX"
2026-09-04,1984378,Peckers,Mobile caterer,,,,,,Bristol,AwaitingInspection,,FHRS,False,,,
2026-09-04,1984385,Pura Vida Catering,Mobile caterer,,,,,,Bristol,AwaitingInspection,,FHRS,False,,,
2026-09-04,1984375,Roam Wild Coffee,Mobile caterer,,,,,,Bristol,5,2026-08-18,FHRS,False,,,
2026-09-04,1924584,Tomacco Taco,Mobile caterer,,3 York Street,St. Werburghs,Bristol,BS2 9XT,Bristol,AwaitingInspection,,FHRS,False,,,"3 York Street, St. Werburghs, Bristol, BS2 9XT"
2026-09-04,1984518,Simply Coffee,Mobile caterer,,,,,,Wychavon,AwaitingInspection,,FHRS,False,,,
2026-09-04,1984607,Matchachio Cloud Bar,Mobile caterer,,,,,,Wandsworth,AwaitingInspection,,FHRS,False,,,
2026-09-04,1975038,Simple Spud,Mobile caterer,,,,,,Basingstoke and Deane,AwaitingInspection,,FHRS,False,,,
2026-09-04,1984239,HEAVENLY SPUDS,Mobile caterer,Unit 14,Herne Bay West Industrial Park,Sea Street,Herne Bay,CT6 8JZ,Canterbury City,AwaitingInspection,,FHRS,False,,,"Unit 14, Herne Bay West Industrial Park, Sea Street, Herne Bay, CT6 8JZ"
2026-09-04,1984241,Kent Uni Food Truck,Mobile caterer,Old Sports Pavilion,University Of Kent,Park Wood Road,Canterbury,CT2 7SR,Canterbury City,AwaitingInspection,,FHRS,False,,,"Old Sports Pavilion, University Of Kent, Park Wood Road, Canterbury, CT2 7SR"
2026-09-04,1984243,THE BUTCHER CHEF,Mobile caterer,34B Burgate,Canterbury,Kent,,CT1 2HA,Canterbury City,AwaitingInspection,,FHRS,False,,,"34B Burgate, Canterbury, Kent, CT1 2HA"
2026-09-04,1984316,Chickmacmoo,Mobile caterer,,,,,,South Holland,AwaitingInspection,,FHRS,False,,,
2026-09-04,1984319,Crumble Crumble,Mobile caterer,,,,,,South Holland,AwaitingInspection,,FHRS,False,,,
2026-09-04,1984516,PH Hot Food,Mobile caterer,,,,,,Worcester City,AwaitingInspection,,FHRS,False,,,
2026-09-04,1984561,Joan Bean Coffee,Mobile caterer,,,,,,Telford and Wrekin Council,AwaitingInspection,,FHRS,False,,,
2026-09-04,1984617,Generations On Tap - Horse Box,Mobile caterer,,,,,,Fife,Awaiting Inspection,2026-08-28,FHIS,False,,,
2026-09-04,1984527,Pizza Saporito,Mobile caterer,,,,,,Wyre Forest,AwaitingInspection,,FHRS,False,,,
2026-09-04,1984526,Sam's Spuds -Halford Tradings - Sam's Donuts,Mobile caterer,,,,,,Wyre Forest,AwaitingInspection,,FHRS,False,,,
2026-09-04,1984504,Barrett's Fruiterers,Mobile caterer,,,,,,Bromsgrove,AwaitingInspection,,FHRS,False,,,
2026-09-04,1984508,Dram Fans,Mobile caterer,,,,,,Bromsgrove,Exempt,,FHRS,False,,,
2026-09-04,1984506,Yohan's Snacks,Mobile caterer,,,,,,Bromsgrove,Exempt,,FHRS,False,,,
2026-09-04,1984487,Stall (Kdammarket),Mobile caterer,Stall (Kdammarket),Street Record,Navigator Square,London,,Islington,AwaitingInspection,,FHRS,True,,,"Stall (Kdammarket), Street Record, Navigator Square, London"
2026-09-04,1984499,Stall t/a John's,Mobile caterer,Stall t/a John's,St John's Church With St Peter's,70 St John's Grove,London,N19 5RP,Islington,AwaitingInspection,,FHRS,False,,,"Stall t/a John's, St John's Church With St Peter's, 70 St John's Grove, London, N19 5RP"
2026-09-04,1984571,Mille's Matcha,Mobile caterer,,,,,,Tonbridge and Malling,AwaitingInspection,,FHRS,False,,,
2026-09-04,1944318,Etched & Crafted,Mobile caterer,,Home Bakery Business,,,,Aberdeenshire,Pass,2026-05-12,FHIS,False,,,Home Bakery Business
2026-09-04,1984528,Scran Bothy Ltd,Mobile caterer,,Mobile Trader - 4.2 X 3.2 Box Trailer,,,,Aberdeenshire,Awaiting Inspection,2026-09-03,FHIS,False,,,Mobile Trader - 4.2 X 3.2 Box Trailer
2026-09-04,1984551,Smart Vape,Mobile caterer,235 Victoria Road East,Hebburn,Tyne & Wear,,NE31 1YE,South Tyneside,AwaitingInspection,,FHRS,True,,,"235 Victoria Road East, Hebburn, Tyne & Wear, NE31 1YE"
2026-09-04,1984353,Norfolk Coastal Kitchen Ltd,Mobile caterer,,,,,,North Norfolk,5,2024-12-10,FHRS,False,,,
2026-09-04,1984288,The Goodey Box,Mobile caterer,Units 4 To 5 Woolwich Timber Yard White Hart Road,,Plumstead,Greenwich,SE18 1DG,Greenwich,AwaitingInspection,,FHRS,False,,,"Units 4 To 5 Woolwich Timber Yard White Hart Road, Plumstead, Greenwich, SE18 1DG"
2026-09-04,1984444,D & R Cairns Ice Cream Van,Mobile caterer,,,,,,Bassetlaw,5,2026-08-06,FHRS,False,,,
2026-09-04,1984449,The Little Ranby Cafe,Mobile caterer,,,,,,Bassetlaw,AwaitingInspection,,FHRS,False,,,
2026-09-04,1984459,Big Hat Bushcamp,Mobile caterer,,,,,,Runnymede,AwaitingInspection,,FHRS,False,,,
2026-09-04,1984398,Cluedup Flavours,Mobile caterer,,,,,,Newham,AwaitingInspection,,FHRS,False,,,
2026-09-04,1984407,Danyal (UK) Ltd,Mobile caterer,,,,,,Newham,AwaitingInspection,,FHRS,False,,,
2026-09-04,1984408,Instant Fresh Juice,Mobile caterer,,,,,,Newham,AwaitingInspection,,FHRS,False,,,
2026-09-04,1984406,Shruti Mirani,Mobile caterer,,,,,,Newham,AwaitingInspection,,FHRS,False,,,
2026-09-04,1984640,Chaska Bazaar,Mobile caterer,3 Hall Street South,,,West Bromwich,B70 6BN,Sandwell,AwaitingInspection,,FHRS,False,,,"3 Hall Street South, West Bromwich, B70 6BN"
2026-09-04,1984649,Hit The Belly,Mobile caterer,1 Tat Bank Road Oldbury B69 4N,,,,,Sandwell,AwaitingInspection,,FHRS,False,,,1 Tat Bank Road Oldbury B69 4N
2026-09-04,1984510,RSPCA Worcester And Mid-Worcestershire Branch CIO,Mobile caterer,,,,,,Malvern Hills,AwaitingInspection,,FHRS,False,,,
2026-09-04,1984554,JNR's Fresh Fish SM68 YMA,Mobile caterer,,,,,,Falkirk,Awaiting Inspection,,FHIS,False,,,
2026-09-04,1984558,Nans mobile catering,Mobile caterer,,,,,,North Kesteven,AwaitingInspection,,FHRS,False,,,
2026-09-04,1984323,SUN's Scrumptious Kitchen,Mobile caterer,,,,,,Horsham,AwaitingInspection,,FHRS,False,,,
2026-09-04,1984564,Larp Rootz,Mobile caterer,,,,,,Warwick,AwaitingInspection,,FHRS,False,,,
2026-09-04,1984566,Nibbles Moments Ltd,Mobile caterer,Church Farm Cottage,Church Road,,Sherbourne,CV35 8AN,Warwick,5,2026-08-27,FHRS,False,,,"Church Farm Cottage, Church Road, Sherbourne, CV35 8AN"
2026-09-04,1984545,ALA SHAWAROMANIA,Mobile caterer,,,,,,Maidstone,AwaitingInspection,,FHRS,False,,,
2026-09-04,1984539,Bite In Street Food,Mobile caterer,15 Birchington Close,Maidstone,Kent,,ME14 5PF,Maidstone,AwaitingInspection,,FHRS,False,,,"15 Birchington Close, Maidstone, Kent, ME14 5PF"
2026-09-04,1984540,Burt's Bagels,Mobile caterer,Unit 4A,Kilnbridge Works,Lower Road,East Farleigh,ME15 0HD,Maidstone,AwaitingInspection,,FHRS,False,,,"Unit 4A, Kilnbridge Works, Lower Road, East Farleigh, ME15 0HD"
2026-09-04,1984549,Independent Trotters,Mobile caterer,,,,,,Maidstone,AwaitingInspection,,FHRS,False,,,
2026-09-04,1984360,Competition Coffee,Mobile caterer,,,,,,Newark and Sherwood,AwaitingInspection,,FHRS,False,,,
2026-09-05,1984975,Thomas Ices - D17 RSO,Mobile caterer,Thomas Ices,Unit 2,Central Trading Estate,Cable Street,WV2 2RJ,Wolverhampton,AwaitingInspection,,FHRS,False,,,"Thomas Ices, Unit 2, Central Trading Estate, Cable Street, WV2 2RJ"
2026-09-05,1984728,5 Spice Dumplings,Mobile caterer,,,,,,Richmond-Upon-Thames,AwaitingInspection,,FHRS,False,,,
2026-09-05,1984730,Flippin’ Good Crêpe,Mobile caterer,,,,,,Richmond-Upon-Thames,AwaitingInspection,,FHRS,False,,,
2026-09-05,1984838,Mr Softee,Mobile caterer,,,,,,Gravesham,AwaitingInspection,,FHRS,False,,,
2026-09-05,1984859,Flava Shack,Mobile caterer,,,,,,Croydon,AwaitingInspection,,FHRS,False,,,
2026-09-05,1984855,Sol Cooks,Mobile caterer,,,,,,Croydon,AwaitingInspection,,FHRS,False,,,
2026-09-05,1984814,Pepper Leaf,Mobile caterer,,,,,,South Cambridgeshire,AwaitingInspection,,FHRS,False,,,
2026-09-05,1984822,Pig and Pickle Catering,Mobile caterer,,,,,,South Cambridgeshire,AwaitingInspection,,FHRS,False,,,
2026-09-05,1984817,Social Grill,Mobile caterer,33 Cambridge Road,,Waterbeach,Cambridgeshire,CB25 9NJ,South Cambridgeshire,AwaitingInspection,,FHRS,False,,,"33 Cambridge Road, Waterbeach, Cambridgeshire, CB25 9NJ"
2026-09-05,1984816,The Republic of Goofy 2,Mobile caterer,,,,,,South Cambridgeshire,AwaitingInspection,,FHRS,False,,,
2026-09-05,1984777,North Fire Pizza,Mobile caterer,,,,,,Westmorland and Furness,AwaitingInspection,,FHRS,False,,,
2026-09-05,1984772,Blueys,Mobile caterer,Workspace 23,Saxon Business Park,Littleport,Cambridgeshire,,East Cambridgeshire,AwaitingInspection,,FHRS,False,,,"Workspace 23, Saxon Business Park, Littleport, Cambridgeshire"
2026-09-05,1984961,The Tipsy Traveller Ltd,Mobile caterer,,,,,,Great Yarmouth,AwaitingInspection,,FHRS,False,,,
2026-09-05,1984897,Deanpaulices (W672 EOK),Mobile caterer,,,,,,Dover,AwaitingInspection,,FHRS,False,,,
2026-09-05,1984952,BFE,Mobile caterer,Cornish Market World,Stadium Retail Park,Par Moor Road,St Austell,PL25 3RP,Cornwall,4,2026-08-05,FHRS,False,,,"Cornish Market World, Stadium Retail Park, Par Moor Road, St Austell, PL25 3RP"
2026-09-05,1810146,Hope Beach Cafe,Mobile caterer,,,,,,Cornwall,AwaitingInspection,,FHRS,True,,,
2026-09-05,1984949,Mash Chef Services Ltd,Mobile caterer,Dinham House,St Minver,Wadebridge,Cornwall,PL27 6RH,Cornwall,5,2026-07-23,FHRS,False,,,"Dinham House, St Minver, Wadebridge, Cornwall, PL27 6RH"
2026-09-05,1985002,EJ DESSERT,Mobile caterer,The Stones,High Street,,Newcastle under Lyme,ST5 1QW,Newcastle-Under-Lyme,AwaitingInspection,,FHRS,False,,,"The Stones, High Street, Newcastle under Lyme, ST5 1QW"
2026-09-05,1984994,ICE & DEC T/A ALEX'S ICES (Trailer 2),Mobile caterer,Unit 21 Parkhouse Industrial Estate,Parkhouse Road East,Newcastle under Lyme,Staffordshire,ST5 7RB,Newcastle-Under-Lyme,AwaitingInspection,,FHRS,False,,,"Unit 21 Parkhouse Industrial Estate, Parkhouse Road East, Newcastle under Lyme, Staffordshire, ST5 7RB"
2026-09-05,1984699,Donna's Deli,Mobile caterer,This food business operator trades from a private address registered with North Lanarkshire Council,,,,,North Lanarkshire,Awaiting Inspection,,FHIS,False,,,This food business operator trades from a private address registered with North Lanarkshire Council
2026-09-05,1984848,Caligringos,Mobile caterer,Foxholes Restaurant,Langdale Road,Leyland,Lancashire,PR25 3DQ,South Ribble,AwaitingInspection,,FHRS,False,,,"Foxholes Restaurant, Langdale Road, Leyland, Lancashire, PR25 3DQ"
2026-09-05,1984850,Lolipops,Mobile caterer,14 Beechwood Avenue,Walton-le-dale,Preston,Lancashire,PR5 4LN,South Ribble,AwaitingInspection,,FHRS,False,,,"14 Beechwood Avenue, Walton-le-dale, Preston, Lancashire, PR5 4LN"
2026-09-05,1984849,Lolipops Wedding and Events LTD,Mobile caterer,14 Beechwood Avenue,Walton-le-dale,Preston,Lancashire,PR5 4LN,South Ribble,AwaitingInspection,,FHRS,False,,,"14 Beechwood Avenue, Walton-le-dale, Preston, Lancashire, PR5 4LN"
2026-09-05,1984757,Acora / Acora Chef,Mobile caterer,,,,,,Merton,AwaitingInspection,,FHRS,False,,,
2026-09-05,1984805,Beer And Belly Ltd,Mobile caterer,Mobile Vehicle Trading In Newport,South Wales,,,,Newport,AwaitingInspection,,FHRS,False,,,"Mobile Vehicle Trading In Newport, South Wales"
2026-09-05,1984806,Ruby's Kitchen,Mobile caterer,Unit 6,Broad Quay Road,Felnex Industrial Estate,Newport,NP19 4PN,Newport,AwaitingInspection,,FHRS,False,,,"Unit 6, Broad Quay Road, Felnex Industrial Estate, Newport, NP19 4PN"
2026-09-05,1984675,Cutlass and Bone catering,Mobile caterer,,,,,,Torbay,AwaitingInspection,,FHRS,False,,,
2026-09-05,1984805,Beer And Belly Ltd,Mobile caterer,Mobile Vehicle Trading In Newport,South Wales,,,,Casnewydd,AwaitingInspection,,FHRS,False,,,"Mobile Vehicle Trading In Newport, South Wales"
2026-09-05,1984806,Ruby's Kitchen,Mobile caterer,Unit 6,Broad Quay Road,Felnex Industrial Estate,Newport,NP19 4PN,Casnewydd,AwaitingInspection,,FHRS,False,,,"Unit 6, Broad Quay Road, Felnex Industrial Estate, Newport, NP19 4PN"
2026-09-05,1984743,Tikka Trailer,Mobile caterer,,,,,,East Hertfordshire,AwaitingInspection,,FHRS,False,,,
2026-09-05,1984834,Farleys Coffee Co,Mobile caterer,,,,,,Moray,Awaiting Inspection,2026-09-01,FHIS,False,,,
2026-09-05,1984788,Happy Days Ices (K152 SKN),Mobile caterer,37 Hazeldene Close,Eastchurch,Kent,,ME12 4EW,Swale,5,2026-08-24,FHRS,False,,,"37 Hazeldene Close, Eastchurch, Kent, ME12 4EW"
2026-09-05,1984786,Uncle Sam's Smokehouse BBQ,Mobile caterer,,,,,,Swale,AwaitingInspection,,FHRS,False,,,
2026-09-05,1984908,Bean Social,Mobile caterer,,,,,,Staffordshire Moorlands,AwaitingInspection,,FHRS,False,,,
2026-09-08,1985173,Carabelles Coffee,Mobile caterer,,,,,,Derry City and Strabane,5,2026-08-27,FHRS,False,,,
2026-09-08,1985174,pies and pints,Mobile caterer,1 Brandywell Avenue,Ballymagowan,Londonderry,Londonderry,BT48 9HZ,Derry City and Strabane,AwaitingInspection,,FHRS,False,,,"1 Brandywell Avenue, Ballymagowan, Londonderry, Londonderry, BT48 9HZ"
2026-09-08,1985108,La Carte,Mobile caterer,La Carte,2 Broncoed Terrace,Nercwys Road,Flintshire,CH7 4EE,Sir y Fflint,AwaitingInspection,,FHRS,False,,,"La Carte, 2 Broncoed Terrace, Nercwys Road, Flintshire, CH7 4EE"
2026-09-08,1985111,The Cheeky Pig food trailer,Mobile caterer,,,,,,Sir y Fflint,AwaitingInspection,,FHRS,False,,,
2026-09-08,1985268,Bouche,Mobile caterer,24 Alma Road,Windsor,,,SL4 3HL,Windsor and Maidenhead,AwaitingInspection,,FHRS,False,,,"24 Alma Road, Windsor, SL4 3HL"
2026-09-08,1985266,Compassionate Coffee,Mobile caterer,Alexander Devine Childrens Hospice,Snowball Hill,Maidenhead,,SL6 3LU,Windsor and Maidenhead,AwaitingInspection,,FHRS,False,,,"Alexander Devine Childrens Hospice, Snowball Hill, Maidenhead, SL6 3LU"
2026-09-08,1985269,Dosa Vandi; Appa's Dosa; Dosa Kadai,Mobile caterer,5 Paget Drive,Maidenhead,,,SL6 3PT,Windsor and Maidenhead,AwaitingInspection,,FHRS,False,,,"5 Paget Drive, Maidenhead, SL6 3PT"
2026-09-08,1985077,Carl's Kitchen,Mobile caterer,,,,,,Hull City,AwaitingInspection,,FHRS,False,,,
2026-09-08,1985074,Halls Catering,Mobile caterer,,120 Leads Road,Kingston Upon Hull,,HU7 0DP,Hull City,AwaitingInspection,,FHRS,False,,,"120 Leads Road, Kingston Upon Hull, HU7 0DP"
2026-09-08,1985046,Emma’s Grill and Swirl,Mobile caterer,63 Dene Avenue,Lemington,Newcastle Upon Tyne,,NE15 8AL,Newcastle Upon Tyne,AwaitingInspection,,FHRS,False,,,"63 Dene Avenue, Lemington, Newcastle Upon Tyne, NE15 8AL"
2026-09-08,1985032,Fully Loaded (Mobile),Mobile caterer,Newcastle College John Marley Centre Muscott Grove,,Newcastle Upon Tyne,,NE15 6TT,Newcastle Upon Tyne,AwaitingInspection,,FHRS,False,,,"Newcastle College John Marley Centre Muscott Grove, Newcastle Upon Tyne, NE15 6TT"
2026-09-08,1985030,The Coffee Box,Mobile caterer,29 Stuart Gardens,Throckley,Newcastle Upon Tyne,,NE15 9LT,Newcastle Upon Tyne,AwaitingInspection,,FHRS,False,,,"29 Stuart Gardens, Throckley, Newcastle Upon Tyne, NE15 9LT"
2026-09-08,1985069,Oxford University Rugby Football Club,Mobile caterer,,,,,,Oxford City,AwaitingInspection,,FHRS,False,,,
2026-09-08,1985272,Cop Of Coffee,Mobile caterer,,77 Croftside Avenue,Glasgow,,G44 5NF,Glasgow City,Awaiting Inspection,2026-09-07,FHIS,False,,,"77 Croftside Avenue, Glasgow, G44 5NF"
2026-09-08,1985101,Ethan's Bakery,Mobile caterer,Flat 0/1,35 Marwick Street,Glasgow,,G31 3NE,Glasgow City,Awaiting Inspection,2026-09-02,FHIS,False,,,"Flat 0/1, 35 Marwick Street, Glasgow, G31 3NE"
2026-09-08,1985104,Koko Cafe,Mobile caterer,Flat 105,861 Crow Road,Glasgow,,G13 1LE,Glasgow City,Awaiting Inspection,2026-09-04,FHIS,False,,,"Flat 105, 861 Crow Road, Glasgow, G13 1LE"
2026-09-08,1985181,Flaming Grill Suya,Mobile caterer,,2-16 Bury New Road,Manchester,,M8 8FR,Manchester,AwaitingInspection,,FHRS,False,,,"2-16 Bury New Road, Manchester, M8 8FR"
2026-09-08,1547240,Chef In A Box,Mobile caterer,3 Park Fields,Mount Tabor,Halifax,Calderdale,HX2 0RF,Calderdale,5,2018-06-21,FHRS,False,,,"3 Park Fields, Mount Tabor, Halifax, Calderdale, HX2 0RF"
2026-09-08,1985120,SIDES,Mobile caterer,,,,,,Reigate and Banstead,AwaitingInspection,,FHRS,False,,,
2026-09-08,1985366,Bamboo And Willow Bar,Mobile caterer,,,,,,Stratford-on-Avon,AwaitingInspection,,FHRS,False,,,
2026-09-08,1985379,"Fusion Wheel, Fast Fresh Flavor",Mobile caterer,The Maybird Centre,Birmingham Road,Stratford-upon-Avon,,CV37 0HZ,Stratford-on-Avon,AwaitingInspection,,FHRS,False,,,"The Maybird Centre, Birmingham Road, Stratford-upon-Avon, CV37 0HZ"
2026-09-08,1985376,Hill Farm Kitchen,Mobile caterer,TRM Farm & Country Superstore,Grove Farm,Burton Dassett,Southam,CV47 2BB,Stratford-on-Avon,AwaitingInspection,,FHRS,False,,,"TRM Farm & Country Superstore, Grove Farm, Burton Dassett, Southam, CV47 2BB"
2026-09-08,1985382,Siren's Amphora,Mobile caterer,,,,,,Stratford-on-Avon,AwaitingInspection,,FHRS,False,,,
2026-09-08,1985381,The Journey Of The Secret Artist,Mobile caterer,,,,,,Stratford-on-Avon,AwaitingInspection,,FHRS,False,,,
2026-09-08,1985226,Flo's Baps,Mobile caterer,,,,,,Stoke-On-Trent,AwaitingInspection,,FHRS,False,,,
2026-09-08,1985229,Winging It,Mobile caterer,,,,,,Stoke-On-Trent,AwaitingInspection,,FHRS,False,,,
2026-09-08,1985419,Heritage Table London,Mobile caterer,,,,,,Hounslow,AwaitingInspection,,FHRS,False,,,
2026-09-08,1985158,Burger Kingdom,Mobile caterer,,,,,,Sir Benfro,AwaitingInspection,,FHRS,False,,,
2026-09-08,857100,clynfyw / TY AFAL,Mobile caterer,Clynfyw,Abercych,Boncath,Pembrokeshire,SA37 0HF,Sir Benfro,AwaitingInspection,,FHRS,False,,,"Clynfyw, Abercych, Boncath, Pembrokeshire, SA37 0HF"
2026-09-08,1985159,Tenby Treats,Mobile caterer,,,,,,Sir Benfro,AwaitingInspection,,FHRS,False,,,
2026-09-08,1985196,Sweet Petals,Mobile caterer,,,,,,Dorset,AwaitingInspection,,FHRS,False,,,
2026-09-08,1985197,The Fiery Fox,Mobile caterer,,,,,,Dorset,AwaitingInspection,,FHRS,False,,,
2026-09-08,1970138,Platypus Coffee Co,Mobile caterer,,,,,,Crawley,5,2026-09-01,FHRS,False,,,
2026-09-08,1985321,Binions big bbq smoker,Mobile caterer,,,,,,Swansea,AwaitingInspection,,FHRS,False,,,
2026-09-08,1985324,DRIVE Community: Ferrari Flat White,Mobile caterer,,,,,,Swansea,AwaitingInspection,,FHRS,False,,,
2026-09-08,1985313,Pogs,Mobile caterer,Kennexstone Camping And Touring Park Kennexstone Farm,Kyfts Lane,,Llangennith,SA3 1HS,Swansea,AwaitingInspection,,FHRS,False,,,"Kennexstone Camping And Touring Park Kennexstone Farm, Kyfts Lane, Llangennith, SA3 1HS"
2026-09-08,1985326,Sammys Coffee Co,Mobile caterer,,,,,,Swansea,AwaitingInspection,,FHRS,False,,,
2026-09-08,1985158,Burger Kingdom,Mobile caterer,,,,,,Pembrokeshire,AwaitingInspection,,FHRS,False,,,
2026-09-08,857100,clynfyw / TY AFAL,Mobile caterer,Clynfyw,Abercych,Boncath,Pembrokeshire,SA37 0HF,Pembrokeshire,AwaitingInspection,,FHRS,False,,,"Clynfyw, Abercych, Boncath, Pembrokeshire, SA37 0HF"
2026-09-08,1985159,Tenby Treats,Mobile caterer,,,,,,Pembrokeshire,AwaitingInspection,,FHRS,False,,,
2026-09-08,1985353,Casual Tea,Mobile caterer,,,,,,Forest of Dean,AwaitingInspection,,FHRS,False,,,
2026-09-08,1985351,Island Cravings,Mobile caterer,,,,,,Forest of Dean,AwaitingInspection,,FHRS,False,,,
2026-09-08,1985354,Tommo's Kitchen Ltd,Mobile caterer,,,,,,Forest of Dean,AwaitingInspection,,FHRS,False,,,
2026-09-08,1941526,Donny's,Mobile caterer,,,,,,Westmorland and Furness,AwaitingInspection,,FHRS,False,,,
2026-09-08,1985276,Dub Cocktails,Mobile caterer,,,,,,Westmorland and Furness,5,2026-08-05,FHRS,False,,,
2026-09-08,1985286,Gather & Ground,Mobile caterer,Byre House,Gatebeck,,Kendal,LA8 0HZ,Westmorland and Furness,AwaitingInspection,,FHRS,False,,,"Byre House, Gatebeck, Kendal, LA8 0HZ"
2026-09-08,1985283,KatVandu Food Truck,Mobile caterer,,,,,,Westmorland and Furness,5,2026-08-19,FHRS,False,,,
2026-09-08,1967399,Lakes Grill,Mobile caterer,,,,,,Westmorland and Furness,1,2026-07-31,FHRS,False,,,
2026-09-08,1941538,Lakes Rolling Deli,Mobile caterer,,,,,,Westmorland and Furness,5,2026-08-11,FHRS,False,,,
2026-09-08,1941536,Matson Ground,Mobile caterer,Unit 1d Low House Business Centre,Cleabarrow,,Windermere,LA23 3NA,Westmorland and Furness,AwaitingInspection,,FHRS,False,,,"Unit 1d Low House Business Centre, Cleabarrow, Windermere, LA23 3NA"
2026-09-08,1930544,Mini Meadows,Mobile caterer,Lake District Visitor Centre Brockhole,Ecclerigg,,Windermere,LA23 1FF,Westmorland and Furness,5,2026-07-28,FHRS,False,,,"Lake District Visitor Centre Brockhole, Ecclerigg, Windermere, LA23 1FF"
2026-09-08,1985275,Savin Hill,Mobile caterer,,,,,,Westmorland and Furness,AwaitingInspection,,FHRS,False,,,
2026-09-08,1941534,Serene Snacks,Mobile caterer,,,,,,Westmorland and Furness,AwaitingInspection,,FHRS,False,,,
2026-09-08,1967398,The Tiffin Man,Mobile caterer,,,,,,Westmorland and Furness,AwaitingInspection,,FHRS,False,,,
2026-09-08,1985274,The Tipsy Teapot,Mobile caterer,,,,,,Westmorland and Furness,AwaitingInspection,,FHRS,False,,,
2026-09-08,1596392,Ulverston ARLFC,Mobile caterer,Ulverston Leisure Centre,Priory Road,,Ulverston,LA12 9HT,Westmorland and Furness,AwaitingInspection,,FHRS,False,,,"Ulverston Leisure Centre, Priory Road, Ulverston, LA12 9HT"
2026-09-08,1824306,Volodymyr Koshel Ice Cream,Mobile caterer,,,,,,Westmorland and Furness,AwaitingInspection,,FHRS,False,,,
2026-09-08,1985288,Maiseys Menu,Mobile caterer,,,,,,Herefordshire,AwaitingInspection,,FHRS,False,,,
2026-09-08,1985391,Thoroughly Good Catering,Mobile caterer,,,,,,Wealden,AwaitingInspection,,FHRS,False,,,
2026-09-08,1985135,Dinky Donut,Mobile caterer,,,,,,Peterborough City,AwaitingInspection,,FHRS,False,,,
2026-09-08,1985136,Really Awesome Coffee - Peterborough North,Mobile caterer,,,,,,Peterborough City,AwaitingInspection,,FHRS,False,,,
2026-09-08,1985137,Sweet Secret,Mobile caterer,,,,,,Peterborough City,AwaitingInspection,,FHRS,False,,,
2026-09-08,1985321,Binions big bbq smoker,Mobile caterer,,,,,,Abertawe,AwaitingInspection,,FHRS,False,,,
2026-09-08,1985324,DRIVE Community: Ferrari Flat White,Mobile caterer,,,,,,Abertawe,AwaitingInspection,,FHRS,False,,,
2026-09-08,1985313,Pogs,Mobile caterer,Kennexstone Camping And Touring Park Kennexstone Farm,Kyfts Lane,,Llangennith,SA3 1HS,Abertawe,AwaitingInspection,,FHRS,False,,,"Kennexstone Camping And Touring Park Kennexstone Farm, Kyfts Lane, Llangennith, SA3 1HS"
2026-09-08,1985326,Sammys Coffee Co,Mobile caterer,,,,,,Abertawe,AwaitingInspection,,FHRS,False,,,
2026-09-08,1985430,Affie & Co,Mobile caterer,,,,,,St Albans City,AwaitingInspection,,FHRS,False,,,
2026-09-08,1842910,Mwnt a Mwy / Mwnt & More,Mobile caterer,Mwnt Ferwig,,Cardigan,,SA43 1QH,Ceredigion,5,2026-08-21,FHRS,False,,,"Mwnt Ferwig, Cardigan, SA43 1QH"
2026-09-08,1985068,Bros&Doughs,Mobile caterer,,,,,,Stroud,AwaitingInspection,,FHRS,False,,,
2026-09-08,1858077,Pinches Cue Club / Pinches Food Van,Mobile caterer,85 Barker Street,Norwich,,,NR2 4TN,Norwich City,AwaitingInspection,,FHRS,False,,,"85 Barker Street, Norwich, NR2 4TN"
2026-09-08,1842910,Mwnt a Mwy / Mwnt & More,Mobile caterer,Mwnt Ferwig,,Cardigan,,SA43 1QH,Ceredigion,5,2026-08-21,FHRS,False,,,"Mwnt Ferwig, Cardigan, SA43 1QH"
2026-09-08,1985347,Parkers,Mobile caterer,,,,,,Tameside,AwaitingInspection,,FHRS,False,,,
2026-09-08,1985108,La Carte,Mobile caterer,La Carte,2 Broncoed Terrace,Nercwys Road,Flintshire,CH7 4EE,Flintshire,AwaitingInspection,,FHRS,False,,,"La Carte, 2 Broncoed Terrace, Nercwys Road, Flintshire, CH7 4EE"
2026-09-08,1985111,The Cheeky Pig food trailer,Mobile caterer,,,,,,Flintshire,AwaitingInspection,,FHRS,False,,,
2026-09-08,1981869,James Partlett,Mobile caterer,,,,,,North Somerset,AwaitingInspection,,FHRS,False,,,
2026-09-08,1981850,Mean Bean,Mobile caterer,,,,,,North Somerset,AwaitingInspection,,FHRS,False,,,
2026-09-08,1981848,Sophie's Choice,Mobile caterer,,82 Hosegood Drive,Weston-super-Mare,,BS24 8AU,North Somerset,AwaitingInspection,,FHRS,False,,,"82 Hosegood Drive, Weston-super-Mare, BS24 8AU"
2026-09-08,1985010,Village Chippy,Mobile caterer,,,,,,Thurrock,AwaitingInspection,,FHRS,False,,,
2026-09-08,1976002,Roam Coffee Kitchen,Mobile caterer,Mickleton Aniques Centre,Stratford Road,Mickleton,Chipping Campden,GL55 6SR,Cotswold,5,2026-08-19,FHRS,False,,,"Mickleton Aniques Centre, Stratford Road, Mickleton, Chipping Campden, GL55 6SR"
2026-09-08,1607459,Mary's Kitchen Trailer,Mobile caterer,,,,,,Broadland,5,2026-09-02,FHRS,False,,,
2026-09-08,1985169,Spud Fusion Mobile (FY12 EFV),Mobile caterer,229 Goldsmith Avenue,Southsea,,,PO4 0BS,Portsmouth,AwaitingInspection,,FHRS,False,,,"229 Goldsmith Avenue, Southsea, PO4 0BS"
2026-09-09,1985608,Parkers Coffee,Mobile caterer,,,,,,Bristol,AwaitingInspection,,FHRS,False,,,
2026-09-09,1985775,Caernarfon Air Spuds,Mobile caterer,Maes Awyr Caernarfon,,Dinas Dinlle,Gwynedd,LL54 5TP,Gwynedd,AwaitingInspection,,FHRS,False,,,"Maes Awyr Caernarfon, Dinas Dinlle, Gwynedd, LL54 5TP"
2026-09-09,1985462,Crave Haven Events,Mobile caterer,2 Belton Grove,Birchencliffe,Huddersfield,,HD3 3RF,Kirklees,5,2026-08-26,FHRS,False,,,"2 Belton Grove, Birchencliffe, Huddersfield, HD3 3RF"
2026-09-09,1985465,El Fuego,Mobile caterer,,,,,,Kirklees,AwaitingInspection,,FHRS,False,,,
2026-09-09,1985467,"Hazzys sweet haven, Hanzila, Hazzy, HR",Mobile caterer,,,,,,Kirklees,AwaitingInspection,,FHRS,False,,,
2026-09-09,1985512,Smash & Dash,Mobile caterer,,,,,,Wrecsam,5,2026-08-25,FHRS,False,,,
2026-09-09,1985775,Caernarfon Air Spuds,Mobile caterer,Maes Awyr Caernarfon,,Dinas Dinlle,Gwynedd,LL54 5TP,Gwynedd,AwaitingInspection,,FHRS,False,,,"Maes Awyr Caernarfon, Dinas Dinlle, Gwynedd, LL54 5TP"
2026-09-09,1985707,Leddy's Larder,Mobile caterer,,,,,,South Derbyshire,AwaitingInspection,,FHRS,False,,,
2026-09-09,1972449,Allitt's Italian Pizzas,Mobile caterer,,,,,,Boston,AwaitingInspection,,FHRS,False,,,
2026-09-09,1985743,Cwt Melys,Mobile caterer,Ty Uchaf,,Llangristiolus,Bodorgan,LL62 5PU,Anglesey,5,2026-08-06,FHRS,False,,,"Ty Uchaf, Llangristiolus, Bodorgan, LL62 5PU"
2026-09-09,1985743,Cwt Melys,Mobile caterer,Ty Uchaf,,Llangristiolus,Bodorgan,LL62 5PU,Ynys Môn,5,2026-08-06,FHRS,False,,,"Ty Uchaf, Llangristiolus, Bodorgan, LL62 5PU"
2026-09-09,1985908,North And Sons Limited,Mobile caterer,Clanville Farm,Penton Park Lane,Clanville,Andover,SP11 9HZ,Test Valley,5,2026-09-06,FHRS,False,,,"Clanville Farm, Penton Park Lane, Clanville, Andover, SP11 9HZ"
2026-09-09,1985588,MARKY MARK’S MOBILE BUTCHERS LTD,Mobile caterer,The Riverside Tavern Brewery Lane,,Bridgend,,CF31 4AP,Pen-y-bont ar Ogwr,AwaitingInspection,,FHRS,False,,,"The Riverside Tavern Brewery Lane, Bridgend, CF31 4AP"
2026-09-09,1985740,Bing  Boss Yorkshire Wrapped,Mobile caterer,,,,,,Amber Valley,AwaitingInspection,,FHRS,False,,,
2026-09-09,1985741,Derek,Mobile caterer,Carvery And Grill Lydford Road Alfreton Derbyshire,,,,DE55 7RQ,Amber Valley,AwaitingInspection,,FHRS,False,,,"Carvery And Grill Lydford Road Alfreton Derbyshire, DE55 7RQ"
2026-09-09,1985783,Hook Kebabs,Mobile caterer,,,,,,Kingston-Upon-Thames,AwaitingInspection,,FHRS,False,,,
2026-09-09,1985588,MARKY MARK’S MOBILE BUTCHERS LTD,Mobile caterer,The Riverside Tavern Brewery Lane,,Bridgend,,CF31 4AP,Bridgend,AwaitingInspection,,FHRS,False,,,"The Riverside Tavern Brewery Lane, Bridgend, CF31 4AP"
2026-09-09,1985820,MPM Catering Ltd,Mobile caterer,,,,,,Durham,AwaitingInspection,,FHRS,False,,,
2026-09-09,1985845,The Berry Bar,Mobile caterer,,,,,,Durham,AwaitingInspection,,FHRS,False,,,
2026-09-09,1985817,The Cook House,Mobile caterer,A68 (FROM THE LODGE TO COUNTY BOUNDARY AT ROYAL OAK),,BILDERSHAW,,DL2 2UJ,Durham,4,2026-05-06,FHRS,False,,,"A68 (FROM THE LODGE TO COUNTY BOUNDARY AT ROYAL OAK), BILDERSHAW, DL2 2UJ"
2026-09-09,1985477,Sweet And Mystic Box,Mobile caterer,,,,,,Broxtowe,AwaitingInspection,,FHRS,False,,,
2026-09-09,1985512,Smash & Dash,Mobile caterer,,,,,,Wrexham,5,2026-08-25,FHRS,False,,,
2026-09-09,1985493,Rolling Bite,Mobile caterer,,196 Vernon Road,,Nottingham,NG6 0AD,Nottingham City,AwaitingInspection,,FHRS,False,,,"196 Vernon Road, Nottingham, NG6 0AD"
2026-09-09,1985694,Kavah Ltd *Eggies,Mobile caterer,,,,,,Spelthorne,AwaitingInspection,,FHRS,False,,,
2026-09-09,1985754,Bubbles and Cocktails,Mobile caterer,,,,,,Rhondda Cynon Taf,AwaitingInspection,,FHRS,False,,,
2026-09-09,1985767,Fitfuel Coffee.Co,Mobile caterer,,,,,,Rhondda Cynon Taf,AwaitingInspection,,FHRS,False,,,
2026-09-09,1985770,Phat Boys Shack,Mobile caterer,,,,,,Rhondda Cynon Taf,AwaitingInspection,,FHRS,False,,,
2026-09-09,1985799,Amma Mess,Mobile caterer,,,,,,Gateshead,AwaitingInspection,,FHRS,False,,,
2026-09-09,1985787,L&R Catering,Mobile caterer,,Blaydon  Rugby Club,Hexham Road,Swalwell,NE16 3BN,Gateshead,AwaitingInspection,,FHRS,False,,,"Blaydon  Rugby Club, Hexham Road, Swalwell, NE16 3BN"
2026-09-09,1985754,Bubbles and Cocktails,Mobile caterer,,,,,,Rhondda Cynon Taf,AwaitingInspection,,FHRS,False,,,
2026-09-09,1985767,Fitfuel Coffee.Co,Mobile caterer,,,,,,Rhondda Cynon Taf,AwaitingInspection,,FHRS,False,,,
2026-09-09,1985770,Phat Boys Shack,Mobile caterer,,,,,,Rhondda Cynon Taf,AwaitingInspection,,FHRS,False,,,
2026-09-09,1985562,Timmings's Thai Food Homemade,Mobile caterer,Tower Estate,St Osyth,Essex,,CO16 8NG,Tendring,AwaitingInspection,,FHRS,False,,,"Tower Estate, St Osyth, Essex, CO16 8NG"
2026-09-09,1985643,Common Ground Coffee,Mobile caterer,,,,,,Ealing,AwaitingInspection,,FHRS,False,,,
2026-09-09,1985650,Keyif Chai,Mobile caterer,,,,,,Ealing,AwaitingInspection,,FHRS,False,,,
2026-09-09,1985642,Sweet Swirl,Mobile caterer,,,,,,Ealing,AwaitingInspection,,FHRS,False,,,
2026-09-09,1985577,Happy Taco also T/A Secret Canteen,Mobile caterer,,,,,,West Suffolk,AwaitingInspection,,FHRS,False,,,
2026-09-09,1985581,Larett Bakehouse,Mobile caterer,,,,,,West Suffolk,5,2026-08-11,FHRS,False,,,
2026-09-09,1985576,Smash Station,Mobile caterer,,,,,,West Suffolk,AwaitingInspection,,FHRS,False,,,
2026-09-10,1986088,Sweets and Treats,Mobile caterer,,,,,,Tandridge,5,2026-09-07,FHRS,False,,,
2026-09-10,1986136,Stacked & Loaded,Mobile caterer,,,,,,King's Lynn and West Norfolk,AwaitingInspection,,FHRS,False,,,
2026-09-10,1986106,Spud Luv,Mobile caterer,,,,,,South Holland,AwaitingInspection,,FHRS,False,,,
2026-09-10,1986071,Bottoms Up Bar Ltd,Mobile caterer,,,,,,East Riding of Yorkshire,AwaitingInspection,,FHRS,False,,,
2026-09-10,1986068,Gravel & Grind,Mobile caterer,,,,,,East Riding of Yorkshire,AwaitingInspection,,FHRS,False,,,
2026-09-10,1986064,ZOLLI'S,Mobile caterer,,,,,,East Riding of Yorkshire,AwaitingInspection,,FHRS,False,,,
2026-09-10,1589715,Yilin' Kitchen,Mobile caterer,,,,,,Bexley,5,2023-03-27,FHRS,False,,,
2026-09-10,1986153,Bonaldi's,Mobile caterer,,,,,,Adur,5,2026-09-03,FHRS,False,,,
2026-09-10,1985988,Artisan Coffee Club Ltd,Mobile caterer,,,,,,Havering,AwaitingInspection,,FHRS,False,,,
2026-09-10,1986017,Datz a Wrap,Mobile caterer,,,,,,Havering,AwaitingInspection,,FHRS,False,,,
2026-09-10,1986015,Little Bridge Coffee Shop,Mobile caterer,,,,,,Havering,AwaitingInspection,,FHRS,False,,,
2026-09-10,1986008,Little Luxe,Mobile caterer,,,,,,Havering,AwaitingInspection,,FHRS,False,,,
2026-09-10,373183,Sev's Ices,Mobile caterer,,,,,,Havering,5,2026-08-10,FHRS,False,,,
2026-09-10,1986279,Pelmare,Mobile caterer,,,,,,Broxbourne,AwaitingInspection,,FHRS,False,,,
2026-09-10,1986280,Skye's Burger & Fries,Mobile caterer,Food Mobile,Delamare Road,Cheshunt,Hertfordshire,,Broxbourne,AwaitingInspection,,FHRS,False,,,"Food Mobile, Delamare Road, Cheshunt, Hertfordshire"
2026-09-10,1986287,Tasty Kitchen,Mobile caterer,Food Mobile Trader,Charlton Mead Lane,Hoddesdon,Hertfordshire,,Broxbourne,AwaitingInspection,,FHRS,False,,,"Food Mobile Trader, Charlton Mead Lane, Hoddesdon, Hertfordshire"
2026-09-10,1986122,The Bell and Windlass,Mobile caterer,,,,,,Cheshire East,AwaitingInspection,,FHRS,False,,,
2026-09-10,1986128,Trail and Table Catering,Mobile caterer,,,,,,Cheshire East,AwaitingInspection,,FHRS,False,,,
2026-09-10,1985987,Pasta-on-wheels,Mobile caterer,The White Hart,230 Watling Street Road,Preston,,PR2 8AD,Preston,AwaitingInspection,,FHRS,False,,,"The White Hart, 230 Watling Street Road, Preston, PR2 8AD"
2026-09-10,1986032,Blend Events,Mobile caterer,,,,,,Cumberland,AwaitingInspection,,FHRS,False,,,
2026-09-10,1986024,Mariella's Kitchen Ltd,Mobile caterer,,,,,,Cumberland,AwaitingInspection,,FHRS,False,,,
2026-09-10,1986111,The Salty Shack,Mobile caterer,,,,,,Redcar and Cleveland,AwaitingInspection,,FHRS,False,,,
2026-09-10,1986045,What The Fork,Mobile caterer,,Mobile Street Trader - CF21 BHK,,,,Aberdeenshire,Awaiting Inspection,2026-09-08,FHIS,False,,,Mobile Street Trader - CF21 BHK
2026-09-10,1986089,Twisted Barista,Mobile caterer,,,,,,South Norfolk,AwaitingInspection,,FHRS,False,,,
2026-09-10,1986048,KPH Ices,Mobile caterer,,,,,,East Lindsey,AwaitingInspection,,FHRS,True,,,
2026-09-10,1986267,Alfies Street Food,Mobile caterer,,,,,,Central Bedfordshire,AwaitingInspection,,FHRS,False,,,
2026-09-10,1986276,Hands of Help CIC,Mobile caterer,The Square Methodist Church,High Street South,Dunstable,Beds,LU6 3HD,Central Bedfordshire,AwaitingInspection,,FHRS,False,,,"The Square Methodist Church, High Street South, Dunstable, Beds, LU6 3HD"
2026-09-10,1986265,The Waffle Way,Mobile caterer,,,,,,Central Bedfordshire,AwaitingInspection,,FHRS,False,,,
2026-09-11,1986440,Sidmouth Trawlers,Mobile caterer,Port Royal Club,The Esplanade,Sidmouth,,EX10 8BG,East Devon,5,2025-08-06,FHRS,False,,,"Port Royal Club, The Esplanade, Sidmouth, EX10 8BG"
2026-09-11,1986636,Hot Chocolate and Milkshake Bar,Mobile caterer,,,,,,Wakefield,AwaitingInspection,,FHRS,False,,,
2026-09-11,1986589,HUM Pizza Co.,Mobile caterer,,,,,,North East Lincolnshire,AwaitingInspection,,FHRS,False,,,
2026-09-11,1986356,Scorcher's,Mobile caterer,98 Station Road,March,Cambridgeshire,,PE15 8NH,Fenland,AwaitingInspection,,FHRS,False,,,"98 Station Road, March, Cambridgeshire, PE15 8NH"
2026-09-11,1986485,Ctr breakfast bar,Mobile caterer,,30 The Old Quays,,,WA4 1JP,Warrington,AwaitingInspection,,FHRS,False,,,"30 The Old Quays, WA4 1JP"
2026-09-11,1986469,The Bar,Mobile caterer,,16 Athlone Road,,,WA2 8JJ,Warrington,AwaitingInspection,,FHRS,False,,,"16 Athlone Road, WA2 8JJ"
2026-09-11,1986421,The Jewels,Mobile caterer,,,,,,Uttlesford,AwaitingInspection,,FHRS,False,,,
2026-09-11,1986455,Flavour Frequency,Mobile caterer,,,,,,Epping Forest,AwaitingInspection,,FHRS,False,,,
2026-09-11,1986358,Vagabonds,Mobile caterer,The Royal British Legion,High Street,Leigh,Kent,TN11 8RL,Sevenoaks,AwaitingInspection,,FHRS,False,,,"The Royal British Legion, High Street, Leigh, Kent, TN11 8RL"
2026-09-11,1986317,Mr Jackets Spud Garden,Mobile caterer,20 The Broadway,,Thatcham,West Berkshire,RG19 3HX,West Berkshire,AwaitingInspection,,FHRS,False,,,"20 The Broadway, Thatcham, West Berkshire, RG19 3HX"
2026-09-11,1986622,HOJA,Mobile caterer,,,,,,Test Valley,5,2026-09-10,FHRS,False,,,
2026-09-11,1986365,Cooper Eats,Mobile caterer,,,,,,Harborough,5,2026-08-26,FHRS,False,,,
2026-09-11,1986361,Gold Standard Foods,Mobile caterer,,,,,,Harborough,5,2026-08-19,FHRS,False,,,
2026-09-11,1986370,Happy's Tanzanian Kitchen,Mobile caterer,,,,,,Harborough,5,2026-09-08,FHRS,False,,,
2026-09-11,1986367,One Love Pizza,Mobile caterer,Offices,Old Barn Farm,Welford Road,Husbands Bosworth,LE17 6JL,Harborough,AwaitingInspection,,FHRS,True,,,"Offices, Old Barn Farm, Welford Road, Husbands Bosworth, LE17 6JL"
2026-09-11,1035041,Wood Fired Pizza,Mobile caterer,,,,,,Harborough,5,2023-07-05,FHRS,False,,,
2026-09-11,1986602,Thomas Bucknall Catering,Mobile caterer,,,,,,East Lindsey,5,2026-09-08,FHRS,False,,,
2026-09-11,1986537,The Craftfather,Mobile caterer,,,,,,Runnymede,AwaitingInspection,,FHRS,False,,,
2026-09-11,1986620,Wildflower & Willow,Mobile caterer,,,,,,York,AwaitingInspection,,FHRS,False,,,
2026-09-11,1986341,Kookoo Food,Mobile caterer,,,,,,Vale of White Horse,AwaitingInspection,,FHRS,False,,,
2026-09-11,1986428,The Classic Spud,Mobile caterer,The Glass Works Square,The Glass Works,,,S70 1GW,Barnsley,AwaitingInspection,,FHRS,False,,,"The Glass Works Square, The Glass Works, S70 1GW"
2026-09-12,1986927,The Flagship Coffee Club,Mobile caterer,,,,,,Surrey Heath,AwaitingInspection,,FHRS,False,,,
2026-09-12,1986866,ATTAC Events Group,Mobile caterer,,Unit 27 Eastside Industrial Estate,Jackson Street,,WA9 3AS,St Helens,AwaitingInspection,,FHRS,False,,,"Unit 27 Eastside Industrial Estate, Jackson Street, WA9 3AS"
2026-09-12,1986858,Oscars,Mobile caterer,,,,,,St Helens,AwaitingInspection,,FHRS,False,,,
2026-09-12,1986935,Rosalie's Coffee,Mobile caterer,,17 Brynffynnon,Croespenmaen,Newport,NP11 3EQ,Caerphilly,AwaitingInspection,,FHRS,False,,,"17 Brynffynnon, Croespenmaen, Newport, NP11 3EQ"
2026-09-12,1986902,Fresh Bowl,Mobile caterer,,,,,,Barnet,AwaitingInspection,,FHRS,False,,,
2026-09-12,1986906,Health Galery,Mobile caterer,,,,,,Barnet,AwaitingInspection,,FHRS,False,,,
2026-09-12,1986892,Home Sweet Home,Mobile caterer,,,,,,Barnet,AwaitingInspection,,FHRS,False,,,
2026-09-12,1986903,Smoketeers,Mobile caterer,,,,,,Barnet,AwaitingInspection,,FHRS,False,,,
2026-09-12,1986893,SPUDZILLA,Mobile caterer,,,,,,Barnet,AwaitingInspection,,FHRS,False,,,
2026-09-12,1986887,Sweet Stop,Mobile caterer,Broadwalk Shopping Centre Station Road,,,,HA8 7BD,Barnet,AwaitingInspection,,FHRS,False,,,"Broadwalk Shopping Centre Station Road, HA8 7BD"
2026-09-12,1986904,Taste The Best,Mobile caterer,Brent Cross Shopping Centre  Prince Charles Drive London,,,,,Barnet,5,2026-08-27,FHRS,False,,,Brent Cross Shopping Centre  Prince Charles Drive London
2026-09-12,1986911,Teki Ltd,Mobile caterer,,,,,,Barnet,AwaitingInspection,,FHRS,False,,,
2026-09-12,1987189,Suya X Jollof,Mobile caterer,,,,,,Croydon,AwaitingInspection,,FHRS,False,,,
2026-09-12,1960006,YR Events,Mobile caterer,,,,,,Croydon,AwaitingInspection,,FHRS,False,,,
2026-09-12,1987107,Mayrita's Rice Pudding,Mobile caterer,,,,,,South Cambridgeshire,AwaitingInspection,,FHRS,False,,,
2026-09-12,1987112,White Rose Mobile Bar,Mobile caterer,,,,,,Telford and Wrekin Council,AwaitingInspection,,FHRS,False,,,
2026-09-12,1986995,Ember & Oak Coffee Co,Mobile caterer,,,,,,North Lincolnshire,AwaitingInspection,,FHRS,False,,,
2026-09-12,1986998,Wild Dough,Mobile caterer,,,,,,North Lincolnshire,AwaitingInspection,,FHRS,False,,,
2026-09-12,1974038,Bites And Bubbles,Mobile caterer,,,,,,Bath and North East Somerset,5,2026-08-24,FHRS,False,,,
2026-09-12,1980352,Sweet Escape,Mobile caterer,,,,,,Bath and North East Somerset,5,2026-08-20,FHRS,False,,,
2026-09-12,1980353,The Tipsy Waffle,Mobile caterer,,,,,,Bath and North East Somerset,5,2026-09-01,FHRS,False,,,
2026-09-12,1986982,TG Catering,Mobile caterer,,,,,,Bolsover,AwaitingInspection,,FHRS,False,,,
2026-09-12,1986669,El Camino Espresso (MCA),Mobile caterer,,,,,,Islington,AwaitingInspection,,FHRS,False,,,
2026-09-12,1986656,GStores3 (HCA),Mobile caterer,,,,,,Islington,AwaitingInspection,,FHRS,False,,,
2026-09-12,1986664,Johns Coffee (MCA),Mobile caterer,,,,,,Islington,AwaitingInspection,,FHRS,False,,,
2026-09-12,1986847,Mr Whippy - T93 FOB,Mobile caterer,,,,,,Oldham,5,2026-09-01,FHRS,False,,,
2026-09-12,1986876,Old Car Coffee,Mobile caterer,,,,,,Northumberland,AwaitingInspection,,FHRS,False,,,
2026-09-12,1986694,Bangin’ Burger Bro’s,Mobile caterer,,,,,,Basildon,AwaitingInspection,,FHRS,False,,,
2026-09-12,1944318,Etched & Crafted,Mobile caterer,,Home Bakery Business,,,,Aberdeenshire,Pass,2026-05-12,FHIS,False,,,Home Bakery Business
2026-09-12,1986780,Fat Fridays,Mobile caterer,,Mobile Hot Food Trailer,,,,Aberdeenshire,Awaiting Inspection,2026-09-10,FHIS,False,,,Mobile Hot Food Trailer
2026-09-12,1986987,The Sweetest Bakes,Mobile caterer,,,,,,North East Derbyshire,AwaitingInspection,,FHRS,False,,,
2026-09-12,1986674,Full Ah Vibez,Mobile caterer,17 Leslie Smith Square,,Woolwich,Greenwich,SE18 4DW,Greenwich,AwaitingInspection,,FHRS,False,,,"17 Leslie Smith Square, Woolwich, Greenwich, SE18 4DW"
2026-09-12,1986678,Soup n Snacks,Mobile caterer,22 Bugsbys Way,,Charlton,Greenwich,SE7 7SJ,Greenwich,AwaitingInspection,,FHRS,False,,,"22 Bugsbys Way, Charlton, Greenwich, SE7 7SJ"
2026-09-12,1987011,Lincolnshire Hog Roast Co.,Mobile caterer,,,,,,East Lindsey,5,2026-09-09,FHRS,False,,,
2026-09-12,1937999,Sarahs Fruyos,Mobile caterer,2 Prisk Cottages,Treruffe Hill,Redruth,Cornwall,TR15 2PS,Cornwall,5,2026-09-09,FHRS,False,,,"2 Prisk Cottages, Treruffe Hill, Redruth, Cornwall, TR15 2PS"
2026-09-12,1987057,N B Catering,Mobile caterer,Colebatch Farm,,Colebatch,Shropshire,SY9 5JY,Shropshire,AwaitingInspection,,FHRS,False,,,"Colebatch Farm, Colebatch, Shropshire, SY9 5JY"
2026-09-12,1987064,Songbird Coffee,Mobile caterer,,,,,,Shropshire,AwaitingInspection,,FHRS,False,,,
2026-09-12,1987058,Toms Super Whip,Mobile caterer,Unit 11a Talbot Way,,Market Drayton,Shropshire,TF9 3SJ,Shropshire,AwaitingInspection,,FHRS,False,,,"Unit 11a Talbot Way, Market Drayton, Shropshire, TF9 3SJ"
2026-09-12,1986778,Coffee & Chapters,Mobile caterer,This food business operator trades from a private address registered with North Lanarkshire Council,,,,,North Lanarkshire,Awaiting Inspection,,FHIS,False,,,This food business operator trades from a private address registered with North Lanarkshire Council
2026-09-12,1987121,Ashburton Christmas Trees,Mobile caterer,Cuddyford Broad Park Ashburton,,,,TQ13 7EN,Teignbridge,AwaitingInspection,,FHRS,False,,,"Cuddyford Broad Park Ashburton, TQ13 7EN"
2026-09-12,1986846,Crafts on the Cut,Mobile caterer,Fishery Lock 63,Grand Union Canal,Hemel Hempstead,Hertfordshire,,Dacorum,AwaitingInspection,,FHRS,False,,,"Fishery Lock 63, Grand Union Canal, Hemel Hempstead, Hertfordshire"
2026-09-12,1987031,Smooch Frozen Yogurt,Mobile caterer,,,,,,Breckland,AwaitingInspection,,FHRS,False,,,
2026-09-12,1987201,J & T Sizzle and Sweet,Mobile caterer,,,,,,North Somerset,AwaitingInspection,,FHRS,False,,,
2026-09-12,1496659,Sophie's Choice,Mobile caterer,Layby Blackrock Marble,Valley Road,Portishead,,BS20 8JY,North Somerset,AwaitingInspection,,FHRS,False,,,"Layby Blackrock Marble, Valley Road, Portishead, BS20 8JY"
2026-09-12,1986807,The Little Kitchen,Mobile caterer,,,,,,Stockport,AwaitingInspection,,FHRS,False,,,
2026-09-12,1986980,Stork Coffee,Mobile caterer,7 Hurston Grove,Storrington,Pulborough,,RH20 4HQ,Horsham,AwaitingInspection,,FHRS,False,,,"7 Hurston Grove, Storrington, Pulborough, RH20 4HQ"
2026-09-12,1387505,The Syrian Kitchen,Mobile caterer,,,,,,Horsham,5,2023-11-20,FHRS,False,,,
2026-09-12,1904134,T's Treats,Mobile caterer,Units 8 And 9,Baldwins Farm Industrial Estate,Dennises Lane,Upminster,RM14 2XB,Thurrock,AwaitingInspection,,FHRS,False,,,"Units 8 And 9, Baldwins Farm Industrial Estate, Dennises Lane, Upminster, RM14 2XB"
2026-09-12,1825568,Cheese Queens,Mobile caterer,,,,,,Torbay,5,2026-09-08,FHRS,False,,,
2026-09-12,1986751,Club Alfresco,Mobile caterer,,,,,,Torbay,AwaitingInspection,,FHRS,False,,,
2026-09-12,1987082,Clean Cuisine Co.,Mobile caterer,,,,,,South Staffordshire,AwaitingInspection,,FHRS,False,,,
2026-09-12,1986935,Rosalie's Coffee,Mobile caterer,,17 Brynffynnon,Croespenmaen,Newport,NP11 3EQ,Caerffili,AwaitingInspection,,FHRS,False,,,"17 Brynffynnon, Croespenmaen, Newport, NP11 3EQ"
2026-09-12,1986756,Dans Dough,Mobile caterer,,,,,,Newark and Sherwood,AwaitingInspection,,FHRS,False,,,
2026-09-15,1987444,Clifftop Coffee,Mobile caterer,,,,,,Bristol,AwaitingInspection,,FHRS,False,,,
2026-09-15,1987446,Kudos Catering,Mobile caterer,247 Auto Repairs Bamfield House,Bamfield,Hengrove,Bristol,BS14 0XD,Bristol,AwaitingInspection,,FHRS,False,,,"247 Auto Repairs Bamfield House, Bamfield, Hengrove, Bristol, BS14 0XD"
2026-09-15,1987440,Prime by Pasture,Mobile caterer,The Prospect Building,39-46 Feeder Road,St Philips,Bristol,BS2 0SE,Bristol,AwaitingInspection,,FHRS,False,,,"The Prospect Building, 39-46 Feeder Road, St Philips, Bristol, BS2 0SE"
2026-09-15,1987436,Prime food truck,Mobile caterer,,45 Feeder Road,St Philips,Bristol,BS2 0SE,Bristol,AwaitingInspection,,FHRS,False,,,"45 Feeder Road, St Philips, Bristol, BS2 0SE"
2026-09-15,1987441,Sullyvanz,Mobile caterer,,,,,,Bristol,AwaitingInspection,,FHRS,False,,,
2026-09-15,1987434,V3 Creative Unlimited,Mobile caterer,,18 Butterfly Lane,Hartcliffe,Bristol,BS13 0FF,Bristol,AwaitingInspection,,FHRS,False,,,"18 Butterfly Lane, Hartcliffe, Bristol, BS13 0FF"
2026-09-15,1987541,All Things Sweet,Mobile caterer,,,,,,Hull City,AwaitingInspection,,FHRS,False,,,
2026-09-15,1987313,Dough\&Slice,Mobile caterer,,,,,,Oxford City,AwaitingInspection,,FHRS,False,,,
2026-09-15,1987603,Banjos,Mobile caterer,18 LINGHOLM CRESCENT,,,SCARBOROUGH,YO11 3DL,North Yorkshire,AwaitingInspection,,FHRS,False,,,"18 LINGHOLM CRESCENT, SCARBOROUGH, YO11 3DL"
2026-09-15,1987607,"Brewed Awakenings, Outpost Edition",Mobile caterer,Marshfield Road,,,Settle,BD24 9DA,North Yorkshire,AwaitingInspection,,FHRS,False,,,"Marshfield Road, Settle, BD24 9DA"
2026-09-15,1987601,Fat Buddha Coffee,Mobile caterer,FLAT 1 9 MINT GARTH,,,KNARESBOROUGH,HG5 0WH,North Yorkshire,AwaitingInspection,,FHRS,False,,,"FLAT 1 9 MINT GARTH, KNARESBOROUGH, HG5 0WH"
2026-09-15,1987611,Pintxos & Friends Dough & Go,Mobile caterer,BRECKS LODGE MOOR LANE,,,SHERBURN IN ELMET,LS25 6DZ,North Yorkshire,AwaitingInspection,,FHRS,False,,,"BRECKS LODGE MOOR LANE, SHERBURN IN ELMET, LS25 6DZ"
2026-09-15,1987460,Chepstow Food Van Co,Mobile caterer,The Clubhouse Chepstow Town Afc,Newport Road,Chepstow,Monmouthshire,NP16 5PR,Monmouthshire,AwaitingInspection,,FHRS,True,,,"The Clubhouse Chepstow Town Afc, Newport Road, Chepstow, Monmouthshire, NP16 5PR"
2026-09-15,1987457,Doing Good Catering,Mobile caterer,,1 Usk Road,Earlswood,Shirenewton,NP16 6RY,Monmouthshire,AwaitingInspection,,FHRS,False,,,"1 Usk Road, Earlswood, Shirenewton, NP16 6RY"
2026-09-15,1987447,The Beer Box,Mobile caterer,,,,,,Monmouthshire,5,2026-09-10,FHRS,False,,,
2026-09-15,1987459,The Pantry Food Van,Mobile caterer,Great House Farm,Blue Barn Workshop,Undy,Caldicot,NP26 3EN,Monmouthshire,AwaitingInspection,,FHRS,False,,,"Great House Farm, Blue Barn Workshop, Undy, Caldicot, NP26 3EN"
2026-09-15,1987359,2nigerianboys,Mobile caterer,,,,,,Lewisham,AwaitingInspection,,FHRS,False,,,
2026-09-15,1987353,Fully Loaded,Mobile caterer,,,,,,Lewisham,AwaitingInspection,,FHRS,False,,,
2026-09-15,1987347,Gallo Master,Mobile caterer,,,,,,Lewisham,AwaitingInspection,,FHRS,False,,,
2026-09-15,1987377,Hippo & Badger,Mobile caterer,,,,,,Lewisham,AwaitingInspection,,FHRS,False,,,
2026-09-15,1987340,Junee's Munbanggu Kitchen,Mobile caterer,,,,,,Lewisham,AwaitingInspection,,FHRS,False,,,
2026-09-15,1987358,Lime and Spice,Mobile caterer,,,,,,Lewisham,AwaitingInspection,,FHRS,False,,,
2026-09-15,1987368,MOIMOI Waffles,Mobile caterer,,,,,,Lewisham,AwaitingInspection,,FHRS,False,,,
2026-09-15,1987339,Spit Rotisserie LTD,Mobile caterer,,,,,,Lewisham,AwaitingInspection,,FHRS,False,,,
2026-09-15,1987346,Sway London Ltd,Mobile caterer,,,,,,Lewisham,5,2026-08-21,FHRS,False,,,
2026-09-15,1987343,Taste Dis Cuisine,Mobile caterer,,,,,,Lewisham,AwaitingInspection,,FHRS,False,,,
2026-09-15,1987261,Georges Kitchen,Mobile caterer,344 City Way,Rochester,,,ME1 2BH,Medway,AwaitingInspection,,FHRS,False,,,"344 City Way, Rochester, ME1 2BH"
2026-09-15,1987486,Seriousscran,Mobile caterer,,,,,,Chichester,AwaitingInspection,,FHRS,False,,,
2026-09-15,1987507,Wells Corner Shop,Mobile caterer,5 The Parade,Spa Drive,Epsom,Surrey,KT18 7LG,Epsom and Ewell,AwaitingInspection,,FHRS,False,,,"5 The Parade, Spa Drive, Epsom, Surrey, KT18 7LG"
2026-09-15,1987402,ATAWICH,Mobile caterer,,,,,,Cheshire West and Chester,AwaitingInspection,,FHRS,False,,,
2026-09-15,1987411,Dough on the Go,Mobile caterer,,,,,,Cheshire West and Chester,AwaitingInspection,,FHRS,False,,,
2026-09-15,1987392,SERGIO MANFREDI,Mobile caterer,,,,,,Cheshire West and Chester,AwaitingInspection,,FHRS,False,,,
2026-09-15,1987413,WhatCha Fancy,Mobile caterer,,,,,,Cheshire West and Chester,AwaitingInspection,,FHRS,False,,,
2026-09-15,1933316,Doorstop,Mobile caterer,,,,,,Crawley,AwaitingInspection,,FHRS,False,,,
2026-09-15,1987474,SPOT,Mobile caterer,Far Gosford Street,,,Coventry,CV1 5EA,Coventry,AwaitingInspection,,FHRS,False,,,"Far Gosford Street, Coventry, CV1 5EA"
2026-09-15,1935025,Tom’s Kitchen-Polish Street Food,Mobile caterer,,,,,,Guildford,AwaitingInspection,,FHRS,False,,,
2026-09-15,1987579,Zone 3 Coffee,Mobile caterer,,,,,,Bromley,AwaitingInspection,,FHRS,False,,,
2026-09-15,1987495,Inari Coffee,Mobile caterer,,,,,,Eastleigh,AwaitingInspection,,FHRS,False,,,
2026-09-15,1987498,Nuna's Smokehouse,Mobile caterer,,,,,,Eastleigh,AwaitingInspection,,FHRS,False,,,
2026-09-15,1987292,Suave Foods,Mobile caterer,Asheridge Farm,Ashotts Lane,Asheridge,Buckinghamshire,HP5 2UU,Buckinghamshire,AwaitingInspection,,FHRS,False,,,"Asheridge Farm, Ashotts Lane, Asheridge, Buckinghamshire, HP5 2UU"
2026-09-15,1987514,Smoke Wranglerz BBQ,Mobile caterer,,,,,,Dover,AwaitingInspection,,FHRS,False,,,
2026-09-15,1987512,Sugar & Swirl,Mobile caterer,,,,,,Dover,AwaitingInspection,,FHRS,False,,,
2026-09-15,1987515,The Wren's Nest,Mobile caterer,April Cottage Back Road,,Barfrestone,Kent,CT15 7JH,Dover,AwaitingInspection,,FHRS,False,,,"April Cottage Back Road, Barfrestone, Kent, CT15 7JH"
2026-09-15,1987423,The Pink Truck,Mobile caterer,,,,,,Brentwood,AwaitingInspection,,FHRS,False,,,
2026-09-15,1987460,Chepstow Food Van Co,Mobile caterer,The Clubhouse Chepstow Town Afc,Newport Road,Chepstow,Monmouthshire,NP16 5PR,Sir Fynwy,AwaitingInspection,,FHRS,True,,,"The Clubhouse Chepstow Town Afc, Newport Road, Chepstow, Monmouthshire, NP16 5PR"
2026-09-15,1987457,Doing Good Catering,Mobile caterer,,1 Usk Road,Earlswood,Shirenewton,NP16 6RY,Sir Fynwy,AwaitingInspection,,FHRS,False,,,"1 Usk Road, Earlswood, Shirenewton, NP16 6RY"
2026-09-15,1987447,The Beer Box,Mobile caterer,,,,,,Sir Fynwy,5,2026-09-10,FHRS,False,,,
2026-09-15,1987459,The Pantry Food Van,Mobile caterer,Great House Farm,Blue Barn Workshop,Undy,Caldicot,NP26 3EN,Sir Fynwy,AwaitingInspection,,FHRS,False,,,"Great House Farm, Blue Barn Workshop, Undy, Caldicot, NP26 3EN"
2026-09-15,1987387,Buzzing Bee-ns,Mobile caterer,,,,,,Stockport,AwaitingInspection,,FHRS,False,,,
2026-09-15,1987627,MCMotoring.Cafe,Mobile caterer,,,,,,Portsmouth,AwaitingInspection,,FHRS,False,,,
2026-09-16,1987744,Traditional Roasted Chestnuts,Mobile caterer,,,,,,Tandridge,AwaitingInspection,,FHRS,False,,,
2026-09-16,1987710,Bean Better CIC,Mobile caterer,,,,,,Wigan,AwaitingInspection,,FHRS,False,,,
2026-09-16,1987695,Prepbox,Mobile caterer,,,,,,Wigan,AwaitingInspection,,FHRS,False,,,
2026-09-16,1987696,Sweet Cravings,Mobile caterer,,,,,,Wigan,AwaitingInspection,,FHRS,False,,,
2026-09-16,1988129,bossa cafe,Mobile caterer,,,,,,Wandsworth,AwaitingInspection,,FHRS,False,,,
2026-09-16,1988132,Nutrition ATM,Mobile caterer,,,,,,Wandsworth,AwaitingInspection,,FHRS,False,,,
2026-09-16,1988017,Kerala Fresh,Mobile caterer,,,,,,Stoke-On-Trent,AwaitingInspection,,FHRS,False,,,
2026-09-16,1988022,Tastes Of History,Mobile caterer,,,,,,Stoke-On-Trent,AwaitingInspection,,FHRS,False,,,
2026-09-16,1987769,Rough Ground Coffee,Mobile caterer,,,,,,Bro Morgannwg,AwaitingInspection,,FHRS,False,,,
2026-09-16,1987723,Casa Belso,Mobile caterer,,,,,,South Derbyshire,AwaitingInspection,,FHRS,False,,,
2026-09-16,1987722,The Little Sip Co,Mobile caterer,,,,,,South Derbyshire,AwaitingInspection,,FHRS,False,,,
2026-09-16,1987962,King Cubano Sandwich,Mobile caterer,,,,,,Telford and Wrekin Council,AwaitingInspection,,FHRS,False,,,
2026-09-16,1987963,Taramisu LTD,Mobile caterer,,,,,,Telford and Wrekin Council,AwaitingInspection,,FHRS,False,,,
2026-09-16,1988145,Buzzard's Biker Burgers/The BBB,Mobile caterer,,,,,,Somerset,AwaitingInspection,,FHRS,False,,,
2026-09-16,1988008,Shish&Chips,Mobile caterer,,,,,,Somerset,AwaitingInspection,,FHRS,False,,,
2026-09-16,1551001,Carvery And Grill,Mobile caterer,1 Canal Way,Altham,Lancashire,,BB5 5WB,Hyndburn,5,2026-03-31,FHRS,False,53.7786822,-2.3691515,"1 Canal Way, Altham, Lancashire, BB5 5WB"
2026-09-16,1640351,Evie's Carvery & Grill,Mobile caterer,,,,,,Hyndburn,5,2025-11-09,FHRS,False,,,
2026-09-16,1892318,Fat Spuds,Mobile caterer,Richmond Street,Accrington,Lancashire,,BB5 0RH,Hyndburn,1,2025-10-29,FHRS,False,53.7495193,-2.3738049,"Richmond Street, Accrington, Lancashire, BB5 0RH"
2026-09-16,1705405,Foodworks 2,Mobile caterer,,,,,,Hyndburn,5,2026-02-17,FHRS,False,,,
2026-09-16,1705406,Foodworks 3,Mobile caterer,,,,,,Hyndburn,5,2026-02-17,FHRS,False,,,
2026-09-16,1697690,Foodworks Event Catering,Mobile caterer,,,,,,Hyndburn,5,2026-02-17,FHRS,False,,,
2026-09-16,1824852,Illuzion Events Ltd,Mobile caterer,,,,,,Hyndburn,5,2025-04-04,FHRS,False,,,
2026-09-16,1973650,Jimbo's Jumbos,Mobile caterer,Syke Side Drive,Altham Business Park,Altham,,,Hyndburn,4,2026-07-29,FHRS,False,53.79133,-2.34567,"Syke Side Drive, Altham Business Park, Altham"
2026-09-16,1746780,Karak Entertainment,Mobile caterer,,,,,,Hyndburn,5,2024-07-17,FHRS,False,,,
2026-09-16,1876862,Kirsty's Baps,Mobile caterer,Greengates Builders Merchants,1 Whinney Hill Road,Accrington,,BB5 5FT,Hyndburn,5,2025-10-17,FHRS,False,53.7681197,-2.3752027,"Greengates Builders Merchants, 1 Whinney Hill Road, Accrington, BB5 5FT"
2026-09-16,1630276,Mr Creamy ( DG05 ZYX ),Mobile caterer,,,,,,Hyndburn,5,2024-04-25,FHRS,False,,,
2026-09-16,111204,Mr Softee / Uncle Sams ( VK58 LYJ ),Mobile caterer,,,,,,Hyndburn,5,2026-04-09,FHRS,False,,,
2026-09-16,1730499,Mr Whippy ( YE11 FGO ),Mobile caterer,,,,,,Hyndburn,5,2024-03-12,FHRS,False,,,
2026-09-16,1672490,Multi Purpose Bar,Mobile caterer,4 Canal Way,Altham,Lancashire,,BB5 5WB,Hyndburn,5,2026-03-31,FHRS,False,53.778676,-2.369167,"4 Canal Way, Altham, Lancashire, BB5 5WB"
2026-09-16,1109209,Nelsons Ices,Mobile caterer,,,,,,Hyndburn,5,2025-10-29,FHRS,False,,,
2026-09-16,1551000,Sacha's Grilling Co,Mobile caterer,1 Canal Way,Altham,Lancashire,,BB5 5WB,Hyndburn,5,2026-03-31,FHRS,False,53.7786822,-2.3691515,"1 Canal Way, Altham, Lancashire, BB5 5WB"
2026-09-16,1864259,San Giuseppe Pizza Co.,Mobile caterer,,,,,,Hyndburn,5,2025-09-09,FHRS,False,,,
2026-09-16,580812,Silcock's Catering,Mobile caterer,,,,,,Hyndburn,5,2025-03-25,FHRS,False,,,
2026-09-16,1516841,Spitting Pig Lancashire,Mobile caterer,68 Lower Barnes Street,Clayton-Le-Moors,Lancashire,,BB5 5SW,Hyndburn,5,2024-09-26,FHRS,False,53.778651,-2.390305,"68 Lower Barnes Street, Clayton-Le-Moors, Lancashire, BB5 5SW"
2026-09-16,1782186,Sweet Side of Paris,Mobile caterer,,,,,,Hyndburn,4,2025-02-21,FHRS,False,,,
2026-09-16,1661057,Taphouse Trailer,Mobile caterer,68 Lower Barnes Street,Clayton-Le-Moors,Lancashire,,BB5 5SW,Hyndburn,5,2023-10-05,FHRS,False,53.778651,-2.390305,"68 Lower Barnes Street, Clayton-Le-Moors, Lancashire, BB5 5SW"
2026-09-16,1848281,The Dessert Lab,Mobile caterer,,,,,,Hyndburn,4,2025-08-06,FHRS,False,,,
2026-09-16,1824856,The Food Stop,Mobile caterer,,,,,,Hyndburn,5,2025-08-27,FHRS,False,,,
2026-09-16,1756459,The Pizza Nest,Mobile caterer,3 Barnes Square,Clayton-Le-Moors,Lancashire,,BB5 5NX,Hyndburn,5,2024-08-20,FHRS,False,53.774662,-2.385231,"3 Barnes Square, Clayton-Le-Moors, Lancashire, BB5 5NX"
2026-09-16,1393378,W Nelson Ice Cream ( R686 UDV ),Mobile caterer,Duckworth Street,Church,Lancashire,,BB5 4LQ,Hyndburn,5,2024-04-30,FHRS,False,53.7541,-2.392413,"Duckworth Street, Church, Lancashire, BB5 4LQ"
2026-09-16,55742,Pizza at the park,Mobile caterer,Street Record,Mariners Way,Preston,,,Preston,5,2024-01-16,FHRS,False,,,"Street Record, Mariners Way, Preston"
2026-09-16,1987752,Ruby's Rolls,Mobile caterer,The Riverside Tavern Brewery Lane,,Bridgend,,CF31 4AP,Pen-y-bont ar Ogwr,AwaitingInspection,,FHRS,False,,,"The Riverside Tavern Brewery Lane, Bridgend, CF31 4AP"
2026-09-16,1987837,Grounded Mobile,Mobile caterer,,Project Road,,Barking,IG11 0YP,Barking and Dagenham,AwaitingInspection,,FHRS,False,,,"Project Road, Barking, IG11 0YP"
2026-09-16,1988137,Yescheftakeaway Ltd,Mobile caterer,,,,,,Stafford,AwaitingInspection,,FHRS,False,,,
2026-09-16,1987752,Ruby's Rolls,Mobile caterer,The Riverside Tavern Brewery Lane,,Bridgend,,CF31 4AP,Bridgend,AwaitingInspection,,FHRS,False,,,"The Riverside Tavern Brewery Lane, Bridgend, CF31 4AP"
2026-09-16,1987672,Luigi?s Pizza,Mobile caterer,,,,,,Babergh,AwaitingInspection,,FHRS,False,,,
2026-09-16,1987769,Rough Ground Coffee,Mobile caterer,,,,,,Vale of Glamorgan,AwaitingInspection,,FHRS,False,,,
2026-09-16,1988092,Moco Kitchen Catering,Mobile caterer,,,,,,Norwich City,AwaitingInspection,,FHRS,False,,,
2026-09-16,1939578,Bombay Wraps,Mobile caterer,Unit GS02,Garden Square,Rushden Lakes,Rushden,NN10 6FL,North Northamptonshire,AwaitingInspection,,FHRS,False,,,"Unit GS02, Garden Square, Rushden Lakes, Rushden, NN10 6FL"
2026-09-16,1987662,Indian Masala's,Mobile caterer,,,,,,Newham,AwaitingInspection,,FHRS,False,,,
2026-09-16,1987797,LUVLY GRUB/SPUD GUYS/POPEYES PROTEIN/LUVLY ROASTS,Mobile caterer,Street Record Mount Pleasant Avenue,Llanrumney,Cardiff,,,Caerdydd,AwaitingInspection,,FHRS,False,,,"Street Record Mount Pleasant Avenue, Llanrumney, Cardiff"
2026-09-16,1987781,Oasis Cardiff Catering,Mobile caterer,69 Splott Road,Splott,Cardiff,,CF24 2BW,Caerdydd,AwaitingInspection,,FHRS,False,,,"69 Splott Road, Splott, Cardiff, CF24 2BW"
2026-09-16,1965542,The Steaming Spoon,Mobile caterer,,,,,,Maldon,5,2026-09-09,FHRS,False,,,
2026-09-16,1987734,Just Greek Gyros by George,Mobile caterer,Self Storage Site Adj Bond House Hardwicke Road,,Great Gransden,Cambridgeshire,SG19 3BJ,Huntingdonshire,AwaitingInspection,,FHRS,False,,,"Self Storage Site Adj Bond House Hardwicke Road, Great Gransden, Cambridgeshire, SG19 3BJ"
2026-09-16,1988109,Nure Bibi,Mobile caterer,New Covent Garden Market London,,,,SW8 5EL,Merton,AwaitingInspection,,FHRS,False,,,"New Covent Garden Market London, SW8 5EL"
2026-09-16,1988098,Tocommons,Mobile caterer,,,,,,Merton,AwaitingInspection,,FHRS,False,,,
2026-09-16,1988042,689 Street Foods,Mobile caterer,284 Alma Road,ENFIELD,,,EN3 7BB,Enfield,AwaitingInspection,,FHRS,False,,,"284 Alma Road, ENFIELD, EN3 7BB"
2026-09-16,1988035,Selen Soft Ice Cream Ltd,Mobile caterer,93 Broadlands Avenue,Enfield,,,EN3 5AG,Enfield,AwaitingInspection,,FHRS,False,,,"93 Broadlands Avenue, Enfield, EN3 5AG"
2026-09-16,1987797,LUVLY GRUB/SPUD GUYS/POPEYES PROTEIN/LUVLY ROASTS,Mobile caterer,Street Record Mount Pleasant Avenue,Llanrumney,Cardiff,,,Cardiff,AwaitingInspection,,FHRS,False,,,"Street Record Mount Pleasant Avenue, Llanrumney, Cardiff"
2026-09-16,1987781,Oasis Cardiff Catering,Mobile caterer,69 Splott Road,Splott,Cardiff,,CF24 2BW,Cardiff,AwaitingInspection,,FHRS,False,,,"69 Splott Road, Splott, Cardiff, CF24 2BW"
2026-09-16,1987877,She Shucks,Mobile caterer,,,,,,Brighton and Hove,AwaitingInspection,,FHRS,False,,,
2026-09-16,1987875,Smash And Dash,Mobile caterer,Moulsecoomb Railway Station,Queensdown School Road,Brighton,,BN2 4GP,Brighton and Hove,AwaitingInspection,,FHRS,False,,,"Moulsecoomb Railway Station, Queensdown School Road, Brighton, BN2 4GP"
2026-09-16,1930869,Peshang hersh hassan,Mobile caterer,,,,,,Rotherham,AwaitingInspection,,FHRS,False,,,
2026-09-17,1988224,McKenzie Ices,Mobile caterer,,,,,,North Tyneside,5,2026-09-09,FHRS,False,,,
2026-09-17,1988357,56 Chaupati,Mobile caterer,Fenwick 27 The Avenue,,Bracknell,Bracknell Forest,RG12 1BD,Bracknell Forest,AwaitingInspection,,FHRS,False,,,"Fenwick 27 The Avenue, Bracknell, Bracknell Forest, RG12 1BD"
2026-09-17,1988386,Downtown Deli,Mobile caterer,,,,,,Eastbourne,AwaitingInspection,,FHRS,False,,,
2026-09-17,1988385,Field and Fire Bushcraft,Mobile caterer,,,,,,Eastbourne,AwaitingInspection,,FHRS,False,,,
2026-09-17,1988618,Mummas Kitchen,Mobile caterer,ROSS WAY,,FOLKESTONE,,,Folkestone and Hythe,AwaitingInspection,,FHRS,False,,,"ROSS WAY, FOLKESTONE"
2026-09-17,1988613,Whitecup,Mobile caterer,,,,,,Folkestone and Hythe,AwaitingInspection,,FHRS,False,,,
2026-09-17,1988404,AYD GRILL N GO,Mobile caterer,119 James Turner Street,Birmingham,,,B18 4ND,Birmingham,AwaitingInspection,,FHRS,False,,,"119 James Turner Street, Birmingham, B18 4ND"
2026-09-17,1988442,Brum Cafe Ltd,Mobile caterer,90 Digbeth,Birmingham,,,B5 6DY,Birmingham,AwaitingInspection,,FHRS,False,,,"90 Digbeth, Birmingham, B5 6DY"
2026-09-17,1988547,Carsons Castles / Carsons Cafe / Carsons Events LTD,Mobile caterer,Unit 4,1 Catherine Street,Birmingham,,B6 5RS,Birmingham,5,2026-09-10,FHRS,False,,,"Unit 4, 1 Catherine Street, Birmingham, B6 5RS"
2026-09-17,1988433,Ccs Sweet Ting,Mobile caterer,329 Cooks Lane,Birmingham,,,B37 6PB,Birmingham,AwaitingInspection,,FHRS,False,,,"329 Cooks Lane, Birmingham, B37 6PB"
2026-09-17,1988568,D1kitchen,Mobile caterer,Ward End Park,Washwood Heath Road,Birmingham,,B8 2HB,Birmingham,AwaitingInspection,,FHRS,False,,,"Ward End Park, Washwood Heath Road, Birmingham, B8 2HB"
2026-09-17,1988414,East Streat,Mobile caterer,499-501 Coventry Road,Birmingham,,,B10 0JS,Birmingham,AwaitingInspection,,FHRS,False,,,"499-501 Coventry Road, Birmingham, B10 0JS"
2026-09-17,1988453,Fusion drinks,Mobile caterer,430 Alum Rock Road,Birmingham,,,B8 3HT,Birmingham,AwaitingInspection,,FHRS,False,,,"430 Alum Rock Road, Birmingham, B8 3HT"
2026-09-17,1988541,Gaz catering - Desi Khana,Mobile caterer,33 Holte Road,Perry Barr,Birmingham,,B6 6RS,Birmingham,AwaitingInspection,,FHRS,False,,,"33 Holte Road, Perry Barr, Birmingham, B6 6RS"
2026-09-17,1988556,Kaffeinated Club,Mobile caterer,619 Aldridge Road,Oscott,Birmingham,,B44 8NB,Birmingham,AwaitingInspection,,FHRS,False,,,"619 Aldridge Road, Oscott, Birmingham, B44 8NB"
2026-09-17,1988525,Kaur Coffee Co.,Mobile caterer,114  Station Road,Moseley And Kings Heath,Birmingham,,B14 7SR,Birmingham,AwaitingInspection,,FHRS,False,,,"114  Station Road, Moseley And Kings Heath, Birmingham, B14 7SR"
2026-09-17,1988458,Khan tea stall,Mobile caterer,768 Stratford Road,Springfield,Birmingham,,B11 4BP,Birmingham,AwaitingInspection,,FHRS,False,,,"768 Stratford Road, Springfield, Birmingham, B11 4BP"
2026-09-17,1988435,L'amore,Mobile caterer,1 Shetland Close,Birmingham,,,B16 0RF,Birmingham,AwaitingInspection,,FHRS,False,,,"1 Shetland Close, Birmingham, B16 0RF"
2026-09-17,1988534,Mallow Rd,Mobile caterer,46 Belgravia Close,Birmingham,,,B5 7LA,Birmingham,AwaitingInspection,,FHRS,False,,,"46 Belgravia Close, Birmingham, B5 7LA"
2026-09-17,1988563,Mellowsexpress,Mobile caterer,1 George Road,Stockland Green,Birmingham,,B23 7QE,Birmingham,AwaitingInspection,,FHRS,False,,,"1 George Road, Stockland Green, Birmingham, B23 7QE"
2026-09-17,1988443,MIXD,Mobile caterer,11 Grange Road,Nechells,Birmingham,,B10 9QF,Birmingham,AwaitingInspection,,FHRS,False,,,"11 Grange Road, Nechells, Birmingham, B10 9QF"
2026-09-17,1988483,PACCINOS,Mobile caterer,257 Golden Hillock Road,Birmingham,,,B11 2PJ,Birmingham,AwaitingInspection,,FHRS,False,,,"257 Golden Hillock Road, Birmingham, B11 2PJ"
2026-09-17,1988530,Q CHIDO,Mobile caterer,140 Hunters Road,Birmingham,,,B19 1EB,Birmingham,AwaitingInspection,,FHRS,False,,,"140 Hunters Road, Birmingham, B19 1EB"
2026-09-17,1988506,SmashNchaii,Mobile caterer,Unit 1,120 Fernley Road,Birmingham,,B11 3NL,Birmingham,AwaitingInspection,,FHRS,False,,,"Unit 1, 120 Fernley Road, Birmingham, B11 3NL"
2026-09-17,1988503,SN Street Food LTD,Mobile caterer,Old Public Toilets Adj. 1 College Road,Stratford Road,Sparkbrook,Birmingham,B11 4DA,Birmingham,AwaitingInspection,,FHRS,False,,,"Old Public Toilets Adj. 1 College Road, Stratford Road, Sparkbrook, Birmingham, B11 4DA"
2026-09-17,1988543,StreetServe,Mobile caterer,65 Glebe Farm Road,Birmingham,,,B33 9NP,Birmingham,AwaitingInspection,,FHRS,False,,,"65 Glebe Farm Road, Birmingham, B33 9NP"
2026-09-17,1988574,The Bournville Waffle Company,Mobile caterer,Unit F15,Hastingwood Industrial Park,Wood Lane,Birmingham,B24 9QR,Birmingham,AwaitingInspection,,FHRS,False,,,"Unit F15, Hastingwood Industrial Park, Wood Lane, Birmingham, B24 9QR"
2026-09-17,1988532,The Event Space,Mobile caterer,1 Corville Gardens,Birmingham,,,B26 3JU,Birmingham,AwaitingInspection,,FHRS,False,,,"1 Corville Gardens, Birmingham, B26 3JU"
2026-09-17,1988436,The Paradise Cart,Mobile caterer,14 Overton Grove,Birmingham,,,B27 7LP,Birmingham,AwaitingInspection,,FHRS,False,,,"14 Overton Grove, Birmingham, B27 7LP"
2026-09-17,1988469,The Rustic,Mobile caterer,102 Ridgacre Lane,Birmingham,,,B32 1PT,Birmingham,AwaitingInspection,,FHRS,False,,,"102 Ridgacre Lane, Birmingham, B32 1PT"
2026-09-17,1988489,The sweet secret,Mobile caterer,26 Derron Avenue,Birmingham,,,B26 1LA,Birmingham,AwaitingInspection,,FHRS,False,,,"26 Derron Avenue, Birmingham, B26 1LA"
2026-09-17,1988406,Urban Chaat Co.,Mobile caterer,736 Yardley Wood Road,Billesley,Birmingham,,B13 0JD,Birmingham,AwaitingInspection,,FHRS,False,,,"736 Yardley Wood Road, Billesley, Birmingham, B13 0JD"
2026-09-17,1988512,Wok Darbar,Mobile caterer,499-501 Coventry Road,Nechells,Birmingham,,B10 0JS,Birmingham,AwaitingInspection,,FHRS,False,,,"499-501 Coventry Road, Nechells, Birmingham, B10 0JS"
2026-09-17,1988410,Yeti Eats,Mobile caterer,Unit 10,Star City,Watson Road,Birmingham,B7 5SA,Birmingham,AwaitingInspection,,FHRS,False,,,"Unit 10, Star City, Watson Road, Birmingham, B7 5SA"
2026-09-17,1988540,Z C's Food,Mobile caterer,26 Larkspur Croft,Birmingham,,,B36 8QE,Birmingham,AwaitingInspection,,FHRS,False,,,"26 Larkspur Croft, Birmingham, B36 8QE"
2026-09-17,1988338,Bean There Drunk That,Mobile caterer,,,,,,Medway,AwaitingInspection,,FHRS,False,,,
2026-09-17,1988287,Soda Street,Mobile caterer,,,,,,Bradford,AwaitingInspection,,FHRS,False,,,
2026-09-17,1595614,The Coffee Plant,Mobile caterer,,,,,,Cheshire East,AwaitingInspection,,FHRS,False,,,
2026-09-17,1988328,Bramble - Artisan Coffee,Mobile caterer,,,,,,Solihull,AwaitingInspection,,FHRS,False,,,
2026-09-17,1988330,FYL,Mobile caterer,,,,,,Solihull,AwaitingInspection,,FHRS,False,,,
2026-09-17,1988595,FIVE FIELD FARM FOODS,Mobile caterer,Elm View Fivefield Road,,,Coventry,CV7 8JF,Coventry,AwaitingInspection,,FHRS,False,,,"Elm View Fivefield Road, Coventry, CV7 8JF"
2026-09-17,1988237,NOM NOM LTD,Mobile caterer,Holly Lodge Farm,Twycross Road,Sheepy Magna,Atherstone,CV9 3RT,Hinckley and Bosworth,AwaitingInspection,,FHRS,False,,,"Holly Lodge Farm, Twycross Road, Sheepy Magna, Atherstone, CV9 3RT"
2026-09-17,1988254,Scran Station,Mobile caterer,,Glasgow Road,Rutherglen,Glasgow,G73 1UZ,South Lanarkshire,Pass,2026-09-08,FHIS,False,,,"Glasgow Road, Rutherglen, Glasgow, G73 1UZ"
2026-09-17,1988258,Tea Pop,Mobile caterer,,9 Regent Drive,Rutherglen,Glasgow,G73 1BH,South Lanarkshire,Awaiting Inspection,,FHIS,False,,,"9 Regent Drive, Rutherglen, Glasgow, G73 1BH"
2026-09-17,1988184,The Pizza Point,Mobile caterer,,,,,,North Hertfordshire,AwaitingInspection,,FHRS,False,,,
2026-09-17,1988610,Millers Street Food Ltd,Mobile caterer,,,,,,York,AwaitingInspection,,FHRS,False,,,
2026-09-17,1988365,Cathys @ Pauls Farm,Mobile caterer,,,,,,South Ribble,AwaitingInspection,,FHRS,False,,,
2026-09-17,1988367,Really Awesome Coffee Leyland,Mobile caterer,,,,,,South Ribble,AwaitingInspection,,FHRS,False,,,
2026-09-17,1988366,The Copper Griddle,Mobile caterer,,,,,,South Ribble,5,2026-09-08,FHRS,False,,,
2026-09-17,1988170,Nancys Cafe,Mobile caterer,STREET RECORD,Station Road,East Tilbury,Essex,,Thurrock,AwaitingInspection,,FHRS,False,,,"STREET RECORD, Station Road, East Tilbury, Essex"
2026-09-17,1988207,The Big Softie,Mobile caterer,,,,,,Torbay,AwaitingInspection,,FHRS,False,,,
2026-09-17,1988606,Yummy Spuddy,Mobile caterer,,,,,,East Hertfordshire,AwaitingInspection,,FHRS,False,,,
2026-09-29,1991135,IHot,Mobile caterer,,,,,,Brentwood,AwaitingInspection,,FHRS,False,,,
2026-09-29,1989831,Cosy Food,Mobile caterer,,,,,,Winchester City,AwaitingInspection,,FHRS,False,,,
2026-09-29,1989837,Vistalba,Mobile caterer,,,,,,Winchester City,AwaitingInspection,,FHRS,False,,,
2026-09-29,1991664,Bumblebee Breakfast and Burgers,Mobile caterer,20 Warren Drive,,Prestatyn,,LL19 7HT,Sir Ddinbych,AwaitingInspection,,FHRS,False,53.3401789,-3.3958233,"20 Warren Drive, Prestatyn, LL19 7HT"
2026-09-29,1989977,Beans & Batter,Mobile caterer,,,,,,Broxtowe,AwaitingInspection,,FHRS,False,,,
2026-09-29,1990086,Dinners Powys,Mobile caterer,10 Sycamore Close,,Dinas Powys,Vale Of Glamorgan,CF64 4TG,Bro Morgannwg,AwaitingInspection,,FHRS,False,51.4299636,-3.2158901,"10 Sycamore Close, Dinas Powys, Vale Of Glamorgan, CF64 4TG"
2026-09-29,1092375,The Bearded Taco,Mobile caterer,,,,,,Bro Morgannwg,5,2026-09-12,FHRS,False,,,
2026-09-29,1992058,Pinoy Fusion,Mobile caterer,5 Heron Court,Cranes Farm Road,Basildon,Essex,SS14 3DF,Basildon,AwaitingInspection,,FHRS,False,,,"5 Heron Court, Cranes Farm Road, Basildon, Essex, SS14 3DF"
2026-09-29,1990639,Big Nap Pizza Co,Mobile caterer,,,,,,North Norfolk,AwaitingInspection,,FHRS,False,,,
2026-09-29,1712990,Coffeeright,Mobile caterer,,,,,,North Norfolk,5,2026-09-15,FHRS,False,,,
2026-09-29,1990632,The Pizza Box,Mobile caterer,,Unit 11,,Oakwell Business Enterprise Centre,S71 1HX,Barnsley,AwaitingInspection,,FHRS,False,53.5505798,-1.4633974,"Unit 11, Oakwell Business Enterprise Centre, S71 1HX"
2026-09-29,1989138,SABROSA AREPAS & CACHAPAS,Mobile caterer,,,,,,Waltham Forest,5,2026-09-10,FHRS,False,,,
2026-09-29,1989240,Doughnutters,Mobile caterer,,Gwent Square,Cwmbran,,NP44 1PS,Torfaen,AwaitingInspection,,FHRS,True,51.65440971,-3.0201089,"Gwent Square, Cwmbran, NP44 1PS"
2026-09-29,1989237,Valley Street Kitchen,Mobile caterer,,,,,,Torfaen,AwaitingInspection,,FHRS,False,,,
2026-09-29,1991913,BAO SELECTA,Mobile caterer,2 Franklen Road,Whitchurch,Cardiff,,CF14 1HR,Caerdydd,AwaitingInspection,,FHRS,False,51.5090012,-3.2064165,"2 Franklen Road, Whitchurch, Cardiff, CF14 1HR"
2026-09-29,1990079,Pig & Loaf,Mobile caterer,,,,,,Caerdydd,AwaitingInspection,,FHRS,False,,,
2026-09-29,1990064,Sweet Jamaica,Mobile caterer,237 Cowbridge Road West,Caerau,Cardiff,,CF5 5TD,Caerdydd,AwaitingInspection,,FHRS,False,51.4754801,-3.2492051,"237 Cowbridge Road West, Caerau, Cardiff, CF5 5TD"
2026-09-29,1990494,City diner,Mobile caterer,,,,,,Luton,AwaitingInspection,,FHRS,False,,,
2026-09-29,1990914,Coffee Bhai,Mobile caterer,,,,,,Croydon,AwaitingInspection,,FHRS,False,,,
2026-09-29,1959977,Jawa Cuisine & Cafe,Mobile caterer,,,,,,Croydon,5,2026-09-12,FHRS,False,,,
2026-09-29,1988935,The Smoking Butler,Mobile caterer,,,,,,Croydon,AwaitingInspection,,FHRS,False,,,
2026-09-29,1989974,Tea Palette,Mobile caterer,,,,,,Bolton,AwaitingInspection,,FHRS,False,,,
2026-09-29,1989768,Citrus Oasis,Mobile caterer,5 Claybrook Avenue,Braunstone Town,Leicester,Leicestershire,LE3 2GX,Blaby,AwaitingInspection,,FHRS,False,52.611553,-1.1724657,"5 Claybrook Avenue, Braunstone Town, Leicester, Leicestershire, LE3 2GX"
2026-09-29,1986757,Beast Of The Yeast,Mobile caterer,Farndon Marina,North End,Farndon,Newark On Trent,NG24 3SX,Newark and Sherwood,AwaitingInspection,,FHRS,False,53.0628008,-0.8529504,"Farndon Marina, North End, Farndon, Newark On Trent, NG24 3SX"
2026-09-29,1826904,Dough Brothers,Mobile caterer,,,,,,Windsor and Maidenhead,AwaitingInspection,,FHRS,False,,,
2026-09-29,1826902,Pizzeria Anto Ltd,Mobile caterer,,,,,,Windsor and Maidenhead,AwaitingInspection,,FHRS,False,,,
2026-09-29,1826899,Pyala Kebab Roll,Mobile caterer,,,,,,Windsor and Maidenhead,AwaitingInspection,,FHRS,False,,,
2026-09-29,1826896,The Smoke Chef,Mobile caterer,97 Whyteladyes Lane,Cookham,Maidenhead,,SL6 9LG,Windsor and Maidenhead,AwaitingInspection,,FHRS,False,51.5546875,-0.7321629,"97 Whyteladyes Lane, Cookham, Maidenhead, SL6 9LG"
2026-09-29,1992182,Brazil on Fire,Mobile caterer,,,,,,South Derbyshire,AwaitingInspection,,FHRS,False,,,
2026-09-29,1991082,Hot Wheels,Mobile caterer,Swansea University Bay Campus,Fabian Way,Crymlyn Burrows,Swansea,SA1 8EN,Neath Port Talbot,5,2026-08-21,FHRS,False,51.6188183,-3.8818936,"Swansea University Bay Campus, Fabian Way, Crymlyn Burrows, Swansea, SA1 8EN"
2026-09-29,1990597,Belle's Kitchen,Mobile caterer,,,,,,Babergh,5,2026-09-23,FHRS,False,,,
2026-09-29,1990595,The Humble Mushroom,Mobile caterer,,,,,,Babergh,AwaitingInspection,,FHRS,False,,,
2026-09-29,1991058,Majboos,Mobile caterer,,,,,,Oldham,AwaitingInspection,,FHRS,False,,,
2026-09-29,1795681,Super Snack,Mobile caterer,,,,,,Oldham,AwaitingInspection,,FHRS,False,,,
2026-09-29,1990717,Churros,Mobile caterer,,,,,,Redditch,5,2026-09-21,FHRS,False,,,
2026-09-29,1989171,Bouquet So Sweet,Mobile caterer,,,,,,Westmorland and Furness,AwaitingInspection,,FHRS,False,,,
2026-09-29,1989161,Subs and Spuds ltd,Mobile caterer,,7 Skiddaw Gardens,Barrow-In-Furness,Cumbria,LA14 4LZ,Westmorland and Furness,AwaitingInspection,,FHRS,False,54.1391864,-3.215356,"7 Skiddaw Gardens, Barrow-In-Furness, Cumbria, LA14 4LZ"
2026-09-29,1990809,Lady Of The Lake - On The Move,Mobile caterer,124 Bridge Road,Lowestoft,Suffolk,,NR33 9JT,East Suffolk,AwaitingInspection,,FHRS,False,52.472907,1.709837,"124 Bridge Road, Lowestoft, Suffolk, NR33 9JT"
2026-09-29,1990812,The Rolling Scone,Mobile caterer,,,,,,East Suffolk,AwaitingInspection,,FHRS,False,,,
2026-09-29,1315640,Deja Catering Ltd,Mobile caterer,,,,,,Stockton On Tees,AwaitingInspection,,FHRS,False,,,
2026-09-29,1990401,Davinos Bar,Mobile caterer,,,,,,Adur,AwaitingInspection,,FHRS,False,,,
2026-09-29,1762480,BKRY,Mobile caterer,47 CHURCH STREET,CAVERSHAM,READING,,RG4 8BA,Reading,5,2026-03-20,FHRS,False,51.4674649,-0.9741115,"47 CHURCH STREET, CAVERSHAM, READING, RG4 8BA"
2026-09-29,1990210,Bodrum Kebabs,Mobile caterer,,,,,,Reading,2,2025-11-18,FHRS,False,,,
2026-09-29,1701781,Chef Stevie's Caribbean Kitchen,Mobile caterer,15 HIGHBRIDGE CLOSE,CAVERSHAM,READING,,RG4 6PH,Reading,5,2026-03-03,FHRS,False,51.4781319,-0.9490166,"15 HIGHBRIDGE CLOSE, CAVERSHAM, READING, RG4 6PH"
2026-09-29,772173,Flip / Mostafa Elhamamy,Mobile caterer,35 BOLTON DRIVE,,SHINFIELD,,RG2 9RD,Reading,4,2026-04-07,FHRS,False,51.4057551,-0.9523788,"35 BOLTON DRIVE, SHINFIELD, RG2 9RD"
2026-09-29,1948450,Miss Sheila?s,Mobile caterer,,,,,,Reading,AwaitingInspection,,FHRS,False,,,
2026-09-29,1990744,Mogafresh,Mobile caterer,,,,,,Reading,AwaitingInspection,,FHRS,False,,,
2026-09-29,1990157,Robin's Caribbean Kitchen,Mobile caterer,Chichester Road Tilehurst,,Reading Berkshire,,RG30 4XE,Reading,4,2023-03-21,FHRS,False,,,"Chichester Road Tilehurst, Reading Berkshire, RG30 4XE"
2026-09-29,1990143,Spudski,Mobile caterer,GRAHAMS CRADOCK ROAD,,READING,,RG2 0JT,Reading,AwaitingInspection,,FHRS,False,,,"GRAHAMS CRADOCK ROAD, READING, RG2 0JT"
2026-09-29,1630565,Tutu's Food Truck,Mobile caterer,,,,,,Reading,5,2025-05-16,FHRS,False,,,
2026-09-29,1988750,Derwent Deli,Mobile caterer,Carvery And Grill Ltd Lydford Road Alfreton Derbyshire,,,,DE55 7RQ,Amber Valley,AwaitingInspection,,FHRS,False,,,"Carvery And Grill Ltd Lydford Road Alfreton Derbyshire, DE55 7RQ"
2026-09-29,1988751,The Wayfarer Wagon,Mobile caterer,Unit 2 Block 23 Greenhill Lane Industrial Estate Hill Top Road Riddings Alfreton Derbyshire,,,,DE55 4BR,Amber Valley,AwaitingInspection,,FHRS,False,53.0674865,-1.3698313,"Unit 2 Block 23 Greenhill Lane Industrial Estate Hill Top Road Riddings Alfreton Derbyshire, DE55 4BR"
2026-09-29,1989453,Sugar Shack 1,Mobile caterer,,,,,,Darlington,5,2026-09-16,FHRS,False,,,
2026-09-29,1991233,Apex Pizza Box,Mobile caterer,,,,Powys,SY21,Powys,AwaitingInspection,,FHRS,False,,,"Powys, SY21"
2026-09-29,1988637,BJ Layton & Co,Mobile caterer,,,,Powys,LD3,Powys,AwaitingInspection,,FHRS,False,,,"Powys, LD3"
2026-09-29,1991234,JenJens Little Kitchen,Mobile caterer,,,,Powys,LD1,Powys,AwaitingInspection,,FHRS,False,,,"Powys, LD1"
2026-09-29,1990780,Jude’s Lankan Junction,Mobile caterer,,,,,,Bromley,AwaitingInspection,,FHRS,False,,,
2026-09-29,1989208,Albert's Food Truck,Mobile caterer,Grouse Inn,Dale Road North,Darley Dale,Derbyshire,DE4 2FT,Derbyshire Dales,AwaitingInspection,,FHRS,False,53.1670709,-1.599287,"Grouse Inn, Dale Road North, Darley Dale, Derbyshire, DE4 2FT"
2026-09-29,1990215,D & J Catering,Mobile caterer,Sincil Bank Stadium,Sincil Bank,Lincoln,Lincolnshire,LN5 8LD,Lincoln City,AwaitingInspection,,FHRS,False,53.218352,-0.5408593,"Sincil Bank Stadium, Sincil Bank, Lincoln, Lincolnshire, LN5 8LD"
2026-09-29,1990333,Private Dining with Chef Grant,Mobile caterer,,,,,,Ashford,AwaitingInspection,,FHRS,False,,,
2026-09-29,1991298,Pye Of Norwich,Mobile caterer,,,,,,South Norfolk,AwaitingInspection,,FHRS,False,,,
2026-09-29,1990758,Hands Of Hope,Mobile caterer,,,,,,Stockport,AwaitingInspection,,FHRS,False,,,
2026-09-29,1990764,Roast N Roam,Mobile caterer,,,,,,Stockport,AwaitingInspection,,FHRS,False,,,
2026-09-29,1991785,Strathearn Food Co. - Grey Trailer,Mobile caterer,,,,,,Perth and Kinross,Pass,2026-09-17,FHIS,False,,,
2026-09-29,1991789,Strathearn Food Co. Pink Van,Mobile caterer,,,,,,Perth and Kinross,Pass,2024-07-17,FHIS,False,,,
2026-09-29,1991351,Batesons Bites,Mobile caterer,Street Record Forest Hill,,Mansfield,Nottinghamshire,,Mansfield,AwaitingInspection,,FHRS,False,,,"Street Record Forest Hill, Mansfield, Nottinghamshire"
2026-09-29,1991362,TJS Spuds N Baps,Mobile caterer,303 Chesterfield Road North,,Pleasley,Nottinghamshire,NG19 7QZ,Mansfield,AwaitingInspection,,FHRS,False,,,"303 Chesterfield Road North, Pleasley, Nottinghamshire, NG19 7QZ"
2026-09-29,1991082,Hot Wheels,Mobile caterer,Swansea University Bay Campus,Fabian Way,Crymlyn Burrows,Swansea,SA1 8EN,Castell-nedd Port Talbot,5,2026-08-21,FHRS,False,51.6188183,-3.8818936,"Swansea University Bay Campus, Fabian Way, Crymlyn Burrows, Swansea, SA1 8EN"
2026-09-29,1991241,Tiddly Drinks,Mobile caterer,,,,,,Bolsover,AwaitingInspection,,FHRS,False,,,
2026-09-29,1990241,Al's Kitchen,Mobile caterer,Al's Kitchen,Riverview,Dunaskin,Patna,KA6 7JH,East Ayrshire,Pass,2026-09-03,FHIS,False,,,"Al's Kitchen, Riverview, Dunaskin, Patna, KA6 7JH"
2026-09-29,1989780,iYi In - If You are Interested in,Mobile caterer,The Depot Workshop Premises Priors Down,,Stalbridge,Dorset,DT10 2RS,Dorset,AwaitingInspection,,FHRS,False,,,"The Depot Workshop Premises Priors Down, Stalbridge, Dorset, DT10 2RS"
2026-09-29,1989772,Paloma Coffee Club,Mobile caterer,,,,,,Dorset,AwaitingInspection,,FHRS,False,,,
2026-09-29,1991950,Cravin' Karbz,Mobile caterer,,,,,,Wolverhampton,AwaitingInspection,,FHRS,False,,,
2026-09-29,1989418,Maa Di Rasoi,Mobile caterer,,,,,,Wolverhampton,AwaitingInspection,,FHRS,False,,,
2026-09-29,1991844,Cheeky Burger,Mobile caterer,,,,,,Great Yarmouth,AwaitingInspection,,FHRS,False,,,
2026-09-29,1991858,Hasta La Pizza,Mobile caterer,,229 Northgate Street,Great Yarmouth,Norfolk,NR30 1BG,Great Yarmouth,AwaitingInspection,,FHRS,False,52.612474,1.726616,"229 Northgate Street, Great Yarmouth, Norfolk, NR30 1BG"
2026-09-29,1989844,Millar's Munchies,Mobile caterer,,6 Burghill Road,Southmead,Bristol,BS10 6NQ,Bristol,AwaitingInspection,,FHRS,False,51.5018505,-2.6146485,"6 Burghill Road, Southmead, Bristol, BS10 6NQ"
2026-09-29,1991693,Mr Gs,Mobile caterer,SWEB Estate,Romney Avenue,Lockleaze,Bristol,BS7 9ST,Bristol,AwaitingInspection,,FHRS,False,,,"SWEB Estate, Romney Avenue, Lockleaze, Bristol, BS7 9ST"
2026-09-29,1991683,Serranito,Mobile caterer,,,,,,Bristol,AwaitingInspection,,FHRS,False,,,
2026-09-29,1989853,Zak's Kitchen,Mobile caterer,,20 Holly Grove,Speedwell,Bristol,BS16 4LA,Bristol,AwaitingInspection,,FHRS,False,51.4728254,-2.51309,"20 Holly Grove, Speedwell, Bristol, BS16 4LA"
2026-09-29,1989341,Mobile Coffee 101,Mobile caterer,,,,,,North Warwickshire,AwaitingInspection,,FHRS,False,,,
2026-09-29,1991237,Pops Box,Mobile caterer,39A Cromwell Road,,Weeting,Norfolk,IP27 0QT,Breckland,AwaitingInspection,,FHRS,False,52.4713578,0.611533,"39A Cromwell Road, Weeting, Norfolk, IP27 0QT"
2026-09-29,1972121,Carn Side Coffee,Mobile caterer,,,,,,Cornwall,5,2026-09-18,FHRS,False,,,
2026-09-29,1935450,Foxes Feasts,Mobile caterer,Dents Auto Repairs,The CCs,Chapel Road,Foxhole,PL26 7UG,Cornwall,5,2026-09-21,FHRS,False,50.3543252,-4.8625805,"Dents Auto Repairs, The CCs, Chapel Road, Foxhole, PL26 7UG"
2026-09-29,1363718,The Cognitive Coffee Company,Mobile caterer,,,,,,Cornwall,AwaitingInspection,,FHRS,True,,,
2026-09-29,1989177,Dosa Dosa,Mobile caterer,,,,,,Welwyn Hatfield,AwaitingInspection,,FHRS,False,,,
2026-09-29,1977616,Bruins Bites,Mobile caterer,,,,,,Southend-On-Sea,5,2026-09-11,FHRS,False,,,
2026-09-29,1991279,Cafe Marcel,Mobile caterer,,,,,,Harlow,AwaitingInspection,,FHRS,False,,,
2026-09-29,1991288,TFS TRADING LTD,Mobile caterer,193 Joyners Field,Harlow,Essex,,CM18 7QD,Harlow,AwaitingInspection,,FHRS,False,51.7490251,0.0890973,"193 Joyners Field, Harlow, Essex, CM18 7QD"
2026-09-29,1991196,Doughlicious,Mobile caterer,,,,,,Fermanagh and Omagh,5,2026-08-18,FHRS,False,,,
2026-09-29,1989108,Brunch2Go,Mobile caterer,,,,,,Ashfield,AwaitingInspection,,FHRS,False,,,
2026-09-29,1989116,Carvery,Mobile caterer,,15a Springmeadow,,,NG17 9LH,Ashfield,AwaitingInspection,,FHRS,False,53.0919928,-1.276848,"15a Springmeadow, NG17 9LH"
2026-09-29,1989106,Sand Pit Stop,Mobile caterer,,Two Oaks Quarry,,,NG18 5BW,Ashfield,AwaitingInspection,,FHRS,False,,,"Two Oaks Quarry, NG18 5BW"
2026-09-29,1989117,Sprinkle and Swirl,Mobile caterer,,33 Victoria Street,,,NG16 6AX,Ashfield,AwaitingInspection,,FHRS,False,53.0754491,-1.2911861,"33 Victoria Street, NG16 6AX"
2026-09-29,1985860,Hall Serve Vending Machines,Mobile caterer,,,,,,Oadby and Wigston,AwaitingInspection,,FHRS,False,,,
2026-09-29,1990044,Gino's Pizza Cambridge Also T/A Gino's Pizza,Mobile caterer,,,,,,West Suffolk,AwaitingInspection,,FHRS,False,,,
2026-09-29,1990581,Niton Football Club,Mobile caterer,Springhead,Blackgang Road,Niton,Ventnor,PO38 2BW,Isle of Wight,AwaitingInspection,,FHRS,False,50.5871957,-1.2891945,"Springhead, Blackgang Road, Niton, Ventnor, PO38 2BW"
2026-09-29,1991303,Willow's Farm,Mobile caterer,,,,,,Broadland,AwaitingInspection,,FHRS,False,,,
2026-09-29,1988718,Forest Edge Coffee,Mobile caterer,,,,,,East Devon,AwaitingInspection,,FHRS,False,,,
2026-09-29,1990622,Daily Farm Fresh,Mobile caterer,,,,,,Swindon,AwaitingInspection,,FHRS,False,,,
2026-09-29,1991646,Blundell & Co Ltd,Mobile caterer,,,,,,South Kesteven,AwaitingInspection,,FHRS,False,,,
2026-09-29,1990086,Dinners Powys,Mobile caterer,10 Sycamore Close,,Dinas Powys,Vale Of Glamorgan,CF64 4TG,Vale of Glamorgan,AwaitingInspection,,FHRS,False,51.4299636,-3.2158901,"10 Sycamore Close, Dinas Powys, Vale Of Glamorgan, CF64 4TG"
2026-09-29,1092375,The Bearded Taco,Mobile caterer,,,,,,Vale of Glamorgan,5,2026-09-12,FHRS,False,,,
2026-09-29,1990409,Wrens Pizza,Mobile caterer,,,,,,North Somerset,AwaitingInspection,,FHRS,False,,,
2026-09-29,1992404,Atif sweet house,Mobile caterer,,1 Mayford Road,Manchester,,M19 3AT,Manchester,AwaitingInspection,,FHRS,False,,,"1 Mayford Road, Manchester, M19 3AT"
2026-09-29,1992554,Bit ov this Bit of that,Mobile caterer,,,,,,Manchester,AwaitingInspection,,FHRS,False,,,
2026-09-29,1992436,Caitlin's Cafe & Bakery,Mobile caterer,,,,,,Manchester,AwaitingInspection,,FHRS,False,,,
2026-09-29,1992503,Corn stop,Mobile caterer,,MARKET STREET,MANCHESTER,,,Manchester,AwaitingInspection,,FHRS,False,,,"MARKET STREET, MANCHESTER"
2026-09-29,1992455,Diaga Catering Limited,Mobile caterer,,,,,,Manchester,AwaitingInspection,,FHRS,False,,,
2026-09-29,1992497,haang4wan6,Mobile caterer,,,,,,Manchester,AwaitingInspection,,FHRS,False,,,
2026-09-29,1992416,Hearths Apothacary,Mobile caterer,,,,,,Manchester,AwaitingInspection,,FHRS,False,,,
2026-09-29,1992490,Lady Oriental,Mobile caterer,,,,,,Manchester,AwaitingInspection,,FHRS,False,,,
2026-09-29,1992421,Little Buns Co,Mobile caterer,Unit G,Ennis Close,Manchester,,M23 9LE,Manchester,AwaitingInspection,,FHRS,False,,,"Unit G, Ennis Close, Manchester, M23 9LE"
2026-09-29,1992501,Mr Corn ( king of street food) also T/as Lahore sweetcorn,Mobile caterer,,,,,,Manchester,AwaitingInspection,,FHRS,False,,,
2026-09-29,1992588,Mrwhippybros,Mobile caterer,,,,,,Manchester,AwaitingInspection,,FHRS,False,,,
2026-09-29,1992572,OLLY COFFEE,Mobile caterer,,,,,,Manchester,AwaitingInspection,,FHRS,False,,,
2026-09-29,1992542,Paddy's Coffee Co,Mobile caterer,CAR PARK,POLLARD STREET,MANCHESTER,,M4 7QE,Manchester,AwaitingInspection,,FHRS,False,,,"CAR PARK, POLLARD STREET, MANCHESTER, M4 7QE"
2026-09-29,1992616,PietrosGelati,Mobile caterer,,,,,,Manchester,AwaitingInspection,,FHRS,False,,,
2026-09-29,1992555,Punjabi social squad by Maba also T/as Maba,Mobile caterer,THE KITCHEN ARCH 7,TEMPERANCE STREET,MANCHESTER,,M12 6HR,Manchester,AwaitingInspection,,FHRS,False,,,"THE KITCHEN ARCH 7, TEMPERANCE STREET, MANCHESTER, M12 6HR"
2026-09-29,1992496,Rhythm of the Roast,Mobile caterer,,,,,,Manchester,AwaitingInspection,,FHRS,False,,,
2026-09-29,1992491,Sauces Fries,Mobile caterer,,NEW CATHEDRAL STREET,MANCHESTER,,M1 1AD,Manchester,AwaitingInspection,,FHRS,False,,,"NEW CATHEDRAL STREET, MANCHESTER, M1 1AD"
2026-09-29,1992476,Slush 2 also T/as B L Catering,Mobile caterer,,,,,,Manchester,5,2026-09-02,FHRS,False,,,
2026-09-29,1992390,Sourced,Mobile caterer,Flat 1,8 Keppel Road,Manchester,,M21 0AT,Manchester,AwaitingInspection,,FHRS,False,,,"Flat 1, 8 Keppel Road, Manchester, M21 0AT"
2026-09-29,1992505,Spud diva,Mobile caterer,,4 HARDMAN SQUARE,MANCHESTER,,M3 3EB,Manchester,AwaitingInspection,,FHRS,False,,,"4 HARDMAN SQUARE, MANCHESTER, M3 3EB"
2026-09-29,1992418,Sweet house,Mobile caterer,,21 Mayford Road,Manchester,,M19 3AT,Manchester,AwaitingInspection,,FHRS,False,,,"21 Mayford Road, Manchester, M19 3AT"
2026-09-29,1992618,The Mill Exchange also T/as The Fa La La Bar,Mobile caterer,Southmoor Industrial Estate,1 Exchange Square,Manchester,,M3 1BD,Manchester,AwaitingInspection,,FHRS,False,,,"Southmoor Industrial Estate, 1 Exchange Square, Manchester, M3 1BD"
2026-09-29,1992423,Zip World Ltd,Mobile caterer,Zip World,Heaton Park,Manchester,,M25 2GT,Manchester,AwaitingInspection,,FHRS,False,,,"Zip World, Heaton Park, Manchester, M25 2GT"
2026-09-29,1990834,Ez Squeezie,Mobile caterer,,,,,,Bassetlaw,5,2026-09-17,FHRS,False,,,
2026-09-29,1990831,Rollin Dough,Mobile caterer,,,,,,Bassetlaw,AwaitingInspection,,FHRS,False,,,
2026-09-29,1985398,Aroma,Mobile caterer,,,,,,Buckinghamshire,5,2026-07-21,FHRS,False,,,
2026-09-29,1989348,Enemiestobestsellers,Mobile caterer,,,,,,Buckinghamshire,AwaitingInspection,,FHRS,False,,,
2026-09-29,1989354,Kellys Catering,Mobile caterer,,,,,,Buckinghamshire,AwaitingInspection,,FHRS,False,,,
2026-09-29,1991574,MeatySmoke,Mobile caterer,,,,,,Buckinghamshire,AwaitingInspection,,FHRS,False,,,
2026-09-29,1991571,Tiger Milk,Mobile caterer,,,,,,Buckinghamshire,AwaitingInspection,,FHRS,False,,,
2026-09-29,1990398,Cloud 9 Coffee,Mobile caterer,,,,,,Worthing,AwaitingInspection,,FHRS,False,,,
2026-09-29,1990392,Woody's Mobile Bar,Mobile caterer,,,,,,Worthing,AwaitingInspection,,FHRS,False,,,
2026-09-29,1988917,Bassett Burgers & Kebabs,Mobile caterer,,,,,,Wiltshire,AwaitingInspection,,FHRS,False,,,
2026-09-29,1988922,Frosty Rollers,Mobile caterer,,,,,,Wiltshire,AwaitingInspection,,FHRS,False,,,
2026-09-29,262194,Peter Symonds,Mobile caterer,,,,,,Wiltshire,5,2024-02-22,FHRS,False,,,
2026-09-29,1989086,Burger Carnage,Mobile caterer,,,,,,Castle Point,AwaitingInspection,,FHRS,False,,,
2026-09-29,687982,Candys Ice Cream,Mobile caterer,,,,,,Castle Point,5,2026-08-10,FHRS,False,,,
2026-09-29,1989716,Bloomfield Tuck Shop,Mobile caterer,,,8 Houston Park,Belfast,BT5 6AT,Belfast City,AwaitingInspection,,FHRS,False,,,"8 Houston Park, Belfast, BT5 6AT"
2026-09-29,1991462,The Grill,Mobile caterer,,,49 East Bridge Street,Belfast,BT1 3NR,Belfast City,AwaitingInspection,,FHRS,False,54.595531463623,-5.91690015792847,"49 East Bridge Street, Belfast, BT1 3NR"
2026-09-29,1988940,Outlandish Coffee PH07 TUB,Mobile caterer,,,,,,Falkirk,Awaiting Inspection,,FHIS,False,,,
2026-09-29,1990279,Doner 2 You,Mobile caterer,,,,,,Enfield,AwaitingInspection,,FHRS,False,,,
2026-09-29,1991609,Chef Cisco Events - Chef Ciscos Sushi Ltd,Mobile caterer,,,,,,Norwich City,AwaitingInspection,,FHRS,False,,,
2026-09-29,1991610,FTK,Mobile caterer,70 Aylsham Road,Norwich,,,NR3 2HE,Norwich City,AwaitingInspection,,FHRS,False,52.6429178,1.2860895,"70 Aylsham Road, Norwich, NR3 2HE"
2026-09-29,1988762,The Gourmet Grill,Mobile caterer,,,,,,Norwich City,AwaitingInspection,,FHRS,False,,,
2026-09-29,1988764,The Romanian Table,Mobile caterer,,,,,,Norwich City,AwaitingInspection,,FHRS,False,,,
2026-09-29,1990903,The Food Stamp,Mobile caterer,The Food Stamp St Albans Brick Knoll Park,Ashley Road,St Albans,Hertfordshire,AL1 5UG,St Albans City,AwaitingInspection,,FHRS,True,,,"The Food Stamp St Albans Brick Knoll Park, Ashley Road, St Albans, Hertfordshire, AL1 5UG"
2026-09-29,1924127,The Food Pod,Mobile caterer,,,,,,Tameside,5,2026-09-14,FHRS,False,,,
2026-09-29,1989135,Vault 2 Events,Mobile caterer,,,,,,Tameside,AwaitingInspection,,FHRS,False,,,
2026-09-29,1580066,Edwards Catering Services,Mobile caterer,,6a Fairfields,,Chertsey,KT16 8EA,Runnymede,AwaitingInspection,,FHRS,False,51.385315,-0.4981295,"6a Fairfields, Chertsey, KT16 8EA"
2026-09-29,1991137,Mummas Mews,Mobile caterer,,,,,,Runnymede,AwaitingInspection,,FHRS,False,,,
2026-09-29,1989069,Scandilicious,Mobile caterer,,,,,,Runnymede,AwaitingInspection,,FHRS,False,,,
2026-09-29,1991233,Apex Pizza Box,Mobile caterer,,,,Powys,SY21,Powys,AwaitingInspection,,FHRS,False,,,"Powys, SY21"
2026-09-29,1988637,BJ Layton & Co,Mobile caterer,,,,Powys,LD3,Powys,AwaitingInspection,,FHRS,False,,,"Powys, LD3"
2026-09-29,1991234,JenJens Little Kitchen,Mobile caterer,,,,Powys,LD1,Powys,AwaitingInspection,,FHRS,False,,,"Powys, LD1"
2026-09-29,1991657,C & S Security Services,Mobile caterer,The Meeting Place,The Showrooms,Spital Mill Spital Lane,Chesterfield,S41 0EX,Chesterfield,AwaitingInspection,,FHRS,False,,,"The Meeting Place, The Showrooms, Spital Mill Spital Lane, Chesterfield, S41 0EX"
2026-09-29,1989881,Diy Cheesecake & More,Mobile caterer,,,,,,King's Lynn and West Norfolk,AwaitingInspection,,FHRS,False,,,
2026-09-29,1989880,Fries Before Guys,Mobile caterer,,,,,,King's Lynn and West Norfolk,AwaitingInspection,,FHRS,False,,,
2026-09-29,1989884,The Little Loaded Kitchen,Mobile caterer,,,,,,King's Lynn and West Norfolk,AwaitingInspection,,FHRS,False,,,
2026-09-29,1990355,Funky Catering Co (REG NDG 144P ),Mobile caterer,,,,,,Redcar and Cleveland,AwaitingInspection,,FHRS,False,,,
2026-09-29,1990538,Chai Dhabbah,Mobile caterer,,,,,,Wakefield,AwaitingInspection,,FHRS,False,,,
2026-09-29,1990543,Nazcase,Mobile caterer,,,,,,Wakefield,AwaitingInspection,,FHRS,False,,,
2026-09-29,1990539,The Garden Shed,Mobile caterer,,,,,,Wakefield,AwaitingInspection,,FHRS,False,,,
2026-09-29,1990568,Vibe 'n' ice,Mobile caterer,,14 New Barn Lane,Rochdale,Lancashire,OL11 3QB,Rochdale,AwaitingInspection,,FHRS,False,53.6048014,-2.1677534,"14 New Barn Lane, Rochdale, Lancashire, OL11 3QB"
2026-09-29,1989752,LEESWOOD 18,Mobile caterer,,,,,,Sir y Fflint,AwaitingInspection,,FHRS,False,,,
2026-09-29,1991594,Coffee by Ella,Mobile caterer,Unit 12a Pant Industrial Estate,Pant,Merthyr Tydfil,,CF48 2SR,Merthyr Tudful,AwaitingInspection,,FHRS,False,51.7691571,-3.3685152,"Unit 12a Pant Industrial Estate, Pant, Merthyr Tydfil, CF48 2SR"
2026-09-29,1991977,Ribble Valley Pizza Co,Mobile caterer,,,,,,Ribble Valley,5,2026-09-24,FHRS,False,,,
2026-09-29,1991065,Woodly Coffee,Mobile caterer,,,,,,Abertawe,AwaitingInspection,,FHRS,False,,,
2026-09-29,1990572,Crave Wagon,Mobile caterer,,,,,,Cheshire East,AwaitingInspection,,FHRS,False,,,
2026-09-29,1989023,Pour Mcr Ltd,Mobile caterer,,,,,,Salford,5,2026-09-16,FHRS,False,,,
2026-09-29,1990326,Crumbled,Mobile caterer,,,,,,East Riding of Yorkshire,AwaitingInspection,,FHRS,False,,,
2026-09-29,1991879,Asian Famous Fusion,Mobile caterer,,,,,,Newham,AwaitingInspection,,FHRS,False,,,
2026-09-29,1862676,Margo's Jerk Grill Ltd,Mobile caterer,,,,,,Newham,AwaitingInspection,,FHRS,True,,,
2026-09-29,1991378,Bangin’ Coffee Ltd,Mobile caterer,,,,,,Sandwell,AwaitingInspection,,FHRS,False,,,
2026-09-29,1991371,Blacktop Steaks,Mobile caterer,,,,,,Sandwell,AwaitingInspection,,FHRS,False,,,
2026-09-29,1960769,EveMariesFlavourz,Mobile caterer,,,,,,Sandwell,AwaitingInspection,,FHRS,False,,,
2026-09-29,1991410,The Good Dough,Mobile caterer,,,,,,Guildford,AwaitingInspection,,FHRS,False,,,
2026-09-29,1988892,Paigeyy's Sip & Slush (MCA),Mobile caterer,,,,,,Islington,AwaitingInspection,,FHRS,False,,,
2026-09-29,1988896,Right Choice Caribbean Caterers,Mobile caterer,Right Choice Caribbean Caterers,St Mary's Church,Upper Street,London,N1 2TX,Islington,AwaitingInspection,,FHRS,False,,,"Right Choice Caribbean Caterers, St Mary's Church, Upper Street, London, N1 2TX"
2026-09-29,1990047,Holy Fire,Mobile caterer,,,,,,Maldon,AwaitingInspection,,FHRS,False,,,
2026-09-29,1988688,Belfast Original Tea Tours,Mobile caterer,,,,,,Lisburn and Castlereagh City,AwaitingInspection,,FHRS,False,,,
2026-09-29,1988684,SOPLÁ,Mobile caterer,,,,,,Lisburn and Castlereagh City,AwaitingInspection,,FHRS,False,,,
2026-09-29,1988679,The Jolly Trolley,Mobile caterer,69 Drumbeg Drive,,Lisburn,,Bt28 1NY,Lisburn and Castlereagh City,AwaitingInspection,,FHRS,False,54.5046942,-6.0656399,"69 Drumbeg Drive, Lisburn, Bt28 1NY"
2026-09-29,1989097,Coles Kitchen,Mobile caterer,1 Meadowlands,March,Cambridgeshire,,PE15 8HA,Fenland,AwaitingInspection,,FHRS,False,52.5583746,0.0685864,"1 Meadowlands, March, Cambridgeshire, PE15 8HA"
2026-09-29,1990878,Oliver’s Cafe,Mobile caterer,,,,,,Nuneaton and Bedworth,AwaitingInspection,,FHRS,False,,,
2026-09-29,1989752,LEESWOOD 18,Mobile caterer,,,,,,Flintshire,AwaitingInspection,,FHRS,False,,,
2026-09-29,1990646,Owl Town,Mobile caterer,Charis House,1 Central Way,Altrincham,,WA14 1SB,Trafford,AwaitingInspection,,FHRS,False,53.386246,-2.351072,"Charis House, 1 Central Way, Altrincham, WA14 1SB"
2026-09-29,1990644,The Palm Tree Bar,Mobile caterer,,34 Brindley Road,Manchester,,M16 9HQ,Trafford,AwaitingInspection,,FHRS,False,53.4654426,-2.2722975,"34 Brindley Road, Manchester, M16 9HQ"
2026-09-29,1990520,Coffee Angels,Mobile caterer,,,,,,Ards and North Down,AwaitingInspection,,FHRS,False,,,
2026-09-29,1990530,MR POTATO HEAD,Mobile caterer,,,,,,Ards and North Down,AwaitingInspection,,FHRS,False,,,
2026-09-29,1990519,Paparella Panzerotti,Mobile caterer,,,,,,Ards and North Down,AwaitingInspection,,FHRS,False,,,
2026-09-29,1990317,Tracy's Baps,Mobile caterer,,22 Thwaites,Keighley,,BD21 4NG,Bradford,AwaitingInspection,,FHRS,False,53.8683311,-1.8869158,"22 Thwaites, Keighley, BD21 4NG"
2026-09-29,1991500,Mimi's,Mobile caterer,,,,,,Charnwood,AwaitingInspection,,FHRS,False,,,
2026-09-29,1288963,Garma concept ltd,Mobile caterer,,,,,,Hillingdon,AwaitingInspection,,FHRS,False,,,
2026-09-29,1989219,Prime Sushi Co.,Mobile caterer,1a Whitby Parade,Whitby Road,,Ruislip,HA4 9EA,Hillingdon,AwaitingInspection,,FHRS,False,51.567929,-0.3960471,"1a Whitby Parade, Whitby Road, Ruislip, HA4 9EA"
2026-09-29,1991979,LW Catering,Mobile caterer,,,,,,North Yorkshire,AwaitingInspection,,FHRS,False,,,
2026-09-29,1989895,Sally’s Snack Shack,Mobile caterer,,,,,,North Yorkshire,AwaitingInspection,,FHRS,False,,,
2026-09-29,1989896,Shelly from the deli,Mobile caterer,,,,,,North Yorkshire,AwaitingInspection,,FHRS,False,,,
2026-09-29,1988776,250grammilondon,Mobile caterer,Flat 42 Yeoman Court,15 Tweed Walk,London,,E14 6TP,Tower Hamlets,AwaitingInspection,,FHRS,False,51.5208264,-0.0108494,"Flat 42 Yeoman Court, 15 Tweed Walk, London, E14 6TP"
2026-09-29,1988774,Snack&Roll,Mobile caterer,Flat 13 Brunswick House,2 New Goulston Street,London,,E1 7PR,Tower Hamlets,AwaitingInspection,,FHRS,False,51.5160419,-0.0749668,"Flat 13 Brunswick House, 2 New Goulston Street, London, E1 7PR"
2026-09-29,1988769,Taste of Snow,Mobile caterer,,26 Blyth Close,London,,E14 3DU,Tower Hamlets,AwaitingInspection,,FHRS,False,51.4919925,-0.0054216,"26 Blyth Close, London, E14 3DU"
2026-09-29,1989186,Lick It Lolly's,Mobile caterer,The Ship Inn,Sea Lane,Ingoldmells,Lincolnshire,PE25 1NU,East Lindsey,5,2026-09-17,FHRS,False,53.1934522,0.3349821,"The Ship Inn, Sea Lane, Ingoldmells, Lincolnshire, PE25 1NU"
2026-09-29,1992192,The Layby Lincs,Mobile caterer,Glamping Site At,Mill Lane Farmhouse,Mill Lane,Irby in the Marsh,PE24 5BB,East Lindsey,5,2026-09-24,FHRS,False,,,"Glamping Site At, Mill Lane Farmhouse, Mill Lane, Irby in the Marsh, PE24 5BB"
2026-09-29,1992082,Food Fusion,Mobile caterer,,,,,,South Gloucestershire,AwaitingInspection,,FHRS,False,,,
2026-09-29,1992085,Pi,Mobile caterer,,,,,,South Gloucestershire,AwaitingInspection,,FHRS,False,,,
2026-09-29,1989704,The Breakfast Box,Mobile caterer,,,,,,South Gloucestershire,AwaitingInspection,,FHRS,False,,,
2026-09-29,1991152,61A,Mobile caterer,3 Maddan Road,Tamlaght,Armagh,Armagh,BT60 3LN,"Armagh City, Banbridge and Craigavon",AwaitingInspection,,FHRS,False,54.290522,-6.772487,"3 Maddan Road, Tamlaght, Armagh, Armagh, BT60 3LN"
2026-09-29,1991158,Amsy’s Chippy Van,Mobile caterer,10 Nursery Road,Corporation,Armagh,Armagh,BT60 4BL,"Armagh City, Banbridge and Craigavon",AwaitingInspection,,FHRS,False,54.3468044,-6.6662069,"10 Nursery Road, Corporation, Armagh, Armagh, BT60 4BL"
2026-09-29,1991150,Barista Express 2,Mobile caterer,169 Mowhan Road,Drumgane,Markethill,Armagh,BT60 1RR,"Armagh City, Banbridge and Craigavon",AwaitingInspection,,FHRS,False,54.2724652,-6.5116928,"169 Mowhan Road, Drumgane, Markethill, Armagh, BT60 1RR"
2026-09-29,1991155,Copperfield Catering,Mobile caterer,,,,,,"Armagh City, Banbridge and Craigavon",AwaitingInspection,,FHRS,False,,,
2026-09-29,1991149,Southern Fried Chicken,Mobile caterer,,,,,,"Armagh City, Banbridge and Craigavon",AwaitingInspection,,FHRS,False,,,
2026-09-29,1989857,BEE.SMASHED,Mobile caterer,Alexandra Hotel Alexandra Hotel Alexandra View,,Darwen,Blackburn With Darwen,BB3 1NL,Blackburn,AwaitingInspection,,FHRS,False,53.700343,-2.4768715,"Alexandra Hotel Alexandra Hotel Alexandra View, Darwen, Blackburn With Darwen, BB3 1NL"
2026-09-29,1991312,C & M Fish Ltd,Mobile caterer,,,,,,North East Lincolnshire,5,2021-09-02,FHRS,False,,,
2026-09-29,1990602,Belle's Kitchen,Mobile caterer,,,,,,Mid Suffolk,5,2026-09-23,FHRS,False,,,
2026-09-29,1962389,Catering Kreationz,Mobile caterer,,,,,,Bath and North East Somerset,5,2026-09-01,FHRS,False,,,
2026-09-29,1971722,Roast And Ripple,Mobile caterer,,,,,,Bath and North East Somerset,5,2026-09-14,FHRS,False,,,
2026-09-29,1990815,Tibetan Memories,Mobile caterer,,,,,,Somerset,AwaitingInspection,,FHRS,False,,,
2026-09-29,1984454,500Coffee,Mobile caterer,,,,,,Basingstoke and Deane,AwaitingInspection,,FHRS,False,,,
2026-09-29,1956379,Dough & Co,Mobile caterer,,,,,,Basingstoke and Deane,AwaitingInspection,,FHRS,False,,,
2026-09-29,1989992,Sips,Mobile caterer,,,,,,Basingstoke and Deane,AwaitingInspection,,FHRS,False,,,
2026-09-29,1991934,Season Box,Mobile caterer,,,,,,North Devon,AwaitingInspection,,FHRS,False,,,
2026-09-29,1991929,The Canopy,Mobile caterer,Twitchen Holiday Park,Mortehoe,Woolacombe,Devon,EX34 7ES,North Devon,5,2026-09-22,FHRS,False,51.1826177,-4.1977836,"Twitchen Holiday Park, Mortehoe, Woolacombe, Devon, EX34 7ES"
2026-09-29,1991933,The Keg and Roaster,Mobile caterer,,,,,,North Devon,AwaitingInspection,,FHRS,False,,,
2026-09-29,1990918,Bouncin' Bistro,Mobile caterer,,,,,,Tonbridge and Malling,AwaitingInspection,,FHRS,False,,,
2026-09-29,1990935,Bunlayers At Bricklayers,Mobile caterer,Bricklayers Arms,440 New Hythe Lane,Larkfield,Aylesford,ME20 6SA,Tonbridge and Malling,AwaitingInspection,,FHRS,False,51.310546,0.448573,"Bricklayers Arms, 440 New Hythe Lane, Larkfield, Aylesford, ME20 6SA"
2026-09-29,1990934,Hop And Haze,Mobile caterer,,,,,,Tonbridge and Malling,AwaitingInspection,,FHRS,False,,,
2026-09-29,1990922,Smashers And More,Mobile caterer,,,,,,Tonbridge and Malling,AwaitingInspection,,FHRS,False,,,
2026-09-29,1992070,Bilbo’s Travelling Tavern,Mobile caterer,Shiplake Paddocks Mill Lane,,Shiplake,,RG9 4BJ,South Oxfordshire,AwaitingInspection,,FHRS,False,,,"Shiplake Paddocks Mill Lane, Shiplake, RG9 4BJ"
2026-09-29,1992073,Happy Food Co,Mobile caterer,Braziers Park Adult College,Ipsden,Wallingford Oxon,,OX10 6AN,South Oxfordshire,AwaitingInspection,,FHRS,False,,,"Braziers Park Adult College, Ipsden, Wallingford Oxon, OX10 6AN"
2026-09-29,1992078,Str-eat,Mobile caterer,Little Baldon House Little Baldon,Marsh Baldon,Oxford,,OX44 9PU,South Oxfordshire,AwaitingInspection,,FHRS,False,,,"Little Baldon House Little Baldon, Marsh Baldon, Oxford, OX44 9PU"
2026-09-29,1989240,Doughnutters,Mobile caterer,,Gwent Square,Cwmbran,,NP44 1PS,Torfaen,AwaitingInspection,,FHRS,True,51.65440971,-3.0201089,"Gwent Square, Cwmbran, NP44 1PS"
2026-09-29,1989237,Valley Street Kitchen,Mobile caterer,,,,,,Torfaen,AwaitingInspection,,FHRS,False,,,
2026-09-29,1991065,Woodly Coffee,Mobile caterer,,,,,,Swansea,AwaitingInspection,,FHRS,False,,,
2026-09-29,1713396,Intellectium,Mobile caterer,,,,,,Tandridge,5,2026-09-23,FHRS,False,,,
2026-09-29,1989293,The Carriage,Mobile caterer,Lingfield Railway Station,Lingfield,,Surrey,RH7 6EF,Tandridge,AwaitingInspection,,FHRS,False,51.1764312,-0.0072098,"Lingfield Railway Station, Lingfield, Surrey, RH7 6EF"
2026-09-29,1990019,OX PITA Lebanese \& Middle Eastern Food,Mobile caterer,,,,,,Oxford City,AwaitingInspection,,FHRS,False,,,
2026-09-29,1989699,Golden & Glazed Co,Mobile caterer,,,,,,Peterborough City,AwaitingInspection,,FHRS,False,,,
2026-09-29,1989701,Sora,Mobile caterer,,,,,,Peterborough City,AwaitingInspection,,FHRS,False,,,
2026-09-29,1990547,Attilios,Mobile caterer,,,,,,Wirral,5,2026-09-15,FHRS,False,,,
2026-09-29,1990249,Harding-Earley.co,Mobile caterer,,,,,,Leeds,AwaitingInspection,,FHRS,False,,,
2026-09-29,1990258,Sisi J Grills On Wheels,Mobile caterer,NFF Enterprises Ltd,Unit 8A Yard,Curtis House Business Centre,Berking Avenue,LS9 9LF,Leeds,AwaitingInspection,,FHRS,False,53.7974542,-1.5183419,"NFF Enterprises Ltd, Unit 8A Yard, Curtis House Business Centre, Berking Avenue, LS9 9LF"
2026-09-29,1990247,Spuddy Is Your Buddy,Mobile caterer,,,,,,Leeds,AwaitingInspection,,FHRS,False,,,
2026-09-29,1989103,BPM Brew,Mobile caterer,,,,,,Portsmouth,AwaitingInspection,,FHRS,False,,,
2026-09-29,1991720,Sf Catering Events,Mobile caterer,234 Fratton Road,Portsmouth,,,PO1 5HH,Portsmouth,AwaitingInspection,,FHRS,False,,,"234 Fratton Road, Portsmouth, PO1 5HH"
2026-09-29,1989105,The Portside Hut,Mobile caterer,Port Solent Open Space,Marina Keep,Portsmouth,,PO6 4TH,Portsmouth,AwaitingInspection,,FHRS,False,,,"Port Solent Open Space, Marina Keep, Portsmouth, PO6 4TH"
2026-09-29,1991721,Unhinged Coffee Company,Mobile caterer,,,,,,Portsmouth,AwaitingInspection,,FHRS,False,,,
2026-09-29,1928577,The Devil's Pantry,Mobile caterer,,,,,,Medway,AwaitingInspection,,FHRS,False,,,
2026-09-29,1991635,Traditional Pie And Mash Company,Mobile caterer,57 Herbert Road,Rainham,Gillingham,Medway,ME8 9DA,Medway,AwaitingInspection,,FHRS,False,51.3597004,0.6031797,"57 Herbert Road, Rainham, Gillingham, Medway, ME8 9DA"
2026-09-29,1990387,Willobeans Espresso Bar,Mobile caterer,6 Blean Road,Twydall,Gillingham,Medway,ME8 6UD,Medway,AwaitingInspection,,FHRS,False,51.3700573,0.5854865,"6 Blean Road, Twydall, Gillingham, Medway, ME8 6UD"
2026-09-29,1992316,Big Baps Mobile Catering,Mobile caterer,,,,,,Durham,AwaitingInspection,,FHRS,False,,,
2026-09-29,1992328,Janies Pantry,Mobile caterer,,,,,,Durham,AwaitingInspection,,FHRS,False,,,
2026-09-29,1992307,Kneadtoeatpizza,Mobile caterer,,,,,,Durham,AwaitingInspection,,FHRS,False,,,
2026-09-29,1930187,The coffee mobile catering unit,Mobile caterer,,,,,,Durham,5,2025-09-18,FHRS,False,,,
2026-09-29,1992256,The Cook House,Mobile caterer,A68 (FROM THE LODGE TO COUNTY BOUNDARY AT ROYAL OAK),,BILDERSHAW,,DL2 2UJ,Durham,4,2026-05-06,FHRS,False,,,"A68 (FROM THE LODGE TO COUNTY BOUNDARY AT ROYAL OAK), BILDERSHAW, DL2 2UJ"
2026-09-29,1992246,The Crown Outdoors,Mobile caterer,THE CROWN,,MICKLETON,,DL12 0JZ,Durham,5,2026-03-26,FHRS,False,,,"THE CROWN, MICKLETON, DL12 0JZ"
2026-09-29,1930184,The hog roast mobile catering unit,Mobile caterer,,,,,,Durham,4,2025-09-18,FHRS,False,,,
2026-09-29,1930186,The large multipurpose mobile catering unit,Mobile caterer,,,,,,Durham,4,2025-09-18,FHRS,False,,,
2026-09-29,1930185,The shawarma mobile catering unit,Mobile caterer,,,,,,Durham,4,2025-09-18,FHRS,False,,,
2026-09-29,1992028,Authentic Shashlik,Mobile caterer,,,,,,Bedford,AwaitingInspection,,FHRS,False,,,
2026-09-29,1990266,Imogen's Coffee Co,Mobile caterer,,,,,,North Hertfordshire,AwaitingInspection,,FHRS,False,,,
2026-09-29,1989926,Astrid's Cake Shed,Mobile caterer,,,,,,Walsall,AwaitingInspection,,FHRS,False,,,
2026-09-29,1989925,Cleo's Goodies,Mobile caterer,,,,,,Walsall,AwaitingInspection,,FHRS,False,,,
2026-09-29,1989928,Lucy's Country Larder,Mobile caterer,,,,,,Walsall,AwaitingInspection,,FHRS,False,,,
2026-09-29,1989940,Prancing Pony Bakery,Mobile caterer,,,,,,Walsall,AwaitingInspection,,FHRS,False,,,
2026-09-29,1989934,The Nippy Chippy,Mobile caterer,,,,,,Walsall,AwaitingInspection,,FHRS,False,,,
2026-09-29,1991451,Ciao Napoli pizzeria,Mobile caterer,,,,,,Telford and Wrekin Council,AwaitingInspection,,FHRS,False,,,
2026-09-29,1989290,Lola's Caribbean Kitchen,Mobile caterer,,,,,,Telford and Wrekin Council,AwaitingInspection,,FHRS,False,,,
2026-09-29,1990481,John Bird Catering,Mobile caterer,Halo Stand,Christie Way,Morecambe,Lancashire,LA4 4TB,Lancaster City,AwaitingInspection,,FHRS,True,,,"Halo Stand, Christie Way, Morecambe, Lancashire, LA4 4TB"
2026-09-29,1988767,Moody Mare,Mobile caterer,Winder Barn,Milnthorpe Road,Yealand Conyers,Carnforth,LA5 9RJ,Lancaster City,AwaitingInspection,,FHRS,False,54.1677016,-2.7503872,"Winder Barn, Milnthorpe Road, Yealand Conyers, Carnforth, LA5 9RJ"
2026-09-29,1991877,LJ's,Mobile caterer,,,,,,Bridgend,AwaitingInspection,,FHRS,False,,,
2026-09-29,1989742,Kim’s Katering,Mobile caterer,,,,,,Doncaster,AwaitingInspection,,FHRS,False,,,
2026-09-29,1991877,LJ's,Mobile caterer,,,,,,Pen-y-bont ar Ogwr,AwaitingInspection,,FHRS,False,,,
2026-09-29,1989907,Critical Fries,Mobile caterer,Unit 7 Phoenix Works Windsor Road,,Bexhill,East Sussex,TN39 3PE,Rother,AwaitingInspection,,FHRS,False,50.8426637,0.4673027,"Unit 7 Phoenix Works Windsor Road, Bexhill, East Sussex, TN39 3PE"
2026-09-29,1989903,L J’s Food On The Move,Mobile caterer,Car Park Battle Railway Station Station Road,,Battle,East Sussex,TN33 0DE,Rother,5,2026-05-26,FHRS,False,50.9129787,0.4948605,"Car Park Battle Railway Station Station Road, Battle, East Sussex, TN33 0DE"
2026-09-29,1991250,Indie Street Kitchen,Mobile caterer,,,,,,Middlesbrough,AwaitingInspection,,FHRS,False,,,
2026-09-29,1990890,Chennai Dosa,Mobile caterer,,,,,,Dartford,AwaitingInspection,,FHRS,False,,,
2026-09-29,1990894,Chillaz,Mobile caterer,,,,,,Dartford,AwaitingInspection,,FHRS,False,,,
2026-09-29,1159563,Daisy & Co Catering Company,Mobile caterer,,,,,,Wychavon,5,2025-09-11,FHRS,False,,,
2026-09-29,1990728,Steph's Kitchen,Mobile caterer,,,,,,Wychavon,AwaitingInspection,,FHRS,False,,,
2026-09-29,1989435,Fold and Bite,Mobile caterer,,,,,,Harrow,AwaitingInspection,,FHRS,False,,,
2026-09-29,1992128,Blue Hayes,Mobile caterer,113 Latimer Street,,Liverpool,,L5 2RF,Liverpool,AwaitingInspection,,FHRS,False,,,"113 Latimer Street, Liverpool, L5 2RF"
2026-09-29,1991664,Bumblebee Breakfast and Burgers,Mobile caterer,20 Warren Drive,,Prestatyn,,LL19 7HT,Denbighshire,AwaitingInspection,,FHRS,False,53.3401789,-3.3958233,"20 Warren Drive, Prestatyn, LL19 7HT"
2026-09-29,1989406,Big Smoke Kitchen Limited,Mobile caterer,Brixton Market,Electric Avenue,London,,,Lambeth,AwaitingInspection,,FHRS,False,,,"Brixton Market, Electric Avenue, London"
2026-09-29,1990863,The Daily Sip,Mobile caterer,,,,,,Lambeth,AwaitingInspection,,FHRS,False,,,
2026-09-29,1991594,Coffee by Ella,Mobile caterer,Unit 12a Pant Industrial Estate,Pant,Merthyr Tydfil,,CF48 2SR,Merthyr Tydfil,AwaitingInspection,,FHRS,False,51.7691571,-3.3685152,"Unit 12a Pant Industrial Estate, Pant, Merthyr Tydfil, CF48 2SR"
2026-09-29,1988855,JLSY,Mobile caterer,,,,,,Milton Keynes,AwaitingInspection,,FHRS,False,,,
2026-09-29,1988878,M&M Event Hub,Mobile caterer,,,,,,Milton Keynes,AwaitingInspection,,FHRS,False,,,
2026-09-29,1988853,Sourdough Pizza Co,Mobile caterer,,,,,,Milton Keynes,AwaitingInspection,,FHRS,False,,,
2026-09-29,1988872,Tasty Turkish Kebab MK,Mobile caterer,Trading Location. Merton Drive Redmoor Milton Keynes,,,,,Milton Keynes,AwaitingInspection,,FHRS,False,,,Trading Location. Merton Drive Redmoor Milton Keynes
2026-09-29,1988875,The Coffee Pod,Mobile caterer,,,,,,Milton Keynes,AwaitingInspection,,FHRS,False,,,
2026-09-29,1990942,9 Coffee Van,Mobile caterer,,,,,,Mid Sussex,AwaitingInspection,,FHRS,False,,,
2026-09-29,1990950,Brighton Tropical Gardens,Mobile caterer,,,,,,Mid Sussex,AwaitingInspection,,FHRS,False,,,
2026-09-29,1988880,The Patchworks,Mobile caterer,,,,,,High Peak,AwaitingInspection,,FHRS,False,,,
2026-09-29,1992170,Cherise's Daddy Kitchen,Mobile caterer,,,,,,Sutton,Exempt,,FHRS,False,,,
2026-09-29,1988704,Lucy Mitchell (Moveable Establishment),Mobile caterer,,,,,,Fife,Awaiting Inspection,2026-09-11,FHIS,False,,,
2026-09-29,1988701,Manila Grill Food Truck- Trading At Fulmar Way,Mobile caterer,,,,,,Fife,Awaiting Inspection,2026-09-07,FHIS,False,,,
2026-09-29,1988708,The Snack Van,Mobile caterer,,,,,,Fife,Awaiting Inspection,2026-09-16,FHIS,False,,,
2026-09-29,1990660,Guju Grill,Mobile caterer,,,,,,Central Bedfordshire,AwaitingInspection,,FHRS,False,,,
2026-09-29,1990682,Kicking Fried Chicken,Mobile caterer,Swedish Cottages,4 Barton Road,Streatley,Luton,LU3 3PU,Central Bedfordshire,AwaitingInspection,,FHRS,False,51.9389767,-0.434796,"Swedish Cottages, 4 Barton Road, Streatley, Luton, LU3 3PU"
2026-09-29,1990663,MaLa BBQ,Mobile caterer,,,,,,Central Bedfordshire,AwaitingInspection,,FHRS,False,,,
2026-09-29,1990675,Slice Pizza Co,Mobile caterer,160 Lower Shelton Road,Marston Moreteyne,Bedford,,MK43 0LS,Central Bedfordshire,AwaitingInspection,,FHRS,False,52.0787586,-0.5527009,"160 Lower Shelton Road, Marston Moreteyne, Bedford, MK43 0LS"
2026-09-29,1990672,The Donut Hut,Mobile caterer,,,,,,Central Bedfordshire,AwaitingInspection,,FHRS,False,,,
2026-09-29,1990674,Uncle Jim's Food & Drink,Mobile caterer,Layby East-West A507 near Boundary Farm,Baldock Road,Stotfold,Hitchin,SG5 4BN,Central Bedfordshire,AwaitingInspection,,FHRS,False,,,"Layby East-West A507 near Boundary Farm, Baldock Road, Stotfold, Hitchin, SG5 4BN"
2026-09-29,1991866,YAPA COFFEE,Mobile caterer,,,,,,Merton,AwaitingInspection,,FHRS,False,,,
2026-09-29,1990343,Matchallama,Mobile caterer,,,,,,Bexley,AwaitingInspection,,FHRS,False,,,
2026-09-29,1990349,Pebbles & Pip Sweets,Mobile caterer,,,,,,Bexley,AwaitingInspection,,FHRS,False,,,
2026-09-29,1990352,Really Awesome Coffee Dartford,Mobile caterer,,,,,,Bexley,AwaitingInspection,,FHRS,False,,,
2026-09-29,1976381,Paco'S Rolls,Mobile caterer,133 - 141 Forton Road,Gosport,,,PO12 4TQ,Gosport,AwaitingInspection,,FHRS,True,50.7992586,-1.1394708,"133 - 141 Forton Road, Gosport, PO12 4TQ"
2026-09-29,1988797,Clowdz,Mobile caterer,Mobile,Various Locations,Trading in West Lothian,,EH54 6FF,West Lothian,Awaiting Inspection,2026-08-27,FHIS,False,55.88695,-3.516103,"Mobile, Various Locations, Trading in West Lothian, EH54 6FF"
2026-09-29,1944318,Etched & Crafted,Mobile caterer,,Home Bakery Business,,,,Aberdeenshire,Pass,2026-05-12,FHIS,False,,,Home Bakery Business
2026-09-29,1991105,The Fire Kitchen,Mobile caterer,The Chapel Inn,Market Hill,Coggeshall,Essex,CO6 1TS,Braintree,5,2026-07-29,FHRS,False,,,"The Chapel Inn, Market Hill, Coggeshall, Essex, CO6 1TS"
2026-09-29,1990708,Kweenies,Mobile caterer,,,,,,Bromsgrove,AwaitingInspection,,FHRS,False,,,
2026-09-29,1991703,Cabin By The Quay,Mobile caterer,,,,,,Tendring,AwaitingInspection,,FHRS,False,,,
2026-09-29,1991913,BAO SELECTA,Mobile caterer,2 Franklen Road,Whitchurch,Cardiff,,CF14 1HR,Cardiff,AwaitingInspection,,FHRS,False,51.5090012,-3.2064165,"2 Franklen Road, Whitchurch, Cardiff, CF14 1HR"
2026-09-29,1990079,Pig & Loaf,Mobile caterer,,,,,,Cardiff,AwaitingInspection,,FHRS,False,,,
2026-09-29,1990064,Sweet Jamaica,Mobile caterer,237 Cowbridge Road West,Caerau,Cardiff,,CF5 5TD,Cardiff,AwaitingInspection,,FHRS,False,51.4754801,-3.2492051,"237 Cowbridge Road West, Caerau, Cardiff, CF5 5TD"
2026-09-29,1990323,Good dog,Mobile caterer,,,,,,Southwark,AwaitingInspection,,FHRS,False,,,
2026-09-29,1991487,Sips,Mobile caterer,,,,,,Lewes,AwaitingInspection,,FHRS,False,,,
2026-09-29,1991963,James Does Food,Mobile caterer,,,,,,Rotherham,AwaitingInspection,,FHRS,False,,,
2026-09-29,1991969,MOSS & EMBER,Mobile caterer,,73 Tickhill Road,Maltby,Rotherham,S66 7NG,Rotherham,AwaitingInspection,,FHRS,False,53.422526,-1.193999,"73 Tickhill Road, Maltby, Rotherham, S66 7NG"
2026-09-29,1982709,Slice & ICE,Mobile caterer,,,,,,Rotherham,AwaitingInspection,,FHRS,False,,,
2026-09-29,1991223,V2V Events,Mobile caterer,,,,,,Northumberland,AwaitingInspection,,FHRS,False,,,
2026-09-29,1991427,Sophie Snack Bar,Mobile caterer,,,,,,North Lincolnshire,AwaitingInspection,,FHRS,False,,,
2026-09-29,1991421,The Spud Machine,Mobile caterer,Unit 4c,Harrier Road,Humber Bridge Industrial Estate,Barton Upon Humber,DN18 5RP,North Lincolnshire,AwaitingInspection,,FHRS,False,53.6883418,-0.4275317,"Unit 4c, Harrier Road, Humber Bridge Industrial Estate, Barton Upon Humber, DN18 5RP"
2026-09-29,1991175,Kevin Wilson (Trading at Standish St Wilfrids FC),Mobile caterer,,,,,,Wigan,AwaitingInspection,,FHRS,False,,,
2026-09-29,1989485,Passing Place Pizza,Mobile caterer,,,,,,Dumfries and Galloway,Awaiting Inspection,2026-08-24,FHIS,False,,,
2026-09-29,1991206,The Little Pancake Corner,Mobile caterer,,,,,,Fylde,AwaitingInspection,,FHRS,False,,,
2026-09-29,1990907,Kandy Kayla,Mobile caterer,Walton Hall Farm,Waltons Hall Road,Linford,Essex,SS17 0RH,Thurrock,5,2026-07-08,FHRS,False,51.494642,0.412482,"Walton Hall Farm, Waltons Hall Road, Linford, Essex, SS17 0RH"
2026-09-30,1454744,Zak in the box,Mobile caterer,,38 Llwyn Helyg,Waunceirch,Neath,SA10 7BZ,Neath Port Talbot,5,2024-03-19,FHRS,False,,,"38 Llwyn Helyg, Waunceirch, Neath, SA10 7BZ"
2026-09-30,1454744,Zak in the box,Mobile caterer,,38 Llwyn Helyg,Waunceirch,Neath,SA10 7BZ,Castell-nedd Port Talbot,5,2024-03-19,FHRS,False,,,"38 Llwyn Helyg, Waunceirch, Neath, SA10 7BZ"
2026-09-30,1992866,Dotty About Ice Cream,Mobile caterer,,,,,,Cheshire West and Chester,AwaitingInspection,,FHRS,False,,,
2026-09-30,1992865,Eire Coffee,Mobile caterer,,,,,,Cheshire West and Chester,AwaitingInspection,,FHRS,False,,,
2026-09-30,1992856,Jodie's Coffee & Matcha,Mobile caterer,,,,,,Cheshire West and Chester,AwaitingInspection,,FHRS,False,,,
2026-09-30,1992848,The grazing spot,Mobile caterer,,,,,,Cheshire West and Chester,AwaitingInspection,,FHRS,False,,,
2026-09-30,1992743,Dakshin Spice,Mobile caterer,Temporary Mobile Food Unit Chelsea Grove,,Newcastle Upon Tyne,,,Newcastle Upon Tyne,AwaitingInspection,,FHRS,False,,,"Temporary Mobile Food Unit Chelsea Grove, Newcastle Upon Tyne"
2026-09-30,1992731,Filto Roll’n Bar,Mobile caterer,19 Back Goldspink Lane,,Newcastle Upon Tyne,,NE2 1NU,Newcastle Upon Tyne,AwaitingInspection,,FHRS,False,54.9830396,-1.5959347,"19 Back Goldspink Lane, Newcastle Upon Tyne, NE2 1NU"
2026-09-30,1992756,The Loaded Dawg,Mobile caterer,105 Acanthus Avenue,,Newcastle Upon Tyne,,NE4 9YE,Newcastle Upon Tyne,AwaitingInspection,,FHRS,False,54.9812651,-1.6624212,"105 Acanthus Avenue, Newcastle Upon Tyne, NE4 9YE"
2026-09-30,1992711,Belle?s Kitchen,Mobile caterer,,,,,,Mid Suffolk,AwaitingInspection,,FHRS,False,,,
2026-09-30,1992797,LEBAN ON WHEELS,Mobile caterer,,,,,,Somerset,AwaitingInspection,,FHRS,False,,,
2026-09-30,1992790,Mr.Kebaba,Mobile caterer,,2 Vale Road,Pen Mill Trading Estate,Yeovil,BA21 5HL,Somerset,AwaitingInspection,,FHRS,False,50.9488798,-2.6073978,"2 Vale Road, Pen Mill Trading Estate, Yeovil, BA21 5HL"
2026-09-30,1992777,Fresh Olives,Mobile caterer,,,,,,Leeds,AwaitingInspection,,FHRS,False,,,
2026-09-30,1992760,Spuddys For You,Mobile caterer,1 Lockside Road,Stourton,Leeds,,LS10 1EP,Leeds,AwaitingInspection,,FHRS,False,53.7741373,-1.5102661,"1 Lockside Road, Stourton, Leeds, LS10 1EP"
2026-09-30,1992758,The Coffee Department,Mobile caterer,,,,,,Leeds,AwaitingInspection,,FHRS,False,,,
